Time,S4_Humidity,S4_Temperature,S6_Humidity,S6_Temperature,S12_Humidity,S12_Temperature,S18_Humidity,S18_Temperature,S19_Humidity,S19_Temperature,S24_Humidity,S24_Temperature,S25_Humidity,S25_Temperature,S26_Humidity,S26_Temperature,lamp,heater,fan,ac,Bedroom 2 to Bathroom,Bedroom 1 to Living Room,Living Room to Kitchen,Living Room to Bathroom,Bedroom 1 to Bathroom,Living Room to Outside,Bedroom 1 to Outside,Bedroom 1 Left Window,Living Room Left Window,Bedroom 2 Right Window,Kitchen Right Window,Bedroom 2 Back Window,Living Room Front Window,Kitchen Front Window,Bedroom 1 Back Window
17:58:59,52.1,71.6,53.2,71.1,52.2,71.6,52.5,71.6,53.7,71.2,53.6,71.4,52.4,71.2,52.4,71.8,0,0,0,0,0,0,0,0,0,0,0,0,0,0,0,0,0,0,0
17:59:05,52.5,71.1,53.2,71.1,52.1,71.4,52.1,71.4,53.7,71.2,53.7,71.2,52.3,71.2,52.5,71.4,0,0,0,0,0,0,0,0,0,0,0,0,0,0,0,0,0,0,0
17:59:05,52.5,71.1,53.2,71.1,52.1,71.4,52.1,71.4,53.7,71.2,53.7,71.2,52.3,71.2,52.5,71.4,0,1,0,0,1,0,0,0,0,0,0,0,0,0,0,0,0,0,0
17:59:07,52.5,71.1,53.2,71.1,52.1,71.4,52.1,71.4,53.7,71.2,53.7,71.2,52.3,71.2,52.5,71.4,0,1,0,0,0,0,0,0,0,0,0,0,0,0,0,0,0,0,0
17:59:19,52.5,71.1,53.2,71.1,52.1,71.4,52.1,71.4,53.7,71.2,53.7,71.2,52.3,71.2,52.5,71.4,0,1,0,0,1,0,0,0,0,0,0,0,0,0,0,0,0,0,0
17:59:37,52.5,70.9,53.2,71.1,52.1,71.4,52.1,71.4,53.7,71.2,53.8,71.4,52.3,71.2,52.4,71.6,0,1,0,0,1,0,0,0,0,0,0,0,0,0,0,0,0,0,0
17:59:39,52.5,70.9,53.2,71.1,52.1,71.4,52.1,71.4,53.7,71.2,53.8,71.4,52.3,71.2,52.4,71.6,0,1,0,0,0,0,0,0,0,0,0,0,0,0,0,0,0,0,0
17:59:56,52.5,70.9,53.2,71.1,52.1,71.4,52.1,71.4,53.7,71.2,53.8,71.4,52.3,71.2,52.4,71.6,0,1,0,0,1,0,0,0,0,0,0,0,0,0,0,0,0,0,0
17:59:59,52.4,71.1,53.1,71.1,52.0,71.4,52.1,71.2,53.7,71.2,53.7,71.2,52.3,71.2,52.4,71.6,0,1,0,0,1,0,0,0,0,0,0,0,0,0,0,0,0,0,0
18:00:01,52.4,71.1,53.1,71.1,52.0,71.4,52.1,71.2,53.7,71.2,53.7,71.2,52.3,71.2,52.4,71.6,0,1,0,0,0,0,0,0,0,0,0,0,0,0,0,0,0,0,0
18:00:11,52.4,71.1,53.1,71.1,52.0,71.4,52.1,71.2,53.7,71.2,53.7,71.2,52.3,71.2,52.4,71.6,0,1,0,0,0,0,0,1,0,0,0,0,0,0,0,0,0,0,0
18:00:13,52.4,71.1,53.1,71.1,52.0,71.4,52.1,71.2,53.7,71.2,53.7,71.2,52.3,71.2,52.4,71.6,0,1,0,0,0,0,0,0,0,0,0,0,0,0,0,0,0,0,0
18:00:14,52.4,71.1,53.1,71.1,52.0,71.4,52.1,71.2,53.7,71.2,53.7,71.2,52.3,71.2,52.4,71.6,0,1,0,0,0,0,0,0,0,0,0,0,0,0,0,0,0,0,0
18:00:23,52.4,70.9,53.1,71.1,51.9,71.4,52.1,71.4,53.7,71.2,53.8,71.2,52.2,71.2,52.2,71.6,0,1,0,0,0,0,0,0,0,0,0,0,0,0,0,0,0,0,0
18:00:33,52.4,70.9,53.1,71.1,51.9,71.4,52.1,71.4,53.7,71.2,53.8,71.2,52.2,71.2,52.2,71.6,0,1,0,0,0,0,1,0,0,0,0,0,0,0,0,0,0,0,0
18:00:34,52.4,71.1,53.0,71.1,51.9,71.4,52.0,71.2,53.7,71.4,53.7,71.2,52.2,71.2,52.2,71.6,0,1,0,0,0,0,1,0,0,0,0,0,0,0,0,0,0,0,0
18:00:36,52.4,71.1,53.0,71.1,51.9,71.4,52.0,71.2,53.7,71.4,53.7,71.2,52.2,71.2,52.2,71.6,0,1,0,0,0,0,0,0,0,0,0,0,0,0,0,0,0,0,0
18:00:53,52.4,71.1,53.0,71.1,51.9,71.4,52.0,71.2,53.7,71.4,53.7,71.2,52.2,71.2,52.2,71.6,0,1,0,0,0,0,1,0,0,0,0,0,0,0,0,0,0,0,0
18:01:16,52.5,70.9,53.0,71.1,51.9,71.4,52.0,71.4,53.6,71.2,53.8,71.2,52.2,71.2,52.2,71.6,0,1,0,0,0,0,1,0,0,0,0,0,0,0,0,0,0,0,0
18:01:18,52.5,70.9,53.0,71.1,51.9,71.4,52.0,71.4,53.6,71.2,53.8,71.2,52.2,71.2,52.2,71.6,0,1,0,0,0,0,0,0,0,0,0,0,0,0,0,0,0,0,0
18:01:30,52.4,70.9,53.0,71.1,51.8,71.4,51.9,71.4,53.6,71.2,53.7,71.2,52.1,71.2,52.2,71.6,0,1,0,0,0,0,0,0,0,0,0,0,0,0,0,0,0,0,0
18:01:38,52.4,70.9,53.0,71.1,51.8,71.4,51.9,71.4,53.6,71.2,53.7,71.2,52.1,71.2,52.2,71.6,0,1,0,0,0,0,0,1,0,0,0,0,0,0,0,0,0,0,0
18:01:42,52.4,70.9,53.0,71.1,51.8,71.4,52.0,71.4,53.6,71.2,53.7,71.2,52.1,71.2,52.3,71.4,0,1,0,0,0,0,0,1,0,0,0,0,0,0,0,0,0,0,0
18:01:52,52.4,70.9,53.0,71.1,51.8,71.4,52.0,71.4,53.6,71.2,53.7,71.2,52.1,71.2,52.3,71.4,0,1,0,0,1,0,0,1,0,0,0,0,0,0,0,0,0,0,0
18:02:03,52.4,70.9,53.0,71.1,51.8,71.4,52.0,71.4,53.6,71.2,53.7,71.2,52.1,71.2,52.3,71.4,0,1,0,0,1,0,0,1,0,0,0,0,0,0,0,0,0,0,0
18:02:12,52.5,70.7,53.0,71.1,51.8,71.4,51.9,71.4,53.6,71.2,53.8,71.2,52.1,71.2,52.3,71.6,0,1,0,0,1,0,0,1,0,0,0,0,0,0,0,0,0,0,0
18:02:25,52.5,70.7,53.0,71.1,51.8,71.4,51.9,71.4,53.6,71.2,53.8,71.2,52.1,71.2,52.3,71.6,0,1,0,0,0,0,0,1,0,0,0,0,0,0,0,0,0,0,0
18:02:32,52.5,70.7,53.0,71.1,51.7,71.4,51.9,71.2,53.6,71.2,53.7,71.1,52.1,71.2,52.1,71.4,0,1,0,0,0,0,0,1,0,0,0,0,0,0,0,0,0,0,0
18:02:34,52.5,70.7,53.0,71.1,51.7,71.4,51.9,71.2,53.6,71.2,53.7,71.1,52.1,71.2,52.1,71.4,0,1,0,0,0,0,0,0,0,0,0,0,0,0,0,0,0,0,0
18:02:44,52.5,70.7,53.0,71.1,51.7,71.4,51.9,71.2,53.6,71.2,53.7,71.1,52.1,71.2,52.1,71.4,0,1,0,0,0,0,0,0,0,1,0,0,0,0,0,0,0,0,0
18:02:46,52.5,70.7,53.0,71.1,51.7,71.4,51.9,71.2,53.6,71.2,53.7,71.1,52.1,71.2,52.1,71.4,0,1,0,0,0,0,0,0,0,0,0,0,0,0,0,0,0,0,0
18:02:48,52.5,70.7,53.0,71.1,51.7,71.4,51.9,71.2,53.6,71.2,53.7,71.1,52.1,71.2,52.1,71.4,0,1,0,0,0,0,0,0,0,0,0,0,0,0,0,0,0,0,0
18:02:50,52.5,70.7,53.0,71.1,51.7,71.4,51.9,71.2,53.6,71.2,53.7,71.1,52.1,71.2,52.1,71.4,0,1,0,0,0,0,0,0,0,0,0,0,0,0,0,0,0,0,0
18:02:52,52.5,70.8,53.0,70.9,51.8,71.4,51.9,71.2,53.6,71.2,53.8,71.2,52.1,71.2,52.1,71.6,1,0,0,1,0,0,0,0,0,0,0,0,0,0,0,0,0,0,0
18:03:02,52.4,70.8,53.0,70.9,51.8,71.4,51.9,71.2,53.6,71.2,53.8,71.2,52.1,71.2,52.1,71.6,1,1,0,0,0,0,0,0,0,0,0,0,0,0,0,0,0,0,0
18:03:19,52.4,70.9,53.0,70.9,51.7,71.4,51.9,71.2,53.5,71.2,53.7,71.2,52.1,71.2,52.1,71.6,1,1,0,0,0,0,0,0,0,0,0,0,0,0,0,0,0,0,0
18:03:22,52.6,71.1,53.1,71.1,51.7,71.4,51.9,71.2,53.6,71.2,53.9,71.1,52.0,71.2,52.0,71.4,1,1,0,0,0,0,0,0,0,0,0,0,0,0,0,0,0,0,0
18:03:34,52.6,71.1,53.1,71.1,51.7,71.4,51.9,71.2,53.6,71.2,53.9,71.1,52.0,71.2,52.0,71.4,1,0,0,1,0,0,0,0,0,0,0,0,0,0,0,0,0,0,0
18:03:52,52.6,71.1,53.1,71.1,51.6,71.4,51.9,71.2,53.6,71.2,53.9,71.2,52.1,71.2,52.1,71.4,1,0,0,1,0,0,0,0,0,0,0,0,0,0,0,0,0,0,0
18:04:04,52.6,71.1,53.1,71.1,51.6,71.4,51.9,71.2,53.6,71.2,53.9,71.2,52.1,71.2,52.1,71.4,1,1,0,0,0,0,0,0,0,0,0,0,0,0,0,0,0,0,0
18:04:16,52.4,71.4,53.1,71.1,51.7,71.4,51.9,71.2,53.6,71.2,53.8,71.2,52.2,71.2,52.2,71.4,1,1,0,0,0,0,0,0,0,0,0,0,0,0,0,0,0,0,0
18:04:22,52.1,71.6,53.2,71.1,51.7,71.4,51.9,71.2,53.7,71.2,53.8,71.2,52.2,71.2,52.2,71.4,1,1,0,0,0,0,0,0,0,0,0,0,0,0,0,0,0,0,0
18:04:44,52.1,71.6,53.3,71.1,51.8,71.4,51.9,71.2,53.7,71.2,53.8,71.2,52.2,71.2,52.2,71.4,1,0,0,1,0,0,0,0,0,0,0,0,0,0,0,0,0,0,0
18:04:52,52.1,71.6,53.4,71.1,51.8,71.4,52.2,71.2,53.7,71.2,53.9,71.2,52.2,71.2,52.2,71.4,1,0,0,1,0,0,0,0,0,0,0,0,0,0,0,0,0,0,0
18:05:06,52.1,71.6,53.4,71.1,51.8,71.4,52.2,71.2,53.7,71.2,53.9,71.2,52.2,71.2,52.2,71.4,1,1,0,0,0,0,0,0,0,0,0,0,0,0,0,0,0,0,0
18:05:22,52.0,72.0,53.6,71.1,51.9,71.4,52.4,71.2,54.0,71.2,53.9,71.2,52.3,71.4,52.3,71.4,1,1,0,0,0,0,0,0,0,0,0,0,0,0,0,0,0,0,0
18:05:26,52.0,72.0,53.6,71.1,51.9,71.4,52.4,71.2,54.0,71.2,53.9,71.2,52.3,71.4,52.3,71.4,1,0,0,1,0,0,0,0,0,0,0,0,0,0,0,0,0,0,0
18:05:52,52.0,72.0,53.5,71.1,52.0,71.4,52.4,71.2,54.0,71.2,53.9,71.4,52.2,71.4,52.3,71.4,1,0,0,1,0,0,0,0,0,0,0,0,0,0,0,0,0,0,0
18:05:53,52.0,72.0,53.5,71.1,52.0,71.4,52.4,71.2,54.0,71.2,53.9,71.4,52.2,71.4,52.3,71.4,1,1,0,0,0,0,0,0,0,0,0,0,0,0,0,0,0,0,0
18:06:11,51.9,72.3,53.6,71.1,52.0,71.4,52.6,71.2,53.9,71.2,53.9,71.4,52.2,71.4,52.5,71.6,1,1,0,0,0,0,0,0,0,0,0,0,0,0,0,0,0,0,0
18:06:22,51.9,72.5,53.9,71.2,52.1,71.4,52.7,71.4,54.2,71.2,54.0,71.4,52.2,71.6,52.5,71.6,1,1,0,0,0,0,0,0,0,0,0,0,0,0,0,0,0,0,0
18:06:30,51.9,72.5,53.9,71.2,52.1,71.4,52.7,71.4,54.2,71.2,54.0,71.4,52.2,71.6,52.5,71.6,1,0,0,1,0,0,0,0,0,0,0,0,0,0,0,0,0,0,0
18:06:52,51.9,72.5,53.9,71.2,52.3,71.4,52.9,71.2,54.2,71.3,53.9,71.4,52.2,71.6,52.6,71.4,1,0,0,1,0,0,0,0,0,0,0,0,0,0,0,0,0,0,0
18:06:55,51.9,72.5,53.9,71.2,52.3,71.4,52.9,71.2,54.1,71.3,53.9,71.4,52.2,71.6,52.6,71.4,1,1,0,0,0,0,0,0,0,0,0,0,0,0,0,0,0,0,0
18:07:18,51.8,72.7,53.9,71.2,52.3,71.4,53.0,71.2,54.1,71.4,54.0,71.4,52.2,71.6,52.7,71.4,1,1,0,0,0,0,0,0,0,0,0,0,0,0,0,0,0,0,0
18:07:22,51.8,72.9,54.2,71.4,52.3,71.4,53.2,71.2,54.3,71.4,53.9,71.4,52.2,71.8,52.7,71.6,1,1,0,0,0,0,0,0,0,0,0,0,0,0,0,0,0,0,0
18:07:32,51.8,72.9,54.2,71.4,52.3,71.4,53.2,71.2,54.3,71.4,53.9,71.4,52.2,71.8,52.7,71.6,1,0,0,1,0,0,0,0,0,0,0,0,0,0,0,0,0,0,0
18:07:52,51.7,72.9,54.1,71.4,52.4,71.4,53.3,71.4,54.2,71.4,53.9,71.6,52.2,72.0,52.8,71.6,1,0,0,1,0,0,0,0,0,0,0,0,0,0,0,0,0,0,0
18:08:00,51.7,72.9,54.1,71.4,52.4,71.4,53.3,71.4,54.2,71.4,53.9,71.6,52.2,72.0,52.8,71.6,1,1,0,0,0,0,0,0,0,0,0,0,0,0,0,0,0,0,0
18:08:14,51.8,73.2,54.5,71.4,52.5,71.4,53.6,71.4,54.2,71.6,53.9,71.8,52.2,72.0,52.9,71.6,1,1,0,0,0,0,0,0,0,0,0,0,0,0,0,0,0,0,0
18:08:22,51.5,73.4,54.5,71.6,52.6,71.4,53.6,71.4,54.5,71.6,53.9,71.8,52.2,72.0,53.1,71.6,1,1,0,0,0,0,0,0,0,0,0,0,0,0,0,0,0,0,0
18:08:44,51.5,73.4,54.5,71.6,52.6,71.4,53.6,71.4,54.5,71.6,53.9,71.8,52.2,72.0,53.1,71.6,1,0,0,1,0,0,0,0,0,0,0,0,0,0,0,0,0,0,0
18:08:52,51.5,73.5,54.5,71.6,52.8,71.6,53.9,71.4,54.5,71.6,53.9,71.8,52.2,72.1,53.2,71.6,1,0,0,1,0,0,0,0,0,0,0,0,0,0,0,0,0,0,0
18:09:04,51.4,73.7,54.5,71.6,52.8,71.6,53.9,71.4,54.5,71.6,53.9,71.8,52.2,72.1,53.2,71.6,1,1,0,0,0,0,0,0,0,0,0,0,0,0,0,0,0,0,0
18:09:22,51.4,73.8,54.6,71.6,52.8,71.6,53.9,71.4,54.5,71.6,53.9,72.0,52.2,72.1,53.2,71.6,1,1,0,0,0,0,0,0,0,0,0,0,0,0,0,0,0,0,0
18:09:37,51.4,73.8,54.6,71.6,52.8,71.6,53.9,71.4,54.5,71.6,53.9,72.0,52.1,72.1,53.2,71.6,1,0,0,1,0,0,0,0,0,0,0,0,0,0,0,0,0,0,0
18:09:51,51.3,73.9,54.8,71.6,53.0,71.6,54.0,71.4,54.6,71.6,54.0,72.0,52.1,72.1,53.3,71.6,1,0,0,1,0,0,0,0,0,0,0,0,0,0,0,0,0,0,0
18:09:52,51.3,73.9,54.9,71.6,53.0,71.6,54.2,71.4,54.6,71.6,54.0,72.1,52.2,72.3,53.4,71.6,1,0,0,1,0,0,0,0,0,0,0,0,0,0,0,0,0,0,0
18:10:14,51.3,73.9,54.9,71.6,53.0,71.6,54.2,71.4,54.6,71.6,54.0,72.1,52.2,72.3,53.4,71.6,1,1,0,0,0,0,0,0,0,0,0,0,0,0,0,0,0,0,0
18:10:22,51.2,74.1,55.0,71.8,53.0,71.6,54.2,71.4,54.6,71.6,54.0,72.3,52.2,72.3,53.5,71.6,1,1,0,0,0,0,0,0,0,0,0,0,0,0,0,0,0,0,0
18:10:33,51.2,74.1,55.0,71.8,53.0,71.6,54.2,71.4,54.6,71.6,54.0,72.3,52.2,72.3,53.5,71.6,1,0,0,1,0,0,0,0,0,0,0,0,0,0,0,0,0,0,0
18:10:48,51.2,74.1,55.0,71.8,53.1,71.6,54.4,71.6,54.6,71.8,54.0,72.1,52.2,72.5,53.5,71.8,1,0,0,1,0,0,0,0,0,0,0,0,0,0,0,0,0,0,0
18:10:52,51.2,74.3,55.1,71.8,53.2,71.6,54.5,71.6,54.6,71.8,54.0,72.3,52.2,72.5,53.6,71.6,1,0,0,1,0,0,0,0,0,0,0,0,0,0,0,0,0,0,0
18:11:03,51.2,74.3,55.1,71.8,53.2,71.6,54.5,71.6,54.6,71.8,54.0,72.3,52.2,72.5,53.6,71.6,1,1,0,0,0,0,0,0,0,0,0,0,0,0,0,0,0,0,0
18:11:22,51.3,74.5,55.2,71.8,53.2,71.7,54.5,71.6,54.7,71.8,54.0,72.3,52.2,72.7,53.8,71.6,1,1,0,0,0,0,0,0,0,0,0,0,0,0,0,0,0,0,0
18:11:33,51.3,74.5,55.2,71.8,53.3,71.7,54.5,71.6,54.7,71.8,54.0,72.3,52.2,72.7,53.8,71.6,1,0,0,1,0,0,0,0,0,0,0,0,0,0,0,0,0,0,0
18:11:52,51.0,74.7,55.4,72.0,53.3,71.8,54.5,71.6,54.8,72.0,54.0,72.3,52.2,72.7,53.8,71.8,1,0,0,1,0,0,0,0,0,0,0,0,0,0,0,0,0,0,0
18:11:53,51.0,74.7,55.4,72.0,53.3,71.8,54.5,71.6,54.8,72.0,54.0,72.3,52.2,72.7,53.8,71.8,1,1,0,0,0,0,0,0,0,0,0,0,0,0,0,0,0,0,0
18:12:10,51.0,74.8,55.3,72.0,53.4,71.8,54.7,71.6,54.8,72.0,54.0,72.3,52.2,72.7,53.9,71.8,1,1,0,0,0,0,0,0,0,0,0,0,0,0,0,0,0,0,0
18:12:22,51.0,74.8,55.4,72.1,53.4,71.8,54.8,71.6,54.8,71.8,54.0,72.5,52.2,72.9,53.9,71.8,1,1,0,0,0,0,0,0,0,0,0,0,0,0,0,0,0,0,0
18:12:35,51.0,74.8,55.4,72.1,53.4,71.8,54.8,71.6,54.8,71.8,54.0,72.5,52.2,72.9,53.9,71.8,1,0,0,1,0,0,0,0,0,0,0,0,0,0,0,0,0,0,0
18:12:47,51.0,75.0,55.5,72.1,53.5,71.8,54.8,71.6,54.9,72.0,53.9,72.7,52.2,72.9,54.0,71.8,1,0,0,1,0,0,0,0,0,0,0,0,0,0,0,0,0,0,0
18:12:52,51.0,75.0,55.4,72.1,53.5,71.8,54.9,71.6,54.9,72.0,54.0,72.7,52.2,73.0,54.0,71.8,1,0,0,1,0,0,0,0,0,0,0,0,0,0,0,0,0,0,0
18:13:09,51.0,75.0,55.4,72.1,53.5,71.8,54.9,71.7,54.9,72.0,54.0,72.7,52.2,73.0,54.0,71.8,1,1,0,0,0,0,0,0,0,0,0,0,0,0,0,0,0,0,0
18:13:22,51.0,75.2,55.6,72.3,53.6,71.9,55.0,71.7,54.9,72.0,54.0,72.7,52.2,72.9,54.1,71.8,1,1,0,0,0,0,0,0,0,0,0,0,0,0,0,0,0,0,0
18:13:32,51.0,75.2,55.6,72.3,53.6,71.9,55.0,71.8,54.9,72.0,54.0,72.7,52.2,72.9,54.1,71.8,1,0,0,1,0,0,0,0,0,0,0,0,0,0,0,0,0,0,0
18:13:52,51.0,75.4,55.6,72.3,53.7,72.0,55.1,71.8,55.0,72.0,54.0,72.7,52.2,73.0,54.1,72.0,1,0,0,1,0,0,0,0,0,0,0,0,0,0,0,0,0,0,0
18:14:02,51.0,75.4,55.6,72.3,53.7,72.0,55.1,71.8,55.0,72.0,54.0,72.7,52.2,73.0,54.1,72.0,1,1,0,0,0,0,0,0,0,0,0,0,0,0,0,0,0,0,0
18:14:16,50.9,75.4,55.6,72.3,53.7,72.0,55.2,71.6,55.0,72.0,54.0,72.9,52.2,73.0,54.2,72.0,1,1,0,0,0,0,0,0,0,0,0,0,0,0,0,0,0,0,0
18:14:22,50.7,75.6,55.6,72.3,53.9,72.0,55.3,71.8,55.0,72.0,54.0,72.9,52.2,73.0,54.2,72.0,1,1,0,0,0,0,0,0,0,0,0,0,0,0,0,0,0,0,0
18:14:29,50.7,75.6,55.6,72.3,53.9,72.0,55.3,71.8,55.0,72.0,54.0,72.9,52.2,73.0,54.2,72.0,1,0,0,1,0,0,0,0,0,0,0,0,0,0,0,0,0,0,0
18:14:52,50.7,75.7,55.6,72.5,53.9,72.0,55.3,71.8,55.1,72.0,54.1,72.9,52.2,73.2,54.2,72.0,1,0,0,1,0,0,0,0,0,0,0,0,0,0,0,0,0,0,0
18:14:59,50.7,75.7,55.6,72.5,53.9,72.0,55.3,71.8,55.1,72.0,54.1,72.9,52.2,73.2,54.2,72.0,1,1,0,0,0,0,0,0,0,0,0,0,0,0,0,0,0,0,0
18:15:18,50.6,75.7,55.7,72.5,53.9,72.0,55.4,71.8,55.1,72.1,54.1,73.0,52.2,73.2,54.3,72.0,1,1,0,0,0,0,0,0,0,0,0,0,0,0,0,0,0,0,0
18:15:22,50.7,75.9,55.7,72.5,53.9,72.0,55.4,71.8,55.1,72.1,54.1,73.2,52.2,73.4,54.3,72.0,1,1,0,0,0,0,0,0,0,0,0,0,0,0,0,0,0,0,0
18:15:38,50.7,75.9,55.7,72.5,53.9,72.0,55.4,71.8,55.1,72.1,54.1,73.2,52.2,73.4,54.3,72.0,1,0,0,1,0,0,0,0,0,0,0,0,0,0,0,0,0,0,0
18:15:52,50.7,75.9,55.6,72.5,54.1,72.0,55.4,71.8,55.1,72.1,54.1,73.2,52.1,73.4,54.4,72.0,1,0,0,1,0,0,0,0,0,0,0,0,0,0,0,0,0,0,0
18:16:11,50.7,75.9,55.6,72.5,54.1,72.0,55.4,71.8,55.1,72.1,54.1,73.2,52.1,73.4,54.4,72.0,1,1,0,0,0,0,0,0,0,0,0,0,0,0,0,0,0,0,0
18:16:22,50.7,75.9,55.7,72.7,54.2,72.1,55.5,72.0,55.2,72.3,54.1,73.2,52.1,73.6,54.4,72.0,1,1,0,0,0,0,0,0,0,0,0,0,0,0,0,0,0,0,0
18:16:28,50.7,75.9,55.7,72.7,54.2,72.1,55.5,72.0,55.2,72.3,54.1,73.2,52.1,73.6,54.4,72.0,1,0,0,1,0,0,0,0,0,0,0,0,0,0,0,0,0,0,0
18:16:45,50.5,76.1,55.8,72.7,54.2,72.1,55.6,72.0,55.2,72.3,54.2,73.2,52.1,73.6,54.4,72.0,1,0,0,1,0,0,0,0,0,0,0,0,0,0,0,0,0,0,0
18:16:52,50.5,76.1,55.6,72.7,54.2,72.1,55.6,72.0,55.2,72.3,54.2,73.4,52.1,73.6,54.4,72.0,1,0,0,1,0,0,0,0,0,0,0,0,0,0,0,0,0,0,0
18:17:02,50.5,76.1,55.6,72.7,54.2,72.1,55.6,72.0,55.2,72.3,54.2,73.4,52.1,73.6,54.4,72.0,1,1,0,0,0,0,0,0,0,0,0,0,0,0,0,0,0,0,0
18:17:15,50.6,76.1,55.7,72.7,54.3,72.1,55.6,72.0,55.3,72.5,54.1,73.2,52.2,73.7,54.5,72.1,1,1,0,0,0,0,0,0,0,0,0,0,0,0,0,0,0,0,0
18:17:22,50.6,76.3,55.8,72.9,54.3,72.1,55.8,72.0,55.3,72.5,54.2,73.6,52.2,73.8,54.5,72.1,1,1,0,0,0,0,0,0,0,0,0,0,0,0,0,0,0,0,0
18:17:50,50.6,76.3,55.8,72.9,54.3,72.1,55.8,72.0,55.3,72.5,54.2,73.6,52.2,73.8,54.5,72.1,1,0,0,1,0,0,0,0,0,0,0,0,0,0,0,0,0,0,0
18:17:52,50.6,76.3,55.6,72.9,54.5,72.3,55.8,72.0,55.3,72.5,54.1,73.6,52.2,73.8,54.6,72.1,1,0,0,1,0,0,0,0,0,0,0,0,0,0,0,0,0,0,0
18:18:09,50.6,76.3,55.6,72.9,54.5,72.3,55.8,72.0,55.3,72.5,54.1,73.6,52.2,73.8,54.6,72.1,1,1,0,0,0,0,0,0,0,0,0,0,0,0,0,0,0,0,0
18:18:22,50.5,76.3,55.8,73.0,54.5,72.3,55.9,72.0,55.3,72.5,54.2,73.6,52.2,73.9,54.6,72.1,1,1,0,0,0,0,0,0,0,0,0,0,0,0,0,0,0,0,0
18:18:29,50.5,76.3,55.8,73.0,54.5,72.3,55.9,72.0,55.3,72.5,54.2,73.6,52.2,73.9,54.6,72.1,1,0,0,1,0,0,0,0,0,0,0,0,0,0,0,0,0,0,0
18:18:53,50.6,76.5,55.7,73.0,54.5,72.3,55.9,72.0,55.3,72.7,54.2,73.6,52.2,73.9,54.6,72.1,1,0,0,1,0,0,0,0,0,0,0,0,0,0,0,0,0,0,0
18:18:54,50.6,76.5,55.7,73.0,54.5,72.3,55.9,72.0,55.3,72.7,54.2,73.6,52.2,73.9,54.6,72.1,1,1,0,0,0,0,0,0,0,0,0,0,0,0,0,0,0,0,0
18:19:09,50.6,76.5,55.7,73.0,54.6,72.3,55.9,72.0,55.3,72.5,54.2,73.8,52.1,73.9,54.7,72.3,1,1,0,0,0,0,0,0,0,0,0,0,0,0,0,0,0,0,0
18:19:21,50.6,76.6,55.7,73.0,54.7,72.3,55.9,72.1,55.4,72.5,54.2,73.6,52.2,73.9,54.7,72.3,1,1,0,0,0,0,0,0,0,0,0,0,0,0,0,0,0,0,0
18:19:23,50.6,76.6,55.6,73.2,54.8,72.3,56.0,72.1,55.4,72.5,54.2,73.9,52.2,73.9,54.7,72.3,1,1,0,0,0,0,0,0,0,0,0,0,0,0,0,0,0,0,0
18:19:46,50.6,76.6,55.6,73.2,54.8,72.3,56.0,72.1,55.4,72.5,54.2,73.9,52.2,73.9,54.7,72.3,1,0,0,1,0,0,0,0,0,0,0,0,0,0,0,0,0,0,0
18:19:53,50.6,76.8,55.7,73.4,54.8,72.5,56.1,72.1,55.5,72.9,54.2,73.9,52.1,74.3,54.8,72.3,1,0,0,1,0,0,0,0,0,0,0,0,0,0,0,0,0,0,0
18:20:11,50.6,76.8,55.7,73.4,54.8,72.5,56.1,72.1,55.5,72.9,54.2,73.9,52.1,74.3,54.8,72.3,1,1,0,0,0,0,0,0,0,0,0,0,0,0,0,0,0,0,0
18:20:23,50.5,76.8,55.6,73.4,54.8,72.5,56.1,72.1,55.5,72.7,54.2,73.9,52.1,74.3,54.8,72.3,1,1,0,0,0,0,0,0,0,0,0,0,0,0,0,0,0,0,0
18:20:36,50.5,76.8,55.6,73.4,54.8,72.5,56.1,72.1,55.5,72.7,54.2,73.9,52.1,74.3,54.8,72.3,1,0,0,1,0,0,0,0,0,0,0,0,0,0,0,0,0,0,0
18:20:50,50.4,77.0,55.5,73.4,54.9,72.5,56.2,72.3,55.5,72.9,54.2,73.9,52.1,74.3,54.8,72.3,1,0,0,1,0,0,0,0,0,0,0,0,0,0,0,0,0,0,0
18:20:53,50.3,76.8,55.4,73.4,54.9,72.5,56.2,72.3,55.5,72.9,54.2,73.9,52.1,74.3,54.9,72.5,1,0,0,1,0,0,0,0,0,0,0,0,0,0,0,0,0,0,0
18:21:08,50.3,76.8,55.4,73.4,54.9,72.5,56.2,72.3,55.5,72.9,54.2,73.9,52.1,74.3,54.9,72.5,1,1,0,0,0,0,0,0,0,0,0,0,0,0,0,0,0,0,0
18:21:23,50.5,77.0,55.6,73.4,55.0,72.5,56.2,72.3,55.5,72.9,54.1,73.9,52.1,74.3,54.9,72.5,1,1,0,0,0,0,0,0,0,0,0,0,0,0,0,0,0,0,0
18:21:28,50.5,77.0,55.6,73.4,55.0,72.5,56.2,72.3,55.5,72.9,54.1,73.9,52.1,74.3,54.9,72.5,1,0,0,1,0,0,0,0,0,0,0,0,0,0,0,0,0,0,0
18:21:47,50.4,77.0,55.6,73.4,55.0,72.5,56.3,72.3,55.5,72.9,54.0,74.1,52.1,74.3,54.9,72.5,1,0,0,1,0,0,0,0,0,0,0,0,0,0,0,0,0,0,0
18:21:53,50.2,77.0,55.4,73.6,55.1,72.5,56.3,72.3,55.5,72.9,54.0,74.1,52.1,74.4,54.9,72.5,1,0,0,1,0,0,0,0,0,0,0,0,0,0,0,0,0,0,0
18:22:05,50.2,77.0,55.4,73.6,55.1,72.5,56.3,72.3,55.5,72.9,54.0,74.1,52.1,74.4,54.9,72.5,1,1,0,0,0,0,0,0,0,0,0,0,0,0,0,0,0,0,0
18:22:19,50.3,77.2,55.5,73.6,55.1,72.7,56.3,72.3,55.5,72.9,54.1,74.1,52.1,74.4,55.0,72.5,1,1,0,0,0,0,0,0,0,0,0,0,0,0,0,0,0,0,0
18:22:23,50.1,77.2,55.5,73.6,55.2,72.7,56.3,72.3,55.5,73.0,54.2,74.3,52.1,74.5,55.0,72.5,1,1,0,0,0,0,0,0,0,0,0,0,0,0,0,0,0,0,0
18:22:37,50.1,77.2,55.5,73.6,55.2,72.7,56.3,72.3,55.5,73.0,54.2,74.3,52.1,74.5,55.0,72.5,1,0,0,1,0,0,0,0,0,0,0,0,0,0,0,0,0,0,0
18:22:53,50.1,77.2,55.4,73.6,55.2,72.7,56.3,72.3,55.5,73.0,54.2,74.3,52.1,74.5,55.0,72.5,1,0,0,1,0,0,0,0,0,0,0,0,0,0,0,0,0,0,0
18:23:02,50.1,77.2,55.4,73.6,55.2,72.7,56.3,72.3,55.5,73.0,54.2,74.3,52.1,74.5,55.0,72.5,1,1,0,0,0,0,0,0,0,0,0,0,0,0,0,0,0,0,0
18:23:16,50.1,77.4,55.6,73.8,55.3,72.7,56.4,72.5,55.5,73.0,54.2,74.3,52.1,74.7,55.0,72.5,1,1,0,0,0,0,0,0,0,0,0,0,0,0,0,0,0,0,0
18:23:23,50.0,77.4,55.4,73.8,55.3,72.7,56.4,72.3,55.6,73.0,54.2,74.3,52.1,74.7,55.1,72.7,1,1,0,0,0,0,0,0,0,0,0,0,0,0,0,0,0,0,0
18:23:44,50.0,77.4,55.4,73.8,55.3,72.7,56.4,72.3,55.6,73.0,54.2,74.3,52.1,74.7,55.1,72.7,1,0,0,1,0,0,0,0,0,0,0,0,0,0,0,0,0,0,0
18:23:53,50.0,77.5,55.3,73.8,55.4,72.7,56.5,72.5,55.6,73.0,54.2,74.5,52.1,74.7,55.1,72.7,1,0,0,1,0,0,0,0,0,0,0,0,0,0,0,0,0,0,0
18:23:58,50.0,77.5,55.3,73.8,55.4,72.7,56.5,72.5,55.6,73.0,54.2,74.5,52.1,74.7,55.1,72.7,1,1,0,0,0,0,0,0,0,0,0,0,0,0,0,0,0,0,0
18:24:21,50.0,77.5,55.4,73.8,55.4,72.7,56.5,72.5,55.6,73.2,54.2,74.5,52.1,74.7,55.1,72.7,1,1,0,0,0,0,0,0,0,0,0,0,0,0,0,0,0,0,0
18:24:23,50.0,77.5,55.5,73.9,55.4,72.7,56.5,72.5,55.6,73.0,54.2,74.5,52.1,74.8,55.2,72.9,1,1,0,0,0,0,0,0,0,0,0,0,0,0,0,0,0,0,0
18:24:41,50.0,77.5,55.5,73.9,55.4,72.7,56.5,72.5,55.6,73.0,54.2,74.5,52.1,74.8,55.2,72.9,1,0,0,1,0,0,0,0,0,0,0,0,0,0,0,0,0,0,0
18:24:53,50.0,77.7,55.4,73.9,55.5,72.9,56.6,72.5,55.6,73.2,54.2,74.7,52.1,75.0,55.1,72.9,1,0,0,1,0,0,0,0,0,0,0,0,0,0,0,0,0,0,0
18:25:03,50.0,77.7,55.4,73.9,55.5,72.9,56.6,72.5,55.6,73.2,54.2,74.7,52.1,75.0,55.1,72.9,1,1,0,0,0,0,0,0,0,0,0,0,0,0,0,0,0,0,0
18:25:23,50.0,77.7,55.3,73.9,55.5,72.9,56.6,72.5,55.7,73.2,54.2,74.7,52.1,74.8,55.2,72.9,1,1,0,0,0,0,0,0,0,0,0,0,0,0,0,0,0,0,0
18:25:33,50.0,77.7,55.3,73.9,55.5,72.9,56.6,72.5,55.7,73.2,54.2,74.7,52.1,74.8,55.2,72.9,1,0,0,1,0,0,0,0,0,0,0,0,0,0,0,0,0,0,0
18:25:50,49.9,77.9,55.3,74.1,55.6,72.9,56.7,72.5,55.7,73.4,54.2,74.7,52.1,75.0,55.2,72.9,1,0,0,1,0,0,0,0,0,0,0,0,0,0,0,0,0,0,0
18:25:53,50.0,77.9,55.3,74.1,55.6,72.9,56.7,72.5,55.7,73.4,54.1,74.7,52.1,75.2,55.3,72.9,1,0,0,1,0,0,0,0,0,0,0,0,0,0,0,0,0,0,0
18:26:12,50.0,77.9,55.3,74.1,55.6,72.9,56.7,72.5,55.7,73.4,54.1,74.7,52.1,75.2,55.3,72.9,1,1,0,0,0,0,0,0,0,0,0,0,0,0,0,0,0,0,0
18:26:23,49.8,77.9,55.4,74.1,55.6,72.9,56.7,72.5,55.7,73.4,54.0,74.7,52.1,75.0,55.3,72.9,1,1,0,0,0,0,0,0,0,0,0,0,0,0,0,0,0,0,0
18:26:30,49.8,77.9,55.4,74.1,55.6,72.9,56.7,72.5,55.7,73.4,54.0,74.7,52.1,75.0,55.3,72.9,1,0,0,1,0,0,0,0,0,0,0,0,0,0,0,0,0,0,0
18:26:44,49.6,77.9,55.3,74.1,55.7,72.9,56.7,72.7,55.7,73.4,54.1,74.8,52.0,75.0,55.3,72.9,1,0,0,1,0,0,0,0,0,0,0,0,0,0,0,0,0,0,0
18:26:53,49.5,77.9,55.2,74.3,55.7,73.0,56.8,72.7,55.7,73.4,54.1,74.8,52.0,75.2,55.3,72.9,1,0,0,1,0,0,0,0,0,0,0,0,0,0,0,0,0,0,0
18:27:02,49.5,77.9,55.2,74.3,55.7,73.0,56.8,72.7,55.7,73.4,54.1,74.8,52.0,75.2,55.3,72.9,1,1,0,0,0,0,0,0,0,0,0,0,0,0,0,0,0,0,0
18:27:22,49.5,78.1,55.3,74.3,55.8,73.0,56.8,72.7,55.7,73.6,54.0,74.8,52.1,75.2,55.3,72.9,1,1,0,0,0,0,0,0,0,0,0,0,0,0,0,0,0,0,0
18:27:23,49.6,78.1,55.2,74.3,55.8,73.0,56.8,72.7,55.7,73.6,54.1,74.8,52.0,75.2,55.3,72.9,1,1,0,0,0,0,0,0,0,0,0,0,0,0,0,0,0,0,0
18:27:39,49.6,78.1,55.2,74.3,55.8,73.0,56.8,72.7,55.7,73.6,54.1,74.8,52.0,75.2,55.3,72.9,1,0,0,1,0,0,0,0,0,0,0,0,0,0,0,0,0,0,0
18:27:53,49.7,78.1,55.2,74.3,55.8,73.0,56.8,72.7,55.7,73.6,54.1,75.0,52.0,75.2,55.4,73.0,1,0,0,1,0,0,0,0,0,0,0,0,0,0,0,0,0,0,0
18:27:56,49.7,78.1,55.2,74.3,55.8,73.0,56.8,72.7,55.7,73.6,54.1,75.0,52.0,75.2,55.4,73.0,1,1,0,0,0,0,0,0,0,0,0,0,0,0,0,0,0,0,0
18:28:08,49.7,78.1,55.2,74.3,55.8,73.0,56.8,72.7,55.7,73.6,54.0,75.0,52.0,75.4,55.4,72.9,1,1,0,0,0,0,0,0,0,0,0,0,0,0,0,0,0,0,0
18:28:20,49.7,78.1,55.2,74.3,55.8,73.2,56.9,72.9,55.8,73.6,54.0,75.0,52.0,75.4,55.4,73.0,1,1,0,0,0,0,0,0,0,0,0,0,0,0,0,0,0,0,0
18:28:23,49.7,78.3,55.2,74.3,55.9,73.2,56.9,72.9,55.8,73.8,54.0,75.0,52.1,75.4,55.4,73.0,1,1,0,0,0,0,0,0,0,0,0,0,0,0,0,0,0,0,0
18:28:53,49.7,78.3,55.2,74.3,55.9,73.2,56.9,72.9,55.8,73.8,54.0,75.0,52.1,75.4,55.4,73.0,1,0,0,1,0,0,0,0,0,0,0,0,0,0,0,0,0,0,0
18:29:01,49.7,78.3,55.2,74.3,55.9,73.2,56.9,72.9,55.8,73.8,54.0,75.0,52.1,75.4,55.4,73.0,1,1,0,0,0,0,0,0,0,0,0,0,0,0,0,0,0,0,0
18:29:15,49.4,78.3,55.2,74.5,55.9,73.2,57.0,72.9,55.8,73.8,54.0,75.0,52.0,75.6,55.4,73.0,1,1,0,0,0,0,0,0,0,0,0,0,0,0,0,0,0,0,0
18:29:23,49.6,78.4,55.0,74.5,55.9,73.2,56.9,72.9,55.8,73.8,54.0,75.2,52.0,75.6,55.4,73.0,1,1,0,0,0,0,0,0,0,0,0,0,0,0,0,0,0,0,0
18:29:43,49.6,78.4,55.0,74.5,55.9,73.2,56.9,72.9,55.8,73.8,54.0,75.2,52.0,75.6,55.4,73.0,1,0,0,1,0,0,0,0,0,0,0,0,0,0,0,0,0,0,0
18:29:53,49.6,78.4,55.0,74.5,56.0,73.2,57.0,72.9,55.8,73.8,53.9,75.2,52.0,75.6,55.5,73.2,1,0,0,1,0,0,0,0,0,0,0,0,0,0,0,0,0,0,0
18:30:02,49.6,78.4,55.0,74.5,56.0,73.2,57.0,72.9,55.8,73.8,53.9,75.2,52.0,75.6,55.5,73.2,1,1,0,0,0,0,0,0,0,0,0,0,0,0,0,0,0,0,0
18:30:22,49.6,78.4,55.2,74.7,56.0,73.2,57.0,72.9,55.8,73.8,53.9,75.2,52.0,75.6,55.5,73.2,1,1,0,0,0,0,0,0,0,0,0,0,0,0,0,0,0,0,0
18:30:23,49.5,78.6,55.1,74.7,56.0,73.4,57.0,73.0,55.8,73.8,53.9,75.4,52.0,75.6,55.5,73.2,1,1,0,0,0,0,0,0,0,0,0,0,0,0,0,0,0,0,0
18:30:42,49.5,78.6,55.1,74.7,56.0,73.4,57.0,73.0,55.7,73.8,53.9,75.4,52.0,75.6,55.5,73.2,1,0,0,1,0,0,0,0,0,0,0,0,0,0,0,0,0,0,0
18:30:53,49.5,78.6,55.1,74.7,56.1,73.4,57.0,73.0,55.7,73.8,53.8,75.4,51.9,75.7,55.5,73.2,1,0,0,1,0,0,0,0,0,0,0,0,0,0,0,0,0,0,0
18:31:04,49.5,78.6,55.1,74.7,56.1,73.4,57.0,73.0,55.7,73.8,53.8,75.4,51.9,75.7,55.5,73.2,1,1,0,0,0,0,0,0,0,0,0,0,0,0,0,0,0,0,0
18:31:23,49.2,78.8,55.0,74.8,56.1,73.4,57.0,73.0,55.7,73.8,53.8,75.4,51.9,75.7,55.6,73.2,1,1,0,0,0,0,0,0,0,0,0,0,0,0,0,0,0,0,0
18:31:29,49.2,78.8,55.0,74.8,56.1,73.4,57.0,73.0,55.7,73.8,53.8,75.4,51.9,75.7,55.6,73.2,1,0,0,1,0,0,0,0,0,0,0,0,0,0,0,0,0,0,0
18:31:49,49.3,78.8,55.0,74.8,56.1,73.4,57.1,73.2,55.8,73.9,53.9,75.4,51.9,75.7,55.6,73.4,1,0,0,1,0,0,0,0,0,0,0,0,0,0,0,0,0,0,0
18:31:53,49.2,78.8,54.9,74.8,56.2,73.4,57.1,73.2,55.8,73.9,53.9,75.6,51.9,75.7,55.6,73.4,1,0,0,1,0,0,0,0,0,0,0,0,0,0,0,0,0,0,0
18:32:11,49.2,78.8,54.9,74.8,56.2,73.4,57.1,73.2,55.8,73.9,53.9,75.6,51.9,75.7,55.6,73.4,1,1,0,0,0,0,0,0,0,0,0,0,0,0,0,0,0,0,0
18:32:23,49.3,79.0,55.0,74.8,56.2,73.6,57.1,73.2,55.8,73.9,53.9,75.6,51.9,75.9,55.6,73.4,1,1,0,0,0,0,0,0,0,0,0,0,0,0,0,0,0,0,0
18:32:29,49.3,79.0,55.0,74.8,56.2,73.6,57.1,73.2,55.8,73.9,53.9,75.6,51.9,75.9,55.6,73.4,1,0,0,1,0,0,0,0,0,0,0,0,0,0,0,0,0,0,0
18:32:49,49.2,78.8,54.9,74.8,56.2,73.6,57.1,73.2,55.8,73.9,53.9,75.6,51.9,75.7,55.6,73.4,1,0,0,1,0,0,0,0,0,0,0,0,0,0,0,0,0,0,0
18:32:53,49.1,79.0,55.0,75.0,56.3,73.6,57.1,73.2,55.8,74.1,53.9,75.6,51.9,75.8,55.6,73.4,1,0,0,1,0,0,0,0,0,0,0,0,0,0,0,0,0,0,0
18:33:03,49.1,79.0,55.0,75.0,56.3,73.6,57.1,73.2,55.8,74.1,53.9,75.6,51.9,76.0,55.6,73.4,1,1,0,0,0,0,0,0,0,0,0,0,0,0,0,0,0,0,0
18:33:23,49.1,79.0,54.9,75.0,56.3,73.6,57.2,73.4,55.8,74.1,53.8,75.7,51.9,76.1,55.6,73.4,1,1,0,0,0,0,0,0,0,0,0,0,0,0,0,0,0,0,0
18:33:53,49.0,79.0,54.9,75.0,56.3,73.6,57.2,73.4,55.8,74.1,53.8,75.7,51.9,76.1,55.7,73.4,1,0,0,1,0,0,0,0,0,0,0,0,0,0,0,0,0,0,0
18:34:15,49.1,79.2,54.8,75.0,56.3,73.6,57.2,73.2,55.8,74.1,53.7,75.7,51.8,76.1,55.7,73.6,1,1,0,0,0,0,0,0,0,0,0,0,0,0,0,0,0,0,0
18:34:23,49.0,79.2,54.8,75.1,56.3,73.6,57.2,73.4,55.8,74.1,53.8,75.7,51.9,76.1,55.7,73.6,1,1,0,0,0,0,0,0,0,0,0,0,0,0,0,0,0,0,0
18:34:35,49.0,79.2,54.8,75.1,56.3,73.6,57.2,73.4,55.8,74.1,53.8,75.7,51.9,76.1,55.7,73.6,0,1,0,0,0,0,0,0,0,0,0,0,0,0,0,0,0,0,0
18:34:53,48.8,79.2,54.8,75.2,56.3,73.8,57.2,73.4,55.8,74.1,53.8,75.9,51.8,76.1,55.6,73.6,0,1,0,0,0,0,0,0,0,0,0,0,0,0,0,0,0,0,0
18:34:53,48.8,79.2,54.8,75.2,56.3,73.8,57.2,73.4,55.8,74.1,53.8,75.9,51.8,76.1,55.6,73.6,0,0,0,1,0,0,0,0,0,0,0,0,0,0,0,0,0,0,0
18:34:55,48.8,79.2,54.8,75.2,56.3,73.8,57.2,73.4,55.8,74.1,53.8,75.9,51.8,76.1,55.6,73.6,0,1,0,0,0,0,0,0,0,0,0,0,0,0,0,0,0,0,0
18:35:12,48.9,79.2,54.7,75.2,56.3,73.8,57.3,73.4,55.8,74.3,53.8,75.9,51.8,76.3,55.7,73.8,0,1,0,0,0,0,0,0,0,0,0,0,0,0,0,0,0,0,0
18:35:23,49.0,79.0,54.8,75.2,56.4,73.8,57.3,73.4,55.8,74.3,53.7,75.9,51.8,76.1,55.7,73.8,0,1,0,0,0,0,0,0,0,0,0,0,0,0,0,0,0,0,0
18:35:30,49.0,79.0,54.8,75.2,56.4,73.8,57.3,73.4,55.8,74.3,53.7,75.9,51.8,76.1,55.7,73.8,0,0,0,1,0,0,0,0,0,0,0,0,0,0,0,0,0,0,0
18:35:53,49.1,78.8,54.7,75.2,56.4,73.8,57.3,73.4,55.8,74.3,53.7,75.9,51.8,76.1,55.7,73.8,0,0,0,1,0,0,0,0,0,0,0,0,0,0,0,0,0,0,0
18:35:54,49.1,78.8,54.7,75.2,56.4,73.8,57.3,73.4,55.8,74.3,53.7,75.9,51.8,76.1,55.7,73.8,0,1,0,0,0,0,0,0,0,0,0,0,0,0,0,0,0,0,0
18:36:23,49.1,78.8,54.6,75.2,56.4,73.8,57.3,73.4,55.8,74.3,53.7,75.9,51.8,76.3,55.7,73.8,0,1,0,0,0,0,0,0,0,0,0,0,0,0,0,0,0,0,0
18:36:27,49.1,78.8,54.6,75.2,56.4,73.8,57.3,73.4,55.8,74.3,53.7,75.9,51.8,76.3,55.7,73.8,0,0,0,1,0,0,0,0,0,0,0,0,0,0,0,0,0,0,0
18:36:42,49.3,78.4,54.5,75.2,56.5,73.8,57.3,73.4,55.8,74.3,53.6,75.9,51.8,76.3,55.7,73.8,0,0,0,1,0,0,0,0,0,0,0,0,0,0,0,0,0,0,0
18:36:53,49.5,78.3,54.5,75.2,56.5,73.8,57.3,73.4,55.8,74.3,53.6,75.9,51.8,76.3,55.7,73.8,0,0,0,1,0,0,0,0,0,0,0,0,0,0,0,0,0,0,0
18:36:56,49.5,78.3,54.5,75.2,56.5,73.8,57.3,73.4,55.8,74.3,53.6,75.9,51.8,76.3,55.7,73.8,0,0,0,1,0,0,0,0,0,0,0,0,0,0,0,0,0,0,0
18:37:09,49.6,78.1,54.2,75.2,56.5,73.8,57.3,73.4,55.8,74.3,53.6,75.9,51.8,76.1,55.7,73.8,0,0,0,1,0,0,0,0,0,0,0,0,0,0,0,0,0,0,0
18:37:23,49.6,78.1,54.2,75.2,56.5,73.8,57.3,73.4,55.9,74.3,53.5,75.9,51.9,76.1,55.7,73.8,0,0,0,1,0,0,0,0,0,0,0,0,0,0,0,0,0,0,0
18:37:36,49.6,78.1,54.2,75.2,56.5,73.8,57.3,73.4,55.9,74.3,53.5,75.9,51.9,76.1,55.7,73.8,0,0,0,1,0,0,0,0,0,0,0,0,0,0,0,0,0,0,0
18:37:48,49.8,77.9,53.9,75.2,56.5,73.8,57.2,73.4,55.8,74.3,53.5,75.7,51.9,76.1,55.7,73.8,0,0,0,1,0,0,0,0,0,0,0,0,0,0,0,0,0,0,0
18:37:53,49.8,77.7,53.6,75.4,56.5,73.8,57.2,73.4,55.8,74.3,53.4,75.7,51.8,76.1,55.7,73.8,0,0,0,1,0,0,0,0,0,0,0,0,0,0,0,0,0,0,0
18:38:00,49.8,77.7,53.6,75.4,56.5,73.8,57.2,73.4,55.8,74.3,53.4,75.7,51.8,76.1,55.7,73.8,0,0,0,1,0,0,0,0,0,1,0,0,0,0,0,0,0,0,0
18:38:23,49.9,77.7,53.4,75.2,56.5,73.8,57.1,73.6,55.7,74.3,53.4,75.7,51.8,76.1,55.7,73.8,0,0,0,1,0,0,0,0,0,1,0,0,0,0,0,0,0,0,0
18:38:26,50.0,77.4,53.3,75.2,56.5,73.8,57.0,73.4,55.7,74.3,53.5,75.7,51.8,76.1,55.7,73.8,0,0,0,1,0,0,0,0,0,0,0,0,0,0,0,0,0,0,0
18:38:36,50.0,77.4,53.3,75.2,56.5,73.8,57.0,73.4,55.7,74.3,53.5,75.7,51.8,76.1,55.7,73.8,0,0,0,1,0,0,0,1,0,0,0,0,0,0,0,0,0,0,0
18:38:39,50.0,77.4,53.3,75.2,56.5,73.8,57.0,73.4,55.7,74.3,53.5,75.7,51.8,76.1,55.7,73.8,0,0,0,1,1,0,0,1,0,0,0,0,0,0,0,0,0,0,0
18:38:40,50.0,77.4,53.3,75.2,56.5,73.8,57.0,73.4,55.7,74.3,53.5,75.7,51.8,76.1,55.7,73.8,0,0,0,1,0,0,0,1,0,0,0,0,0,0,0,0,0,0,0
18:38:55,50.0,77.2,53.1,75.2,56.5,73.8,56.7,73.6,55.6,74.3,53.5,75.6,51.7,75.9,55.7,73.8,0,0,0,1,0,0,0,1,0,0,0,0,0,0,0,0,0,0,0
18:38:57,50.0,77.2,53.1,75.2,56.5,73.8,56.7,73.6,55.6,74.3,53.5,75.6,51.7,75.9,55.7,73.8,0,0,0,1,0,0,0,1,0,0,0,0,0,0,0,0,0,0,0
18:38:58,50.0,76.8,52.5,75.2,56.5,73.8,56.7,73.6,55.6,74.3,53.4,75.6,51.7,75.9,55.5,73.8,0,0,0,1,0,0,0,1,0,0,0,0,0,0,0,0,0,0,0
18:39:01,50.0,76.8,52.5,75.2,56.5,73.8,56.7,73.6,55.6,74.3,53.4,75.6,51.7,75.9,55.5,73.8,0,0,0,1,0,0,0,1,0,0,0,0,0,0,0,0,0,0,0
18:39:04,50.0,76.8,52.5,75.2,56.5,73.8,56.7,73.6,55.6,74.3,53.4,75.6,51.7,75.9,55.5,73.8,0,0,0,1,0,0,0,0,0,0,0,0,0,0,0,0,0,0,0
18:39:14,50.0,76.8,52.5,75.2,56.5,73.8,56.7,73.6,55.6,74.3,53.4,75.6,51.7,75.9,55.5,73.8,0,1,0,1,0,0,1,0,0,0,0,0,0,0,0,0,0,0,0
18:39:17,50.0,76.8,52.5,75.2,56.5,73.8,56.7,73.6,55.6,74.3,53.4,75.6,51.7,75.9,55.5,73.8,0,1,0,1,0,0,0,0,0,0,0,0,0,0,0,0,0,0,0
18:39:32,50.0,76.8,52.5,75.2,56.5,73.8,56.7,73.6,55.6,74.3,53.4,75.6,51.7,75.9,55.5,73.8,0,1,0,1,0,0,0,0,0,0,0,0,0,0,0,0,0,0,0
18:39:37,50.0,76.8,52.5,75.2,56.3,73.8,56.3,73.4,55.4,74.3,53.0,75.4,51.6,75.7,55.5,73.8,0,1,0,1,0,0,0,0,0,0,0,0,0,0,0,0,0,0,0
18:39:57,50.0,76.8,52.5,75.2,56.3,73.8,56.3,73.4,55.4,74.3,53.0,75.4,51.6,75.7,55.5,73.8,0,1,0,1,0,0,1,0,0,0,0,0,0,0,0,0,0,0,0
18:40:00,50.1,76.8,52.3,75.2,56.3,73.8,56.1,73.4,55.3,74.3,53.0,75.4,51.6,75.7,55.4,73.8,0,1,0,1,0,0,0,0,0,0,0,0,0,0,0,0,0,0,0
18:40:14,50.1,76.8,52.3,75.2,56.3,73.8,56.1,73.4,55.3,74.3,53.0,75.4,51.6,75.7,55.4,73.8,0,1,0,1,0,0,1,0,0,0,0,0,0,0,0,0,0,0,0
18:40:29,50.2,76.5,52.1,75.2,56.2,73.8,56.0,73.4,55.2,74.3,52.9,75.4,51.5,75.7,55.3,73.8,0,1,0,1,0,0,1,0,0,0,0,0,0,0,0,0,0,0,0
18:40:40,50.2,76.5,51.9,75.2,56.1,73.8,55.9,73.4,55.1,74.3,53.0,75.2,51.4,75.7,55.2,73.8,0,1,0,1,0,0,1,0,0,0,0,0,0,0,0,0,0,0,0
18:40:43,50.2,76.5,51.9,75.2,56.1,73.8,55.9,73.4,55.1,74.3,53.0,75.2,51.4,75.7,55.2,73.8,0,1,0,1,0,0,0,0,0,0,0,0,0,0,0,0,0,0,0
18:40:44,50.2,76.5,51.9,75.2,56.1,73.8,55.9,73.4,55.1,74.3,53.0,75.2,51.4,75.7,55.2,73.8,0,1,0,1,0,0,0,0,0,0,0,0,0,0,0,0,0,0,0
18:40:46,50.3,76.3,51.8,75.2,56.0,73.8,55.8,73.4,55.0,74.3,53.2,75.2,51.4,75.6,55.1,73.8,0,1,0,1,0,0,0,0,0,0,0,0,0,0,0,0,0,0,0
18:40:49,50.3,76.3,51.8,75.2,56.0,73.8,55.8,73.4,55.0,74.3,53.2,75.2,51.4,75.6,55.1,73.8,0,0,0,1,0,0,0,1,0,0,0,0,0,0,0,0,0,0,0
18:40:52,50.3,76.3,51.8,75.2,56.0,73.8,55.8,73.4,55.0,74.3,53.2,75.2,51.4,75.6,55.1,73.8,0,0,0,1,0,0,0,0,0,0,0,0,0,0,0,0,0,0,0
18:40:59,50.3,76.3,51.8,75.2,56.0,73.8,55.8,73.4,55.0,74.3,53.2,75.2,51.4,75.6,55.1,73.8,0,0,0,1,1,0,0,0,0,0,0,0,0,0,0,0,0,0,0
18:41:12,50.3,76.1,51.8,75.2,55.9,73.8,55.7,73.4,54.7,74.3,52.9,75.2,51.3,75.6,55.0,73.9,0,0,0,1,1,0,0,0,0,0,0,0,0,0,0,0,0,0,0
18:41:13,50.3,76.1,51.8,75.2,55.9,73.8,55.6,73.4,54.7,74.3,52.9,75.2,51.3,75.6,55.0,73.9,0,0,0,1,0,0,0,0,0,0,0,0,0,0,0,0,0,0,0
18:41:15,50.3,75.9,51.7,75.0,55.7,73.8,55.5,73.4,54.7,74.3,52.6,75.0,51.2,75.6,55.0,73.9,0,0,0,1,0,0,0,0,0,0,0,0,0,0,0,0,0,0,0
18:41:31,50.3,75.9,51.7,75.0,55.7,73.8,55.5,73.4,54.7,74.3,52.6,75.0,51.2,75.6,55.0,73.9,0,0,0,1,1,0,0,0,0,0,0,0,0,0,0,0,0,0,0
18:41:58,50.3,75.9,51.6,75.0,55.7,73.8,55.3,73.4,54.5,74.3,52.6,75.0,51.0,75.6,54.9,73.8,0,0,0,1,1,0,0,0,0,0,0,0,0,0,0,0,0,0,0
18:42:05,50.4,75.7,51.4,75.0,55.5,73.8,55.0,73.4,54.4,74.3,52.9,75.0,50.9,75.6,54.9,73.8,0,0,0,1,1,0,0,0,0,0,0,0,0,0,0,0,0,0,0
18:42:08,50.4,75.7,51.4,75.0,55.5,73.8,55.0,73.4,54.4,74.3,52.9,75.0,50.9,75.6,54.9,73.8,0,0,0,1,1,0,0,1,0,0,0,0,0,0,0,0,0,0,0
18:42:13,50.4,75.7,51.4,75.0,55.5,73.8,55.0,73.4,54.4,74.3,52.9,75.0,50.9,75.6,54.9,73.8,0,0,0,1,1,0,1,1,0,0,0,0,0,0,0,0,0,0,0
18:42:18,50.4,75.6,51.2,74.8,55.3,73.8,54.8,73.4,54.7,74.1,52.9,75.0,50.8,75.4,54.7,73.8,0,0,0,1,1,0,1,1,0,0,0,0,0,0,0,0,0,0,0
18:42:28,50.4,75.6,51.2,74.8,55.3,73.8,54.8,73.4,54.7,74.1,52.9,75.0,50.8,75.4,54.7,73.8,0,0,0,1,1,0,0,1,0,0,0,0,0,0,0,0,0,0,0
18:42:33,50.4,75.6,51.1,75.0,55.3,73.8,54.6,73.4,54.7,74.1,52.8,75.0,50.7,75.4,54.6,73.8,0,0,0,1,1,0,0,1,0,0,0,0,0,0,0,0,0,0,0
18:42:42,50.4,75.6,51.1,75.0,55.3,73.8,54.6,73.4,54.7,74.1,52.8,75.0,50.7,75.4,54.6,73.8,0,0,0,1,1,0,0,0,0,0,0,0,0,0,0,0,0,0,0
