Sin,Cos,S4_Humidity,S4_Temperature,S6_Humidity,S6_Temperature,S12_Humidity,S12_Temperature,S18_Humidity,S18_Temperature,S19_Humidity,S19_Temperature,S24_Humidity,S24_Temperature,S25_Humidity,S25_Temperature,S26_Humidity,S26_Temperature,lamp,heater,fan,ac,Bedroom 2 to Bathroom,Bedroom 1 to Living Room,Living Room to Kitchen,Living Room to Bathroom,Bedroom 1 to Bathroom,Living Room to Outside,Bedroom 1 to Outside,Bedroom 1 Left Window,Living Room Left Window,Bedroom 2 Right Window,Kitchen Right Window,Bedroom 2 Back Window,Living Room Front Window,Kitchen Front Window,Bedroom 1 Back Window
0.9659258262890683,-0.25881904510252063,51.5,70.7,52.1,70.5,51.8,70.9,51.4,70.7,52.8,70.9,52.9,70.7,51.0,71.1,52.3,70.9,0,0,0,0,0,0,0,0,0,0,0,0,0,0,0,0,0,0,0
0.9659258262890683,-0.25881904510252063,51.5,70.7,52.1,70.5,51.8,70.9,51.4,70.7,52.8,70.9,52.9,70.7,51.0,71.1,52.3,70.9,1,0,0,0,0,0,0,0,0,0,0,0,0,0,0,0,0,0,0
0.9603823722504408,-0.27868566355414803,51.5,70.7,52.1,70.5,51.8,70.9,51.4,70.7,52.8,70.9,52.9,70.7,51.0,71.1,52.3,70.9,1,0,0,0,0,0,0,0,0,0,0,0,0,0,0,0,0,0,0
0.95575890460635,-0.2941511792695551,51.5,70.9,52.1,70.7,51.7,70.9,51.4,70.7,52.6,70.9,52.9,70.7,50.9,71.1,52.2,71.0,1,0,0,0,0,0,0,0,0,0,0,0,0,0,0,0,0,0,0
0.9492071167364358,-0.3146519498380749,51.5,71.1,52.0,70.7,51.6,70.9,51.3,70.7,52.6,70.9,52.9,70.9,50.8,71.1,52.2,71.1,1,0,0,0,0,0,0,0,0,0,0,0,0,0,0,0,0,0,0
0.9419148432858078,-0.33585179469205195,51.4,71.4,52.0,70.7,51.6,70.9,51.4,70.7,52.6,71.1,52.9,70.9,51.0,71.2,52.2,71.1,1,0,0,0,0,0,0,0,0,0,0,0,0,0,0,0,0,0,0
0.9363710457450384,-0.35101177286573065,51.0,71.6,51.9,70.7,51.5,70.9,51.3,70.7,52.6,71.1,53.0,70.9,51.0,71.2,52.2,71.1,1,0,0,0,0,0,0,0,0,0,0,0,0,0,0,0,0,0,0
0.9302546017512276,-0.36691467117119325,50.9,71.8,51.9,70.7,51.5,70.9,51.5,70.7,52.6,70.9,53.1,70.9,51.0,71.2,52.2,71.1,1,0,0,0,0,0,0,0,0,0,0,0,0,0,0,0,0,0,0
0.9235245144040851,-0.38353939992483005,50.7,72.1,51.9,70.7,51.7,70.9,51.6,70.7,52.7,71.1,53.0,71.1,51.0,71.2,52.2,71.1,1,0,0,0,0,0,0,0,0,0,0,0,0,0,0,0,0,0,0
0.9182818711841106,-0.39592727243094583,50.2,72.5,51.9,70.7,51.8,70.9,51.7,70.7,52.7,71.1,53.1,71.1,51.0,71.4,52.2,71.1,1,0,0,0,0,0,0,0,0,0,0,0,0,0,0,0,0,0,0
0.9102923736136804,-0.4139659340341566,50.2,72.5,52.0,70.9,51.9,70.9,51.8,70.9,52.9,71.1,53.1,71.1,50.9,71.6,52.3,71.1,1,0,0,0,0,0,0,0,0,0,0,0,0,0,0,0,0,0,0
0.9007835012872263,-0.43426844671093207,50.2,72.7,52.0,70.9,51.9,71.1,52.1,70.9,52.9,71.1,53.1,71.2,51.0,71.6,52.4,71.1,1,0,0,0,0,0,0,0,0,0,0,0,0,0,0,0,0,0,0
0.8940585605670702,-0.4479500979760339,50.0,73.2,52.2,70.9,52.0,71.1,52.1,70.9,52.9,71.1,53.1,71.4,51.0,71.8,52.6,71.1,1,0,0,0,0,0,0,0,0,0,0,0,0,0,0,0,0,0,0
0.8816851249703219,-0.47183825661562007,49.9,73.4,52.3,70.9,52.2,71.1,52.4,70.9,53.1,71.2,53.1,71.4,51.1,71.8,52.7,71.2,1,0,0,0,0,0,0,0,0,0,0,0,0,0,0,0,0,0,0
0.8756919152766344,-0.4828702408713336,49.6,73.8,52.5,71.1,52.3,71.1,52.6,70.9,53.1,71.2,53.0,71.4,51.1,72.0,52.7,71.1,1,0,0,0,0,0,0,0,0,0,0,0,0,0,0,0,0,0,0
0.8673376802985957,-0.49772015062106034,49.6,73.8,52.5,71.1,52.3,71.1,52.6,70.9,53.1,71.2,53.0,71.4,51.1,72.0,52.7,71.1,1,0,0,0,0,0,0,0,0,0,0,0,0,0,0,0,0,0,0
0.8550333225046347,-0.5185730588901484,49.6,73.8,52.5,71.1,52.3,71.1,52.7,70.9,53.2,71.2,53.0,71.6,51.1,72.0,52.9,71.2,1,0,0,0,0,0,0,0,0,0,0,0,0,0,0,0,0,0,0
0.847980502424209,-0.5300274214683482,49.5,73.9,52.6,71.2,52.4,71.1,52.8,70.9,53.2,71.2,53.0,71.6,51.1,72.0,52.9,71.2,1,0,0,0,0,0,0,0,0,0,0,0,0,0,0,0,0,0,0
0.8422277091172341,-0.5391219583685456,49.4,74.1,52.7,71.1,52.4,71.1,52.8,70.9,53.3,71.4,53.0,71.8,51.1,72.0,53.0,71.2,1,0,0,0,0,0,0,0,0,0,0,0,0,0,0,0,0,0,0
0.8324233113204054,-0.5541402627226897,49.2,74.5,52.8,71.2,52.5,71.1,52.9,71.1,53.3,71.2,53.0,71.8,51.1,72.0,53.1,71.2,1,0,0,0,0,0,0,0,0,0,0,0,0,0,0,0,0,0,0
0.8248941129660187,-0.5652872742190517,49.2,74.5,52.8,71.2,52.6,71.1,53.1,70.9,53.4,71.4,53.0,71.8,51.0,72.1,53.2,71.2,1,0,0,0,0,0,0,0,0,0,0,0,0,0,0,0,0,0,0
0.8135816835133095,-0.5814506378461108,49.2,74.5,52.9,71.4,52.8,71.1,53.2,71.1,53.4,71.4,53.0,72.0,51.0,72.1,53.3,71.2,1,0,0,0,0,0,0,0,0,0,0,0,0,0,0,0,0,0,0
0.8019525874175306,-0.5973876861254573,48.8,74.8,53.0,71.4,52.9,71.2,53.3,71.1,53.5,71.4,52.9,72.1,51.0,72.3,53.3,71.2,1,0,0,0,0,0,0,0,0,0,0,0,0,0,0,0,0,0,0
0.7883590711843745,-0.6152153890153516,48.8,75.0,53.0,71.4,52.9,71.2,53.6,71.1,53.5,71.6,52.9,72.3,51.0,72.5,53.6,71.4,1,0,0,0,0,0,0,0,0,0,0,0,0,0,0,0,0,0,0
0.7686640375708609,-0.6396527162025205,48.7,75.2,53.2,71.6,53.2,71.2,53.7,71.1,53.6,71.6,53.0,72.1,51.0,72.5,53.6,71.2,1,0,0,0,0,0,0,0,0,0,0,0,0,0,0,0,0,0,0
0.7570684928464467,-0.653335516514455,48.7,75.4,53.2,71.6,53.2,71.2,54.0,71.1,53.7,71.6,52.9,72.3,51.0,72.5,53.7,71.4,1,0,0,0,0,0,0,0,0,0,0,0,0,0,0,0,0,0,0
0.7452294175984024,-0.6668081546786495,48.7,75.6,53.3,71.6,53.2,71.2,54.0,71.2,53.8,71.6,52.8,72.3,50.9,72.5,53.7,71.4,1,0,0,0,0,0,0,0,0,0,0,0,0,0,0,0,0,0,0
0.7343691772736344,-0.6787502570684193,48.7,75.6,53.3,71.6,53.4,71.2,54.1,71.2,53.8,71.6,52.8,72.3,50.9,72.7,53.8,71.4,1,0,0,0,0,0,0,0,0,0,0,0,0,0,0,0,0,0,0
0.7300939178714573,-0.6833468161095841,48.7,75.6,53.3,71.6,53.4,71.2,54.1,71.2,53.8,71.6,52.8,72.3,50.9,72.7,53.8,71.4,1,0,0,0,0,0,0,0,0,0,0,0,0,0,0,0,0,0,0
0.7226980608490428,-0.691163882769516,48.4,75.7,53.3,71.8,53.4,71.4,54.1,71.2,53.8,71.6,52.8,72.3,50.9,72.9,54.0,71.4,1,0,0,0,0,0,0,0,0,0,0,0,0,0,0,0,0,0,0
0.7025689704151863,-0.711615655961661,48.3,75.7,53.3,71.8,53.6,71.4,54.4,71.2,53.9,71.8,52.7,72.5,50.9,72.9,54.0,71.4,1,0,0,0,0,0,0,0,0,0,0,0,0,0,0,0,0,0,0
0.6844808591695666,-0.7290308316048725,48.2,75.9,53.3,71.8,53.8,71.4,54.6,71.4,54.1,71.8,52.7,72.5,50.8,72.9,54.1,71.6,1,0,0,0,0,0,0,0,0,0,0,0,0,0,0,0,0,0,0
0.6666299208564638,-0.7453888573214016,48.2,75.9,53.3,72.0,53.9,71.6,54.6,71.4,54.1,71.8,52.7,72.7,50.8,73.0,54.3,71.6,1,0,0,0,0,0,0,0,0,0,0,0,0,0,0,0,0,0,0
0.6463376548381535,-0.7630515290190538,48.0,76.3,53.3,72.0,54.0,71.6,54.7,71.2,54.1,72.0,52.7,72.7,50.8,73.0,54.3,71.6,1,0,0,0,0,0,0,0,0,0,0,0,0,0,0,0,0,0,0
0.6290694643970196,-0.7773490907972086,48.0,76.3,53.3,72.1,54.1,71.6,55.0,71.4,54.2,72.0,52.8,72.9,50.8,73.2,54.3,71.6,1,0,0,0,0,0,0,0,0,0,0,0,0,0,0,0,0,0,0
0.6185562230296564,-0.7857405417510833,48.1,76.5,53.2,72.1,54.1,71.6,55.1,71.4,54.3,72.0,52.8,72.9,50.8,73.2,54.4,71.6,1,0,0,0,0,0,0,0,0,0,0,0,0,0,0,0,0,0,0
0.6029348836610615,-0.7977904023392499,48.0,76.5,53.3,72.1,54.2,71.6,55.3,71.4,54.4,72.0,52.9,73.0,50.8,73.2,54.5,71.8,1,0,0,0,0,0,0,0,0,0,0,0,0,0,0,0,0,0,0
0.5812560606494421,-0.8137207088174001,47.9,76.5,53.3,72.1,54.2,71.8,55.4,71.6,54.4,72.0,53.0,73.2,50.9,73.4,54.5,71.8,1,0,0,0,0,0,0,0,0,0,0,0,0,0,0,0,0,0,0
0.5628683455907216,-0.826546565858188,47.9,76.5,53.4,72.3,54.3,71.6,55.4,71.6,54.4,72.0,53.0,73.2,50.8,73.4,54.6,71.8,1,0,0,0,0,0,0,0,0,0,0,0,0,0,0,0,0,0,0
0.5539411805050857,-0.8325558050609172,47.9,76.6,53.4,72.3,54.4,71.8,55.4,71.6,54.5,72.1,53.0,73.2,50.8,73.4,54.6,71.8,1,0,0,0,0,0,0,0,0,0,0,0,0,0,0,0,0,0,0
0.5502025358493216,-0.8350312386641449,47.8,76.8,53.5,72.5,54.5,71.8,55.5,71.6,54.5,72.1,53.0,73.2,50.9,73.4,54.6,71.8,1,0,0,0,0,0,0,0,0,0,0,0,0,0,0,0,0,0,0
0.5411847994956369,-0.8409036881800837,47.8,76.8,53.5,72.5,54.5,71.8,55.5,71.6,54.5,72.1,53.0,73.2,50.9,73.4,54.6,71.8,1,0,0,0,0,0,0,0,1,0,0,0,0,0,0,0,0,0,0
0.527541013238175,-0.849529563553641,47.9,76.8,53.5,72.5,54.5,71.8,55.6,71.6,54.5,72.1,53.1,73.2,50.9,73.4,54.7,71.8,1,0,0,0,0,0,0,0,1,0,0,0,0,0,0,0,0,0,0
0.5145289413342282,-0.857473013295158,47.7,76.8,53.5,72.5,54.6,71.8,55.6,71.6,54.6,72.3,53.1,73.4,50.9,73.6,54.7,71.8,1,0,0,0,0,0,0,0,1,0,0,0,0,0,0,0,0,0,0
0.49517717473539274,-0.8687920151688057,47.7,76.8,53.5,72.5,54.6,71.8,55.7,71.6,54.6,72.3,53.1,73.2,50.9,73.6,54.8,72.0,1,0,0,0,0,0,0,0,1,0,0,0,0,0,0,0,0,0,0
0.48579932045089425,-0.8740703748837672,47.7,77.0,53.6,72.5,54.7,71.8,55.7,71.6,54.6,72.3,53.1,73.4,50.9,73.8,54.8,72.0,1,0,0,0,0,0,0,0,1,0,0,0,0,0,0,0,0,0,0
0.46608270121618534,-0.8847411574166899,47.7,77.0,53.7,72.7,54.7,71.8,55.7,71.6,54.7,72.3,53.2,73.4,50.9,73.8,54.8,72.0,1,0,0,0,0,0,0,0,1,0,0,0,0,0,0,0,0,0,0
0.44853796722909983,-0.8937637786093073,47.5,77.0,53.7,72.7,54.8,72.0,55.8,71.6,54.7,72.3,53.2,73.6,51.0,73.8,54.9,72.0,1,0,0,0,0,0,0,0,1,0,0,0,0,0,0,0,0,0,0
0.4348607414933797,-0.9004977154373175,47.6,77.2,53.7,72.7,54.8,72.0,55.8,71.6,54.7,72.5,53.2,73.6,51.0,73.8,54.9,72.0,1,0,0,0,0,0,0,0,1,0,0,0,0,0,0,0,0,0,0
0.4186407347135461,-0.9081519340058151,47.6,77.4,53.7,72.7,54.8,72.0,55.8,71.6,54.8,72.5,53.2,73.6,51.0,73.8,55.0,72.0,1,0,0,0,0,0,0,0,1,0,0,0,0,0,0,0,0,0,0
0.39405986715970676,-0.9190847736167074,47.6,77.4,53.7,72.7,54.9,72.0,55.9,71.8,54.8,72.5,53.2,73.8,51.1,73.9,55.0,72.0,1,0,0,0,0,0,0,0,1,0,0,0,0,0,0,0,0,0,0
0.36669219885458054,-0.9303423194175318,47.5,77.4,53.7,72.9,55.0,72.0,55.9,71.8,54.9,72.5,53.2,73.9,51.1,73.9,55.1,72.0,1,0,0,0,0,0,0,0,1,0,0,0,0,0,0,0,0,0,0
0.3373155150916006,-0.9413916524372246,47.3,77.5,53.8,72.9,55.0,72.1,56.0,71.8,54.9,72.7,53.2,73.9,51.1,74.1,55.2,72.1,1,0,0,0,0,0,0,0,1,0,0,0,0,0,0,0,0,0,0
0.33393647489925377,-0.9425955817485355,47.3,77.5,53.8,73.0,55.0,72.1,56.1,71.8,54.9,72.7,53.1,73.9,51.1,74.1,55.2,72.1,1,0,0,0,0,0,0,0,1,0,0,0,0,0,0,0,0,0,0
0.3330910417639889,-0.9428946695663204,47.3,77.5,53.8,73.0,55.0,72.1,56.1,71.8,54.9,72.7,53.1,73.9,51.1,74.1,55.2,72.1,1,0,0,0,0,1,0,0,1,0,0,0,0,0,0,0,0,0,0
0.32885987156257757,-0.9443787295761404,47.3,77.5,53.8,73.0,55.0,72.1,56.1,71.8,54.9,72.7,53.1,73.9,51.1,74.1,55.2,72.1,1,0,0,0,0,1,0,0,0,0,0,0,0,0,0,0,0,0,0
0.32801284138113174,-0.9446732640913875,47.3,77.5,53.8,73.0,55.0,72.1,56.1,71.8,54.9,72.7,53.1,73.9,51.1,74.1,55.2,72.1,1,0,0,0,0,0,0,0,0,0,0,0,0,0,0,0,0,0,0
0.32377374723353713,-0.9461345362063228,47.3,77.5,53.8,73.0,55.0,72.1,56.1,71.8,54.9,72.7,53.1,73.9,51.1,74.1,55.2,72.1,1,0,0,0,0,0,0,0,0,0,0,0,0,0,0,0,0,0,0
0.31952814353854214,-0.9475767860637009,47.3,77.5,53.8,73.0,55.0,72.1,56.1,71.8,54.9,72.7,53.1,73.9,51.1,74.1,55.2,72.1,1,0,0,0,0,0,1,0,0,0,0,0,0,0,0,0,0,0,0
0.31867824916315146,-0.9478629508058157,47.3,77.5,53.8,73.0,55.0,72.1,56.1,71.8,54.9,72.7,53.1,73.9,51.1,74.1,55.2,72.1,1,0,0,0,0,0,0,0,0,0,0,0,0,0,0,0,0,0,0
0.3144249466963706,-0.9492823357120812,47.3,77.5,53.8,73.0,55.0,72.1,56.1,71.8,54.9,72.7,53.1,73.9,51.1,74.1,55.2,72.1,1,0,0,0,0,0,0,1,0,0,0,0,0,0,0,0,0,0,0
0.31357352487382223,-0.9495639233343938,47.3,77.5,53.8,73.0,55.0,72.1,56.1,71.8,54.9,72.7,53.1,73.9,51.1,74.1,55.2,72.1,1,0,0,0,0,0,0,0,0,0,0,0,0,0,0,0,0,0,0
0.30931264677481557,-0.9509604021961998,47.3,77.5,53.8,73.0,55.0,72.1,56.1,71.8,54.9,72.7,53.1,73.9,51.1,74.1,55.2,72.1,1,0,0,0,0,0,0,0,0,0,0,0,0,0,0,0,0,0,0
0.30760654946870025,-0.9515136419011343,47.3,77.5,53.8,73.0,55.0,72.1,56.1,71.8,54.9,72.7,53.1,73.9,51.1,74.1,55.2,72.1,1,0,0,0,1,0,0,0,0,0,0,0,0,0,0,0,0,0,0
0.3050455498722384,-0.9523377617752767,47.2,77.7,53.8,73.0,55.1,72.1,56.1,72.0,54.9,72.7,53.3,73.9,51.1,74.1,55.2,72.1,1,0,0,0,1,0,0,0,0,0,0,0,0,0,0,0,0,0,0
0.3041913917827203,-0.9526109369334848,47.2,77.7,53.8,73.0,55.1,72.1,56.1,72.0,55.0,72.8,53.3,73.9,51.1,74.1,55.2,72.1,1,0,0,0,0,0,0,0,0,0,0,0,0,0,0,0,0,0,0
0.30333698905922735,-0.9528833459917757,47.2,77.7,53.8,73.0,55.1,72.1,56.1,72.0,55.0,72.8,53.3,73.9,51.1,74.1,55.2,72.1,1,0,0,0,0,0,1,0,0,0,0,0,0,0,0,0,0,0,0
0.3024823423888794,-0.9531549887310755,47.2,77.7,53.8,73.0,55.1,72.1,56.1,72.0,55.0,72.8,53.3,73.9,51.1,74.1,55.2,72.1,1,0,0,0,0,0,0,0,0,0,0,0,0,0,0,0,0,0,0
0.29820547389720903,-0.9545017000182561,47.2,77.7,53.8,73.0,55.1,72.1,56.1,72.0,55.0,72.8,53.3,73.9,51.1,74.1,55.2,72.1,1,0,0,0,0,0,0,1,0,0,0,0,0,0,0,0,0,0,0
0.29734937798619476,-0.9547687402775727,47.2,77.7,53.8,73.0,55.1,72.1,56.1,72.0,55.0,72.9,53.3,73.9,51.1,74.1,55.2,72.1,1,0,0,0,0,0,0,0,0,0,0,0,0,0,0,0,0,0,0
0.2956364694581779,-0.9553005170763302,47.2,77.7,53.8,73.0,55.1,72.1,56.1,72.0,55.1,72.9,53.3,73.9,51.1,74.1,55.2,72.1,1,0,0,0,0,0,1,0,0,0,0,0,0,0,0,0,0,0,0
0.2930653252341613,-0.9560924197719566,47.1,77.7,53.8,73.0,55.1,72.3,56.1,72.0,55.1,72.9,53.3,74.1,51.1,74.3,55.1,72.1,1,0,0,0,0,0,1,0,0,0,0,0,0,0,0,0,0,0,0
0.29220780486775616,-0.9563548498200694,47.1,77.7,53.8,73.0,55.1,72.3,56.1,72.0,55.1,72.9,53.3,74.1,51.1,74.3,55.1,72.1,1,0,0,0,0,0,0,0,0,0,0,0,0,0,0,0,0,0,0
0.28791669188518826,-0.9576554591991263,47.1,77.7,53.8,73.0,55.1,72.3,56.1,72.0,55.1,72.9,53.3,74.1,51.1,74.3,55.1,72.1,1,0,0,0,0,0,0,0,0,0,0,0,0,0,0,0,0,0,0
0.2836197902697579,-0.9589368146897576,47.1,77.7,53.8,73.0,55.1,72.3,56.1,72.0,55.1,72.9,53.3,74.1,51.1,74.3,55.1,72.1,1,0,0,0,0,0,0,0,0,0,0,0,0,0,1,0,0,0,0
0.2741466566285215,-0.9616878967000695,47.1,77.7,53.8,73.0,55.1,72.3,56.1,72.0,55.1,72.9,53.3,74.1,51.1,74.3,55.1,72.1,1,0,0,0,0,0,0,0,0,0,0,0,0,0,1,0,0,0,0
0.27328412596953583,-0.9619333586548846,47.2,77.7,53.8,73.2,55.2,72.3,56.1,71.8,55.1,72.9,53.2,74.1,51.0,74.3,55.2,72.1,1,0,0,0,0,0,0,0,0,0,0,0,0,0,1,0,0,0,0
0.2629168139376328,-0.9648185057039921,47.2,77.7,53.8,73.2,55.2,72.3,56.1,71.8,55.1,72.9,53.2,74.1,51.0,74.3,55.2,72.1,1,0,0,0,0,0,1,0,0,0,0,0,0,0,1,0,0,0,0
0.26205148033335496,-0.965053895725569,47.2,77.7,53.8,73.2,55.2,72.3,56.1,71.8,55.1,72.9,53.2,74.1,51.0,74.3,55.2,72.1,1,0,0,0,0,0,0,0,0,0,0,0,0,0,1,0,0,0,0
0.25685507743964364,-0.9664499310328883,47.2,77.7,53.8,73.2,55.2,72.3,56.1,71.8,55.1,72.9,53.2,74.1,51.0,74.3,55.2,72.1,1,0,0,0,0,0,0,1,0,0,0,0,0,0,1,0,0,0,0
0.24904657702617794,-0.9684915087245443,47.3,77.7,53.8,73.2,55.2,72.3,56.2,72.0,55.1,72.9,53.3,74.1,51.0,74.3,55.3,72.1,1,0,0,0,0,0,0,1,0,0,0,0,0,0,1,0,0,0,0
0.24817795513137314,-0.9687144587476797,47.3,77.7,53.8,73.2,55.2,72.3,56.2,72.0,55.1,72.9,53.3,74.1,51.0,74.3,55.3,72.1,1,0,0,0,0,1,0,1,0,0,0,0,0,0,1,0,0,0,0
0.23948087421859868,-0.9709010819251854,47.3,77.7,53.8,73.2,55.2,72.3,56.2,72.0,55.1,72.9,53.3,74.1,51.0,74.3,55.3,72.1,1,0,0,0,0,1,0,0,0,0,0,0,0,0,1,0,0,0,0
0.23861009531829244,-0.9711154526688345,47.3,77.7,53.8,73.2,55.2,72.3,56.2,72.0,55.1,72.9,53.3,74.1,51.0,74.3,55.3,72.1,1,0,0,0,1,1,0,0,0,0,0,0,0,0,1,0,0,0,0
0.23512506779433653,-0.9719651241143936,47.3,77.7,53.8,73.2,55.2,72.3,56.2,72.0,55.1,72.9,53.3,74.1,51.0,74.3,55.3,72.1,1,0,0,0,1,1,0,0,0,0,0,0,0,0,0,0,0,0,0
0.23425333643603588,-0.9721755882393804,47.3,77.9,53.9,73.2,55.2,72.3,56.1,72.0,55.4,72.9,53.2,74.1,51.0,74.5,55.2,72.1,1,0,0,0,1,1,0,0,0,0,0,0,0,0,0,0,0,0,0
0.23338141668869303,-0.9723852705303483,47.3,77.9,53.9,73.2,55.2,72.3,56.1,72.0,55.4,72.9,53.2,74.1,51.0,74.5,55.2,72.1,1,0,0,0,1,1,0,0,0,0,0,0,0,0,0,0,0,0,0
0.232509309253516,-0.9725941708186683,47.3,77.9,53.9,73.2,55.2,72.3,56.1,72.0,55.4,72.9,53.2,74.1,51.0,74.5,55.2,72.1,1,0,0,0,0,1,0,0,0,0,0,0,0,0,0,0,0,0,0
0.23163701483186258,-0.9728022889363406,47.3,77.9,53.9,73.2,55.2,72.3,56.1,72.0,55.4,72.9,53.2,74.1,51.0,74.5,55.2,72.1,1,0,0,0,0,1,0,1,0,0,0,0,0,0,0,0,0,0,0
0.23076453412524078,-0.9730096247159946,47.3,77.9,53.9,73.2,55.2,72.3,56.1,72.0,55.4,72.9,53.2,74.1,51.0,74.5,55.2,72.1,1,0,0,0,0,1,0,0,0,0,0,0,0,0,0,0,0,0,0
0.22639936088086815,-0.9740345627300575,47.3,77.9,53.9,73.2,55.2,72.3,56.1,72.0,55.4,72.9,53.2,74.1,51.0,74.5,55.2,72.1,1,0,0,0,0,0,0,0,0,0,0,0,0,0,0,0,0,0,0
0.22202963582405372,-0.9750399175499627,47.3,77.9,53.9,73.2,55.2,72.3,56.1,72.0,55.4,72.9,53.2,74.1,51.0,74.5,55.2,72.1,1,0,0,0,0,0,1,0,0,0,0,0,0,0,0,0,0,0,0
0.22115515232479,-0.9752386367449758,47.1,77.9,53.9,73.2,55.2,72.3,56.2,72.0,55.3,72.9,53.2,74.1,51.0,74.5,55.3,72.3,1,0,0,0,0,0,0,0,0,0,0,0,0,0,0,0,0,0,0
0.21240065139808786,-0.9771826662838775,47.1,77.9,53.9,73.2,55.2,72.3,56.2,72.0,55.3,72.9,53.2,74.1,51.0,74.5,55.3,72.3,1,0,0,0,0,0,0,0,0,0,0,0,0,0,0,0,0,0,0
0.20538471822646379,-0.9786813156074025,47.1,77.9,53.9,73.2,55.2,72.3,56.2,72.0,55.3,72.9,53.2,74.1,51.0,74.5,55.3,72.3,1,0,0,0,0,0,0,0,0,1,0,0,0,0,0,0,0,0,0
0.20362906909687278,-0.9790481102676931,47.2,77.9,53.9,73.4,55.3,72.3,56.2,72.0,55.3,72.9,53.2,74.3,50.6,74.5,55.3,72.5,1,0,0,0,0,0,0,0,0,1,0,0,0,0,0,0,0,0,0
0.19923709282101346,-0.9799513155479872,47.2,77.9,53.9,73.4,55.3,72.3,56.2,72.0,55.3,72.9,53.2,74.3,50.6,74.5,55.3,72.5,1,0,0,0,0,0,0,0,0,0,0,0,0,0,0,0,0,0,0
0.19747917576462717,-0.9803070820611893,47.2,77.9,53.9,73.4,55.3,72.3,56.2,72.0,55.3,72.9,53.2,74.3,50.6,74.5,55.3,72.5,1,0,0,0,0,0,0,0,0,0,0,0,0,0,0,0,0,0,0
0.1957206234488964,-0.9806596950812118,47.2,77.9,53.9,73.4,55.3,72.3,56.2,72.0,55.3,72.9,53.2,74.3,50.6,74.5,55.3,72.5,1,0,0,0,0,0,0,0,0,0,0,0,0,0,0,0,0,0,0
0.19396144153080686,-0.981009153473754,47.2,77.9,53.9,73.4,55.3,72.3,56.2,72.0,55.3,72.9,53.2,74.3,50.6,74.5,55.3,72.5,1,0,0,0,0,0,0,0,0,0,0,0,0,0,0,0,1,0,0
0.1851562860402171,-0.982709087034303,47.2,77.9,53.9,73.4,55.3,72.3,56.2,72.0,55.3,72.9,53.2,74.3,50.6,74.5,55.3,72.5,1,0,0,0,0,0,0,1,0,0,0,0,0,0,0,0,1,0,0
0.18074808010226415,-0.9835294258634795,47.2,77.9,53.9,73.4,55.3,72.3,56.2,72.0,55.3,72.9,53.2,74.3,50.6,74.5,55.3,72.5,1,0,0,0,0,0,0,0,0,0,0,0,0,0,0,0,1,0,0
0.1719208549793498,-0.9851107651544416,47.2,77.9,53.9,73.4,55.3,72.3,56.2,72.0,55.3,72.9,53.2,74.3,50.6,74.5,55.3,72.5,1,0,0,0,0,0,0,1,0,0,0,0,0,0,0,0,1,0,0
0.15422563783299692,-0.9880356535242062,47.3,78.1,53.8,73.4,55.4,72.3,56.2,72.0,55.3,72.3,53.2,74.3,50.6,74.5,55.3,72.5,1,0,0,0,0,0,0,1,0,0,0,0,0,0,0,0,1,0,0
0.14979385917111215,-0.9887172496495775,47.3,78.1,53.8,73.4,55.4,72.3,56.2,72.0,55.3,72.3,53.2,74.3,50.6,74.5,55.3,72.5,1,0,0,0,0,0,0,0,0,0,0,0,0,0,0,0,1,0,0
0.13025945572068356,-0.9914799413983882,46.9,78.1,53.9,73.4,55.4,72.3,56.3,72.1,55.3,73.0,53.2,74.3,50.7,74.5,55.4,72.5,1,0,0,0,0,0,0,0,0,0,0,0,0,0,0,0,1,0,0
0.10800014817950289,-0.9941508778818261,47.0,78.3,53.8,73.4,55.4,72.3,56.3,72.1,55.3,73.0,53.2,74.5,50.8,74.5,55.4,72.5,1,0,0,0,0,0,0,0,0,0,0,0,0,0,0,0,1,0,0
0.0928321303349235,-0.9956817742519343,47.1,78.3,53.8,73.6,55.5,72.5,56.3,72.1,55.3,73.0,53.2,74.5,50.7,74.5,55.4,72.5,1,0,0,0,0,0,0,0,0,0,0,0,0,0,0,0,1,0,0
0.06780413963631675,-0.9976986512209881,46.9,78.3,53.8,73.6,55.4,72.5,56.3,72.3,55.3,73.2,53.1,74.7,50.7,74.5,55.5,72.5,1,0,0,0,0,0,0,0,0,0,0,0,0,0,0,0,1,0,0
0.030186939125028983,-0.9995442705084462,47.2,78.4,53.8,73.6,55.5,72.5,56.3,72.3,55.3,73.2,53.1,74.7,50.9,74.7,55.5,72.5,1,0,0,0,0,0,0,0,0,0,0,0,0,0,0,0,1,0,0
0.015842415049738944,-0.9998745010677049,47.1,78.4,53.8,73.8,55.5,72.5,56.4,72.3,55.3,73.2,53.1,74.7,50.9,74.7,55.5,72.7,1,0,0,0,0,0,0,0,0,0,0,0,0,0,0,0,1,0,0
0.007771997665563486,-0.9999697975700499,47.1,78.4,53.8,73.8,55.5,72.5,56.4,72.3,55.3,73.2,53.1,74.7,50.9,74.7,55.5,72.7,1,0,0,0,0,0,0,0,0,0,0,0,0,0,0,0,0,0,0
-0.007473080354492197,-0.9999720761451368,47.1,78.4,53.8,73.6,55.6,72.7,56.4,72.3,55.3,73.2,53.1,74.8,50.9,74.7,55.6,72.7,1,0,0,0,0,0,0,0,0,0,0,0,0,0,0,0,0,0,0
-0.03885059959471768,-0.9992450304660668,47.1,78.6,53.8,73.8,55.5,72.7,56.4,72.3,55.3,73.2,53.1,74.8,50.9,74.7,55.6,72.7,1,0,0,0,0,0,0,0,0,0,0,0,0,0,0,0,0,0,0
-0.05676540908477405,-0.9983875441587993,46.8,78.8,53.8,73.9,55.6,72.7,56.5,72.3,55.3,73.2,53.1,74.8,50.9,74.7,55.6,72.7,1,0,0,0,0,0,0,0,0,0,0,0,0,0,0,0,0,0,0
-0.07734451006953799,-0.9970044266512076,46.9,78.8,53.8,73.9,55.6,72.7,56.5,72.3,55.3,73.2,53.1,75.0,50.9,74.8,55.6,72.7,1,0,0,0,0,0,0,0,0,0,0,0,0,0,0,0,0,0,0
-0.09878313917622845,-0.9951089846918728,46.7,78.8,53.8,73.9,55.6,72.7,56.5,72.3,55.4,73.4,53.1,75.0,50.9,74.8,55.6,72.7,1,0,0,0,0,0,0,0,0,0,0,0,0,0,0,0,0,0,0
-0.11839526148796256,-0.9929665462930748,46.6,78.8,53.8,73.9,55.7,72.7,56.6,72.3,55.3,73.4,53.1,75.0,50.9,74.8,55.6,72.9,1,0,0,0,0,0,0,0,0,0,0,0,0,0,0,0,0,0,0
-0.11928568430448465,-0.992859972765551,46.6,78.8,53.8,73.9,55.7,72.7,56.6,72.3,55.3,73.4,53.1,75.0,50.9,74.8,55.6,72.9,1,0,0,0,0,1,0,0,0,0,0,0,0,0,0,0,0,0,0
-0.13618467509532145,-0.9906834682526916,46.8,79.0,53.8,73.9,55.7,72.9,56.5,72.5,55.4,73.6,53.2,75.0,51.2,75.0,55.7,72.9,1,0,0,0,0,1,0,0,0,0,0,0,0,0,0,0,0,0,0
-0.1370730433447645,-0.9905609424907709,46.8,79.0,53.8,73.9,55.7,72.9,56.5,72.5,55.4,73.6,53.2,75.0,51.2,75.0,55.7,72.9,1,0,0,0,0,0,0,0,0,0,0,0,0,0,0,0,0,0,0
-0.14062540684341976,-0.9900628742408851,46.8,79.0,53.8,74.1,55.7,72.7,56.6,72.5,55.3,73.6,53.3,75.2,51.2,74.8,55.7,72.9,1,0,0,0,0,0,0,0,0,0,0,0,0,0,0,0,0,0,0
-0.1654387292375051,-0.9862200702015141,46.8,79.0,53.8,74.1,55.7,72.7,56.6,72.5,55.3,73.6,53.3,75.2,51.2,74.8,55.7,72.9,1,0,0,0,0,0,0,0,0,0,0,0,0,0,0,0,0,0,0
-0.1936681837304419,-0.9810670897602017,46.8,79.2,53.9,74.1,55.7,72.9,56.6,72.5,55.4,73.6,53.3,75.2,51.2,75.0,55.7,72.9,1,0,0,0,0,0,0,0,0,0,0,0,0,0,0,0,0,0,0
-0.2226125256677397,-0.9749070024447614,46.4,79.2,53.9,74.3,55.8,72.9,56.6,72.5,55.3,73.6,53.3,75.2,51.2,75.2,55.7,72.9,1,0,0,0,0,0,0,0,0,0,0,0,0,0,0,0,0,0,0
-0.233090735029872,-0.9724549908572807,46.4,79.3,53.9,74.3,55.8,72.9,56.6,72.5,55.4,73.8,53.3,75.2,51.2,75.2,55.7,73.0,1,0,0,0,0,0,0,0,0,0,0,0,0,0,0,0,0,0,0
-0.24615039574473724,-0.9692316455186083,46.5,79.3,53.9,74.3,55.8,73.0,56.6,72.5,55.4,73.8,53.3,75.4,51.2,75.2,55.7,72.9,1,0,0,0,0,0,0,0,0,0,0,0,0,0,0,0,0,0,0
-0.2478883701125213,-0.968788602308552,46.5,79.3,53.9,74.3,55.8,73.0,56.6,72.5,55.4,73.8,53.3,75.4,51.2,75.2,55.7,72.9,1,0,0,0,0,1,0,0,0,0,0,0,0,0,0,0,0,0,0
-0.2608973744896776,-0.9653665417779885,46.4,79.5,53.9,74.3,55.8,73.0,56.6,72.5,55.4,73.8,53.3,75.4,51.1,75.2,55.7,73.0,1,0,0,0,0,1,0,0,0,0,0,0,0,0,0,0,0,0,0
-0.2712707009388433,-0.9625030944428951,46.4,79.5,54.0,74.3,55.8,73.0,56.6,72.7,55.4,73.8,53.3,75.4,51.2,75.4,55.8,73.0,1,0,0,0,0,1,0,0,0,0,0,0,0,0,0,0,0,0,0
-0.2927795112653381,-0.9561799818984027,46.4,79.5,54.0,74.3,55.8,73.0,56.6,72.7,55.4,73.8,53.3,75.2,51.2,75.4,55.7,73.0,1,0,0,0,0,1,0,0,0,0,0,0,0,0,0,0,0,0,0
-0.30988112503445914,-0.9507753090753766,46.2,79.5,54.0,74.3,55.9,73.2,56.6,72.7,55.4,73.8,53.3,75.6,51.1,75.6,55.8,73.0,1,0,0,0,0,1,0,0,0,0,0,0,0,0,0,0,0,0,0
-0.33111732388632037,-0.9435895918366001,46.3,79.7,54.0,74.3,55.9,73.0,56.6,72.7,55.4,73.9,53.3,75.4,51.1,75.6,55.8,73.0,1,0,0,0,0,1,0,0,0,0,0,0,0,0,0,0,0,0,0
-0.3488275566583088,-0.9371869267738397,46.2,79.7,54.0,74.5,55.9,73.0,56.7,72.9,55.4,73.8,53.3,75.6,51.1,75.6,55.8,73.0,1,0,0,0,0,1,0,0,0,0,0,0,0,0,0,0,0,0,0
-0.3530262789879746,-0.9356134064579797,46.2,79.7,54.0,74.5,55.9,73.0,56.7,72.9,55.4,73.8,53.3,75.6,51.1,75.6,55.8,73.0,1,0,0,0,0,0,0,0,0,0,0,0,0,0,0,0,0,0,0
-0.36223836564510065,-0.932085493103914,46.2,79.7,54.0,74.5,55.9,73.0,56.7,72.9,55.4,73.8,53.3,75.6,51.1,75.6,55.8,73.0,1,0,0,0,0,0,0,1,0,0,0,0,0,0,0,0,0,0,0
-0.38304242655394566,-0.9237307505218526,46.1,79.9,54.0,74.5,56.0,73.2,56.7,72.9,55.4,73.9,53.4,75.6,51.1,75.6,55.8,73.0,1,0,0,0,0,0,0,1,0,0,0,0,0,0,0,0,0,0,0
-0.40775225823964567,-0.9130925998498013,46.2,79.9,54.0,74.5,55.9,73.2,56.7,72.9,55.4,73.9,53.4,75.7,51.1,75.7,55.9,73.2,1,0,0,0,0,0,0,1,0,0,0,0,0,0,0,0,0,0,0
-0.42811910671864767,-0.9037223193340016,46.0,80.1,54.0,74.7,56.0,73.2,56.7,72.9,55.5,73.9,53.4,75.7,51.1,75.7,55.9,73.2,1,0,0,0,0,0,0,1,0,0,0,0,0,0,0,0,0,0,0
-0.44987331187424606,-0.8930923822669732,45.9,80.1,54.0,74.7,56.0,73.2,56.7,72.9,55.5,73.9,53.4,75.7,51.1,75.7,55.9,73.2,1,0,0,0,0,0,0,1,0,0,0,0,0,0,0,0,0,0,0
-0.4642303772751241,-0.88571448944623,45.8,80.2,54.0,74.8,56.0,73.4,56.7,72.9,55.5,73.9,53.3,75.7,51.0,75.9,55.9,73.4,1,0,0,0,0,0,0,1,0,0,0,0,0,0,0,0,0,0,0
-0.4855380163921733,-0.8742155538755608,45.5,80.2,54.0,74.8,56.0,73.4,56.7,72.9,55.5,74.1,53.3,75.9,51.0,75.9,55.9,73.4,1,0,0,0,0,0,0,1,0,0,0,0,0,0,0,0,0,0,0
-0.49880869114646154,-0.8667121146244317,45.7,80.4,54.0,74.8,56.1,73.4,56.8,73.0,55.5,74.1,53.4,75.9,51.0,75.9,55.9,73.4,1,0,0,0,0,0,0,1,0,0,0,0,0,0,0,0,0,0,0
-0.5026899055301751,-0.8644668061169635,45.7,80.4,54.0,74.8,56.1,73.4,56.8,73.0,55.5,74.1,53.4,75.9,51.0,75.9,55.9,73.4,1,0,0,0,0,0,0,0,0,0,0,0,0,0,0,0,0,0,0
-0.5065610132150126,-0.8622041173008743,45.7,80.4,54.0,74.8,56.1,73.4,56.8,73.0,55.5,74.1,53.4,75.9,51.0,75.9,55.9,73.4,1,0,0,0,0,0,0,1,0,0,0,0,0,0,0,0,0,0,0
-0.5265248504798405,-0.8501597390062537,45.6,80.4,54.0,74.8,56.1,73.4,56.8,73.0,55.5,74.1,53.4,75.9,51.0,76.1,55.9,73.4,1,0,0,0,0,0,0,1,0,0,0,0,0,0,0,0,0,0,0
-0.5303315674616396,-0.8477903211016745,45.6,80.4,54.0,74.8,56.1,73.4,56.8,73.0,55.5,74.1,53.4,75.9,51.0,76.1,55.9,73.4,1,0,0,0,0,0,0,0,0,0,0,0,0,0,0,0,0,0,0
-0.5318512730496504,-0.8468377786538968,45.6,80.4,54.0,74.8,56.1,73.4,56.8,73.0,55.5,74.1,53.4,75.9,51.0,76.1,55.9,73.4,1,0,0,0,0,0,0,0,0,0,0,0,0,0,0,0,0,0,0
-0.546953426549992,-0.8371630362033565,45.6,80.4,54.0,74.8,56.1,73.4,56.8,73.0,55.6,74.3,53.3,75.9,50.9,76.1,56.0,73.6,1,0,0,0,0,0,0,0,0,0,0,0,0,0,0,0,0,0,0
-0.5766251073020426,-0.817008865085874,45.6,80.4,54.0,75.0,56.1,73.6,56.8,73.2,55.6,74.3,53.3,75.9,50.9,76.3,56.0,73.4,1,0,0,0,0,0,0,0,0,0,0,0,0,0,0,0,0,0,0
-0.5890131020644266,-0.8081234841263069,45.5,80.4,54.0,75.0,56.2,73.6,56.8,73.2,55.6,74.3,53.3,75.9,50.9,76.1,56.0,73.6,1,0,0,0,0,0,0,0,0,0,0,0,0,0,0,0,0,0,0
-0.6034117364621985,-0.7974297939628756,45.5,80.4,54.0,75.2,56.2,73.6,56.8,73.2,55.6,74.3,53.2,75.9,50.9,76.3,56.0,73.6,1,0,0,0,0,0,0,0,0,0,0,0,0,0,0,0,0,0,0
-0.619025869006309,-0.7853705962798607,45.5,80.4,53.9,75.0,56.2,73.6,56.8,73.2,55.5,74.3,53.1,75.9,50.9,76.3,56.0,73.6,1,0,0,0,0,0,0,0,0,0,0,0,0,0,0,0,0,0,0
-0.6295340916494344,-0.7769728614637204,45.5,80.4,53.9,75.2,56.2,73.6,56.8,73.2,55.6,74.3,53.2,76.1,50.8,76.3,56.0,73.6,1,0,0,0,0,0,0,0,0,0,0,0,0,0,0,0,0,0,0
-0.6502069235809873,-0.7597571694478099,45.5,80.4,53.9,75.2,56.2,73.6,56.9,73.4,55.5,74.5,53.0,76.1,50.8,76.3,56.0,73.8,1,0,0,0,0,0,0,0,0,0,0,0,0,0,0,0,0,0,0
-0.6637282852758815,-0.7479737718160565,45.5,80.4,53.9,75.2,56.2,73.8,56.9,73.4,55.6,74.5,53.0,76.1,50.8,76.5,56.0,73.8,1,0,0,0,0,0,0,0,0,0,0,0,0,0,0,0,0,0,0
-0.6730664588902984,-0.739582004862797,45.5,80.4,53.9,75.2,56.2,73.8,56.9,73.4,55.5,74.5,52.9,76.3,50.7,76.5,56.0,73.8,1,0,0,0,0,0,0,0,0,0,0,0,0,0,0,0,0,0,0
-0.6816426565518648,-0.7316852388622559,45.5,80.4,53.9,75.2,56.2,73.8,56.9,73.4,55.5,74.5,52.9,76.3,50.7,76.5,56.0,73.8,1,0,0,0,0,0,1,0,0,0,0,0,0,0,0,0,0,0,0
-0.6959445665709042,-0.7180955091493305,45.5,80.4,53.8,75.2,56.2,73.8,56.9,73.4,55.5,74.5,52.7,76.3,50.5,76.5,56.0,73.8,1,0,0,0,0,0,1,0,0,0,0,0,0,0,0,0,0,0,0
-0.7181371150505966,-0.6959016338440412,45.4,80.4,53.8,75.2,56.2,73.8,56.9,73.4,55.5,74.7,52.6,76.3,50.4,76.5,56.0,73.8,1,0,0,0,0,0,1,0,0,0,0,0,0,0,0,0,0,0,0
-0.7365970602614872,-0.6763318496227536,45.5,80.4,53.7,75.2,56.2,73.8,56.9,73.4,55.5,74.7,52.4,76.3,50.3,76.6,56.0,73.8,1,0,0,0,0,0,1,0,0,0,0,0,0,0,0,0,0,0,0
-0.7486083275615627,-0.6630124975484851,45.3,80.2,53.6,75.4,56.2,73.8,56.9,73.4,55.4,74.7,52.1,76.3,50.2,76.6,56.0,73.8,1,0,0,0,0,0,1,0,0,0,0,0,0,0,0,0,0,0,0
-0.7621233496475038,-0.6474318496352095,45.3,80.2,53.6,75.2,56.2,73.8,56.8,73.4,55.4,74.7,52.0,76.3,50.2,76.6,55.9,73.8,1,0,0,0,0,0,1,0,0,0,0,0,0,0,0,0,0,0,0
-0.7758802264225299,-0.6308802376414431,45.4,80.2,53.5,75.4,56.2,73.8,56.9,73.4,55.4,74.7,51.9,76.5,49.9,76.6,55.9,73.9,1,0,0,0,0,0,1,0,0,0,0,0,0,0,0,0,0,0,0
-0.7942078377127837,-0.607646205053224,45.2,80.1,53.5,75.4,56.2,73.8,56.9,73.4,55.4,74.7,51.9,76.5,49.7,76.6,55.9,73.9,1,0,0,0,0,0,1,0,0,0,0,0,0,0,0,0,0,0,0
-0.7969244634263117,-0.6040789680105451,45.2,80.1,53.5,75.4,56.2,73.8,56.9,73.4,55.4,74.7,51.9,76.5,49.7,76.6,55.9,73.9,1,0,0,0,0,0,0,0,0,0,0,0,0,0,0,0,0,0,0
-0.7980066305004435,-0.602648668526969,45.2,80.1,53.5,75.4,56.2,73.8,56.9,73.4,55.4,74.7,51.9,76.5,49.7,76.6,55.9,73.9,1,0,0,0,0,0,0,0,0,0,0,0,0,0,0,0,0,0,0
-0.8113160068932607,-0.5846078488686024,45.2,80.1,53.4,75.4,56.1,73.9,56.8,73.4,55.3,74.7,52.2,76.5,49.7,76.6,55.8,73.9,1,0,0,0,0,0,0,0,0,0,0,0,0,0,0,0,0,0,0
-0.8128858592414081,-0.5824230248241888,45.2,80.1,53.3,75.4,56.1,73.9,56.8,73.6,55.3,74.7,51.8,76.5,49.7,76.6,55.8,73.9,1,0,0,0,0,0,0,0,0,0,0,0,0,0,0,0,0,0,0
-0.8180761443694846,-0.5751099216789415,45.2,80.1,53.3,75.4,56.1,73.9,56.8,73.6,55.3,74.7,51.8,76.5,49.7,76.6,55.8,73.9,1,0,0,0,0,0,0,0,0,1,0,0,0,0,0,0,0,0,0
-0.828258932141689,-0.5603455552848697,45.2,79.9,53.2,75.4,56.1,73.9,56.8,73.4,55.2,74.7,51.8,76.5,49.5,76.6,55.8,73.9,1,0,0,0,0,0,0,0,0,1,0,0,0,0,0,0,0,0,0
-0.830763125355214,-0.556626112889107,45.2,79.9,53.2,75.4,56.1,73.9,56.8,73.4,55.2,74.7,51.8,76.5,49.5,76.6,55.8,73.9,1,0,0,0,0,0,0,0,0,0,0,0,0,0,0,0,0,0,0
-0.8317601286961136,-0.5551351982278051,45.2,79.9,53.2,75.4,56.1,73.9,56.8,73.4,55.2,74.7,51.8,76.5,49.5,76.6,55.8,73.9,1,0,0,0,0,0,1,0,0,0,0,0,0,0,0,0,0,0,0
-0.8406123728967183,-0.5416371834844323,45.3,79.9,53.2,75.4,56.1,73.9,56.7,73.4,55.2,74.7,52.5,76.5,49.5,76.6,55.7,73.9,1,0,0,0,0,0,1,0,0,0,0,0,0,0,0,0,0,0,0
-0.8430325559266479,-0.5378625378735566,45.3,79.9,53.2,75.4,56.1,73.9,56.7,73.4,55.2,74.7,52.5,76.5,49.5,76.6,55.7,73.9,1,0,0,0,0,0,1,1,0,0,0,0,0,0,0,0,0,0,0
-0.8439958860290152,-0.5363496474932165,45.3,79.9,53.2,75.4,56.1,73.9,56.7,73.4,55.2,74.7,52.5,76.5,49.5,76.6,55.7,73.9,1,0,0,0,0,0,0,1,0,0,0,0,0,0,0,0,0,0,0
-0.8454357895886025,-0.5340770784097517,45.3,79.9,53.1,75.4,56.0,73.9,56.7,73.6,55.2,74.7,52.5,76.5,49.4,76.6,55.7,73.9,1,0,0,0,0,0,0,1,0,0,0,0,0,0,0,0,0,0,0
-0.850191215880015,-0.5264740225694539,45.3,79.9,53.1,75.4,56.0,73.9,56.7,73.6,55.2,74.7,52.5,76.5,49.4,76.6,55.7,73.9,1,0,0,0,0,0,0,0,0,0,0,0,0,0,0,0,0,0,0
-0.8534793549818308,-0.5211266550655398,45.3,79.9,53.1,75.4,56.0,73.9,56.7,73.6,55.2,74.7,52.5,76.5,49.4,76.6,55.7,73.9,1,0,0,0,1,0,0,0,0,0,0,0,0,0,0,0,0,0,0
-0.8548782693370188,-0.5188286274053732,45.2,79.9,53.0,75.4,56.0,73.9,56.6,73.6,55.2,74.8,52.0,76.5,49.4,76.6,55.7,73.9,1,0,0,0,1,0,0,0,0,0,0,0,0,0,0,0,0,0,0
-0.8571960382446975,-0.5149902445848806,45.2,79.9,53.0,75.4,56.0,73.9,56.6,73.6,55.2,74.8,52.0,76.5,49.4,76.6,55.7,73.9,1,0,0,0,0,0,0,0,0,0,0,0,0,0,0,0,0,0,0
-0.8613245611821112,-0.5080551154200138,45.2,79.9,53.0,75.4,56.0,73.9,56.6,73.6,55.2,74.8,52.0,76.5,49.4,76.6,55.7,73.9,1,0,0,0,0,0,0,0,0,0,0,0,0,0,0,0,0,0,0
-0.8707391283317153,-0.49174522915034435,45.3,79.9,53.0,75.4,56.0,73.9,56.5,73.6,55.2,74.8,52.0,76.5,49.3,76.8,55.6,73.9,1,0,0,0,0,0,0,0,0,0,0,0,0,0,0,0,0,0,0
-0.8733724287431883,-0.48705297526164903,45.3,79.9,53.0,75.4,56.0,73.9,56.5,73.6,55.2,74.8,52.0,76.5,49.3,76.8,55.6,73.9,1,0,0,0,0,0,0,1,0,0,0,0,0,0,0,0,0,0,0
-0.8836520244299947,-0.4681443150576242,45.3,79.9,52.8,75.6,55.9,73.9,56.5,73.6,55.0,74.7,52.4,76.5,49.3,76.8,55.5,73.9,1,0,0,0,0,0,0,1,0,0,0,0,0,0,0,0,0,0,0
-0.8857422419689549,-0.4641774238282269,45.3,79.9,52.8,75.6,55.9,73.9,56.5,73.6,55.0,74.7,52.4,76.5,49.3,76.8,55.5,73.9,1,0,0,0,0,0,0,0,0,0,0,0,0,0,0,0,0,0,0
-0.8861581498484775,-0.46338292313930096,45.3,79.9,52.8,75.6,55.9,73.9,56.5,73.6,55.0,74.7,52.4,76.5,49.3,76.8,55.5,73.9,1,0,0,0,0,0,1,0,0,0,0,0,0,0,0,0,0,0,0
-0.8898692112117984,-0.4562157241232394,45.3,79.7,52.8,75.4,55.9,73.9,56.5,73.6,55.0,74.8,52.5,76.5,49.2,76.8,55.5,74.1,1,0,0,0,0,0,1,0,0,0,0,0,0,0,0,0,0,0,0
-0.8919058799419921,-0.452221075719499,45.3,79.7,52.8,75.4,55.9,73.9,56.5,73.6,55.0,74.8,52.5,76.5,49.2,76.8,55.5,74.1,1,0,0,0,0,0,0,0,0,0,0,0,0,0,0,0,0,0,0
-0.8959253808822268,-0.4442045833746392,45.3,79.7,52.8,75.4,55.9,73.9,56.5,73.6,55.0,74.8,52.5,76.5,49.2,76.8,55.5,74.1,1,0,0,0,0,0,0,0,0,0,0,0,0,0,0,0,0,0,0
-0.8983025175093935,-0.4393774994651932,45.3,79.7,52.8,75.4,55.9,73.9,56.5,73.6,55.0,74.8,52.5,76.5,49.2,76.8,55.5,74.1,1,0,0,0,0,0,0,0,0,0,0,0,0,0,1,0,0,0,0
-0.8998728310219294,-0.436152367858502,45.4,79.7,52.7,75.6,55.8,73.9,56.4,73.6,55.0,74.8,51.5,76.5,49.1,76.6,55.4,73.9,1,0,0,0,0,0,0,0,0,0,0,0,0,0,1,0,0,0,0
-0.9029787010314897,-0.4296853098297445,45.4,79.7,52.7,75.6,55.8,73.9,56.4,73.6,55.0,74.8,51.5,76.5,49.1,76.6,55.4,73.9,1,0,0,0,0,0,1,0,0,0,0,0,0,0,1,0,0,0,0
-0.913482222844968,-0.40687864105432736,45.3,79.7,52.6,75.6,55.8,73.9,56.3,73.6,54.9,74.8,51.5,76.5,49.1,76.8,55.4,73.9,1,0,0,0,0,0,1,0,0,0,0,0,0,0,1,0,0,0,0
-0.9213312826772877,-0.3887784299060632,45.3,79.7,52.6,75.6,54.9,74.1,56.3,73.6,54.9,74.8,51.2,76.5,48.9,76.8,55.3,74.1,1,0,0,0,0,0,1,0,0,0,0,0,0,0,1,0,0,0,0
-0.9324315705021018,-0.361346601382916,45.3,79.5,52.5,75.6,54.8,73.9,56.2,73.6,54.8,74.8,51.1,76.5,48.9,76.8,55.3,74.1,1,0,0,0,0,0,1,0,0,0,0,0,0,0,1,0,0,0,0
-0.9424157651806238,-0.33444360591737937,45.4,79.5,52.5,75.6,54.2,74.1,56.2,73.6,54.8,74.8,51.1,76.6,48.8,76.8,55.2,74.1,1,0,0,0,0,0,1,0,0,0,0,0,0,0,1,0,0,0,0
-0.9496763445741266,-0.31323288549627853,45.4,79.5,52.4,75.6,53.9,74.1,56.1,73.6,54.7,74.8,51.1,76.6,48.8,76.8,55.2,74.1,1,0,0,0,0,0,1,0,0,0,0,0,0,0,1,0,0,0,0
-0.9543411073910611,-0.2987190163742562,45.4,79.5,52.4,75.6,53.9,74.1,56.0,73.6,54.7,74.8,51.0,76.5,48.6,76.8,55.2,74.1,1,0,0,0,0,0,1,0,0,0,0,0,0,0,1,0,0,0,0
-0.9582729143150798,-0.285854896214992,45.4,79.5,52.4,75.6,53.8,74.1,56.0,73.6,54.6,74.8,51.0,76.6,48.6,76.8,55.2,74.1,1,0,0,0,0,0,1,0,0,0,0,0,0,0,1,0,0,0,0
-0.9595450187647676,-0.281555246734494,45.4,79.5,52.4,75.6,53.8,74.1,56.0,73.6,54.6,74.8,51.0,76.6,48.6,76.8,55.2,74.1,1,0,0,0,0,0,0,0,0,0,0,0,0,0,1,0,0,0,0
-0.9620313268406538,-0.2729390521292457,45.4,79.5,52.4,75.6,53.8,74.1,56.0,73.6,54.6,74.8,51.0,76.6,48.6,76.8,55.2,74.1,1,0,0,0,0,0,0,0,0,1,0,0,0,0,1,0,0,0,0
-0.9627621416186514,-0.2703498819416572,45.4,79.5,52.4,75.6,53.8,74.1,56.0,73.6,54.6,74.8,51.0,76.6,48.6,76.8,55.2,74.1,1,0,0,0,0,0,0,0,0,0,0,0,0,0,1,0,0,0,0
-0.9632454804790436,-0.2686226802351143,45.4,79.3,52.3,75.6,53.6,74.1,56.0,73.6,54.6,74.8,51.1,76.5,48.6,76.8,55.1,74.1,1,0,0,0,0,0,0,0,0,0,0,0,0,0,1,0,0,0,0
-0.9656156649029829,-0.2599738211704597,45.4,79.3,52.3,75.6,53.6,74.1,56.0,73.6,54.6,74.8,51.1,76.5,48.6,76.8,55.1,74.1,1,0,0,0,0,0,0,0,0,0,0,0,0,0,1,0,0,0,0
-0.9660803891378468,-0.2582415182019859,45.4,79.3,52.3,75.6,53.6,74.1,56.0,73.6,54.6,74.8,51.1,76.5,48.6,76.8,55.1,74.1,1,0,0,0,0,0,0,0,0,0,0,0,0,0,1,0,0,0,0
-0.9679081939963026,-0.25130405487141644,45.3,79.3,52.2,75.6,53.6,74.1,56.0,73.6,54.6,74.8,51.6,76.6,48.6,76.8,55.1,74.1,1,0,0,0,0,0,0,0,0,0,0,0,0,0,1,0,0,0,0
-0.9701228833925812,-0.24261407856524794,45.3,79.3,52.2,75.6,53.6,74.1,56.0,73.6,54.6,74.8,51.6,76.6,48.6,76.8,55.1,74.1,1,0,0,0,0,0,0,0,0,0,0,0,0,0,0,0,0,0,0
-0.971626755722357,-0.23651944436863354,45.3,79.3,52.2,75.6,53.6,74.1,56.0,73.6,54.6,74.8,51.6,76.6,48.6,76.8,55.1,74.1,1,0,0,0,0,0,1,0,0,0,0,0,0,0,0,0,0,0,0
-0.9722595549853074,-0.2339045911045189,45.5,79.3,52.2,75.6,53.8,74.1,55.9,73.6,54.5,75.0,51.0,76.6,48.4,76.8,55.0,74.1,1,0,0,0,0,0,1,0,0,0,0,0,0,0,0,0,0,0,0
-0.9732985801622827,-0.22954274951321074,45.5,79.3,52.2,75.6,53.8,74.1,55.9,73.6,54.5,75.0,51.0,76.6,48.4,76.8,55.0,74.1,1,0,0,0,0,0,0,0,0,0,0,0,0,0,0,0,0,0,0
-0.9762981637190439,-0.21642988591879583,45.5,79.3,52.2,75.6,53.8,74.1,55.9,73.6,54.5,75.0,51.0,76.6,48.4,76.8,55.0,74.1,1,0,0,0,0,0,0,1,0,0,0,0,0,0,0,0,0,0,0
-0.9791210913041386,-0.20327786048508278,45.3,79.3,52.1,75.6,54.3,74.1,55.9,73.6,54.4,74.8,51.2,76.6,48.4,76.8,55.0,74.1,1,0,0,0,0,0,0,1,0,0,0,0,0,0,0,0,0,0,0
-0.9798439708336856,-0.19976434321689018,45.3,79.3,52.1,75.6,54.3,74.1,55.9,73.6,54.4,74.8,51.2,76.6,48.4,76.8,55.0,74.1,1,0,0,0,0,0,0,0,0,0,0,0,0,0,0,0,0,0,0
-0.9800227210752946,-0.198885560501951,45.3,79.3,52.1,75.6,54.6,74.1,55.9,73.6,54.4,75.0,51.3,76.5,48.4,76.8,54.9,74.1,1,0,0,0,0,0,0,0,0,0,0,0,0,0,0,0,0,0,0
-0.9832690680776345,-0.18215910562401247,45.3,79.3,52.1,75.6,54.6,74.1,55.9,73.6,54.4,75.0,51.3,76.5,48.4,76.8,54.9,74.1,1,0,0,0,1,0,0,0,0,0,0,0,0,0,0,0,0,0,0
-0.9834320289545327,-0.18127725843682427,45.2,79.3,52.1,75.6,54.7,74.1,55.8,73.6,54.4,74.8,51.3,76.5,48.4,76.8,55.0,74.1,1,0,0,0,1,0,0,0,0,0,0,0,0,0,0,0,0,0,0
-0.9842349674416513,-0.17686584991210588,45.2,79.3,52.1,75.6,54.7,74.1,55.8,73.6,54.4,74.8,51.3,76.5,48.4,76.8,55.0,74.1,1,0,0,0,0,0,0,0,0,0,0,0,0,0,0,0,0,0,0
-0.9860812537424233,-0.16626413028001757,45.2,79.3,52.1,75.6,54.7,74.1,55.8,73.6,54.4,74.8,51.3,76.5,48.4,76.8,55.0,74.1,1,0,0,0,0,0,0,0,0,0,0,0,0,0,0,0,0,0,0
-0.9878133466745764,-0.15564315639170623,45.4,79.3,52.0,75.6,54.8,74.1,55.8,73.6,54.5,75.0,51.3,76.6,48.4,76.8,54.9,74.1,1,0,0,0,0,0,0,0,0,0,0,0,0,0,0,0,0,0,0
-0.9910542455218565,-0.13345966594107694,45.4,79.3,52.0,75.6,54.9,74.1,55.8,73.6,54.4,75.0,51.3,76.6,48.4,76.8,54.8,74.1,1,0,0,0,0,0,0,0,0,0,0,0,0,0,0,0,0,0,0
-0.9931842676241803,-0.11655475341581091,45.4,79.2,52.0,75.6,54.9,74.1,55.7,73.6,54.4,75.0,51.1,76.5,48.4,76.8,54.8,74.3,1,0,0,0,0,0,0,0,0,0,0,0,0,0,0,0,0,0,0
-0.9953768866744084,-0.09604610077646056,45.4,79.3,52.0,75.6,54.9,74.1,55.6,73.8,54.3,75.0,50.9,76.5,48.3,76.8,54.7,74.1,1,0,0,0,0,0,0,0,0,0,0,0,0,0,0,0,0,0,0
-0.9974104588614139,-0.07191923632703406,45.4,79.2,51.9,75.6,54.9,74.1,55.6,73.6,54.3,75.0,50.9,76.5,48.3,76.8,54.7,74.1,1,0,0,0,0,0,0,0,0,0,0,0,0,0,0,0,0,0,0
-0.9983909361058402,-0.05670572018504161,45.5,79.2,51.9,75.6,54.9,74.1,55.6,73.6,54.2,75.0,50.8,76.6,48.2,76.8,54.7,74.1,1,0,0,0,0,0,0,0,0,0,0,0,0,0,0,0,0,0,0
-0.9994999280306968,-0.03162109844126303,45.4,79.2,51.9,75.6,54.9,74.1,55.6,73.6,54.1,75.0,50.8,76.6,48.1,76.8,54.6,74.1,1,0,0,0,0,0,0,0,0,0,0,0,0,0,0,0,0,0,0
-0.9999576166050583,-0.009206790620581143,45.5,79.2,51.9,75.6,54.9,74.1,55.5,73.6,54.1,75.0,50.8,76.6,48.1,76.8,54.6,74.1,1,0,0,0,0,0,0,0,0,0,0,0,0,0,0,0,0,0,0
-0.999998791896964,0.001554414556217666,45.5,79.0,51.8,75.6,54.9,74.1,55.5,73.8,54.1,75.0,50.7,76.5,48.1,76.8,54.6,74.3,1,0,0,0,0,0,0,0,0,0,0,0,0,0,0,0,0,0,0
-0.9999693311325396,0.00783178104529393,45.5,79.0,51.8,75.6,54.9,74.1,55.5,73.8,54.1,75.0,50.7,76.5,48.1,76.8,54.6,74.3,1,0,0,0,0,1,0,0,0,0,0,0,0,0,0,0,0,0,0
-0.9997735142048406,0.0212819241259651,45.4,79.0,51.8,75.6,54.9,74.1,55.5,73.8,54.1,75.0,50.7,76.6,48.0,76.8,54.5,74.1,1,0,0,0,0,1,0,0,0,0,0,0,0,0,0,0,0,0,0
-0.9991219285914992,0.04189715751221232,45.4,79.2,51.8,75.6,54.8,74.1,55.4,73.6,54.0,75.0,50.7,76.5,48.0,76.8,54.4,74.1,1,0,0,0,0,1,0,0,0,0,0,0,0,0,0,0,0,0,0
-0.997315002626018,0.07323104216837036,45.3,79.0,51.6,75.7,54.8,74.1,55.4,73.8,54.0,75.0,50.7,76.6,48.0,77.0,54.4,74.1,1,0,0,0,0,1,0,0,0,0,0,0,0,0,0,0,0,0,0
-0.9952496987603486,0.0973552110440696,45.3,79.0,51.6,75.6,54.8,74.1,55.2,73.8,54.0,75.0,50.4,76.5,47.9,76.8,54.4,74.1,1,0,0,0,0,1,0,0,0,0,0,0,0,0,0,0,0,0,0
-0.9922706803814032,0.12409229168416228,45.4,79.0,51.6,75.6,54.8,74.1,55.2,73.8,53.9,75.0,50.4,76.5,47.9,77.0,54.3,74.3,1,0,0,0,0,1,0,0,0,0,0,0,0,0,0,0,0,0,0
-0.9889754717131066,0.14807942581546668,45.4,79.0,51.6,75.6,54.7,74.1,55.2,73.8,53.9,75.0,50.4,76.5,47.9,76.8,54.3,74.1,1,0,0,0,0,1,0,0,0,0,0,0,0,0,0,0,0,0,0
-0.9871819781425222,0.15959869056673626,45.4,79.0,51.6,75.6,54.7,74.1,55.2,73.6,53.9,75.0,50.4,76.5,47.8,76.8,54.3,74.1,1,0,0,0,0,1,0,0,0,0,0,0,0,0,0,0,0,0,0
-0.9838413232210896,0.17904259471582598,45.4,79.0,51.5,75.6,54.6,74.1,55.1,73.6,53.8,75.0,50.4,76.5,47.8,76.8,54.2,74.1,1,0,0,0,0,1,0,0,0,0,0,0,0,0,0,0,0,0,0
-0.9836803661765829,0.17992480984762393,45.3,78.8,51.5,75.6,54.6,74.1,55.1,73.6,53.8,75.0,50.5,76.5,47.8,77.0,54.2,74.3,1,0,0,0,0,1,0,0,0,0,0,0,0,0,0,0,0,0,0
-0.9828637172709112,0.1843337008590842,45.3,78.8,51.5,75.6,54.6,74.1,55.1,73.6,53.8,75.0,50.5,76.5,47.8,77.0,54.2,74.3,1,0,0,0,0,0,0,0,0,0,0,0,0,0,0,0,0,0,0
-0.9809975556971239,0.19402009101190587,45.3,78.8,51.5,75.6,54.6,74.1,55.1,73.6,53.8,75.0,50.5,76.5,47.8,77.0,54.2,74.3,1,0,0,0,0,0,0,0,0,0,0,0,0,0,0,0,0,0,0
-0.9782989870467502,0.2071981948360129,45.3,79.0,51.5,75.6,54.6,74.1,55.1,73.6,53.8,75.0,50.5,76.5,47.8,76.8,54.2,74.1,1,0,0,0,0,0,0,0,0,0,0,0,0,0,0,0,0,0,0
-0.9750266417214112,0.2220879283830323,45.3,79.0,51.4,75.6,54.6,74.1,55.1,73.6,53.7,75.0,50.5,76.5,47.7,76.8,54.2,74.3,1,0,0,0,0,0,0,0,0,0,0,0,0,0,0,0,0,0,0
-0.9715276881054017,0.2369260459395998,45.3,78.8,51.4,75.6,54.6,74.1,55.0,73.8,53.7,75.0,50.6,76.5,47.7,76.8,54.2,74.3,1,0,0,0,0,0,0,0,0,0,0,0,0,0,0,0,0,0,0
-0.9682528368817443,0.24997288627059985,45.3,78.8,51.4,75.6,54.5,74.3,55.0,73.8,53.7,75.0,50.4,76.5,47.7,76.8,54.1,74.1,1,0,0,0,1,0,0,0,0,0,0,0,0,0,0,0,0,0,0
-0.9624057246830116,0.2716159441147875,45.3,79.0,51.3,75.6,54.5,74.1,55.0,73.8,53.7,75.0,50.4,76.6,47.7,77.0,54.1,74.3,1,0,0,0,1,0,0,0,0,0,0,0,0,0,0,0,0,0,0
-0.9581532011593644,0.2862559049313438,45.3,78.8,51.3,75.6,54.5,74.1,55.0,73.8,53.7,75.0,50.4,76.5,47.6,76.8,54.1,74.3,1,0,0,0,1,0,0,0,0,0,0,0,0,0,0,0,0,0,0
-0.9573796105985326,0.2888326179817684,45.3,78.8,51.3,75.6,54.4,74.1,54.9,73.6,53.6,75.0,50.4,76.5,47.6,76.8,54.1,74.3,1,0,0,0,1,0,0,0,0,0,0,0,0,0,0,0,0,0,0
-0.9560748970944196,0.2931224848862585,45.3,78.8,51.3,75.6,54.4,74.1,54.9,73.6,53.6,75.0,50.4,76.5,47.6,76.8,54.1,74.3,1,0,0,0,0,0,0,0,0,0,0,0,0,0,0,0,0,0,0
-0.949263536057489,0.3144816991680632,45.3,78.8,51.3,75.6,54.4,74.1,54.9,73.6,53.6,75.0,50.4,76.5,47.6,76.8,54.1,74.3,1,0,0,0,1,0,0,0,0,0,0,0,0,0,0,0,0,0,0
-0.941371484279541,0.3373717957763126,45.3,78.8,51.3,75.6,54.4,74.1,54.9,73.8,53.6,75.0,50.4,76.5,47.6,77.0,54.1,74.1,1,0,0,0,1,0,0,0,0,0,0,0,0,0,0,0,0,0,0
-0.9376864752716536,0.3474824802671675,45.1,78.8,51.2,75.6,54.4,74.1,54.8,73.6,53.6,75.0,50.4,76.5,47.6,77.0,54.0,74.1,1,0,0,0,1,0,0,0,0,0,0,0,0,0,0,0,0,0,0
-0.9329275619375115,0.3600641112042837,45.2,78.8,51.2,75.6,54.4,74.1,54.9,73.8,53.6,75.2,50.5,76.5,47.6,76.8,53.9,74.1,1,0,0,0,1,0,0,0,0,0,0,0,0,0,0,0,0,0,0
-0.9293303552841347,0.369249361201159,45.2,78.8,51.2,75.6,54.3,74.1,54.8,73.8,53.6,75.0,50.5,76.5,47.6,76.8,53.9,74.1,1,0,0,0,1,0,0,0,0,0,0,0,0,0,0,0,0,0,0
-0.9276653451300984,0.3734126503543438,45.2,78.8,51.2,75.6,54.3,74.1,54.8,73.8,53.6,75.0,50.5,76.5,47.6,76.8,53.9,74.1,1,0,0,0,0,0,0,0,0,0,0,0,0,0,0,0,0,0,0
-0.9256427166897362,0.3783986800178414,45.2,78.8,51.2,75.6,54.3,74.1,54.8,73.8,53.6,75.0,50.5,76.5,47.6,76.8,53.9,74.1,1,0,0,0,0,0,0,0,0,0,0,0,0,0,0,0,0,0,0
-0.9242794058820593,0.38171662246004906,45.3,78.8,51.2,75.6,54.3,74.1,54.8,73.6,53.6,75.0,50.5,76.5,47.6,76.8,53.9,74.1,1,0,0,0,0,0,0,0,0,0,0,0,0,0,0,0,0,0,0
-0.9208191355875617,0.3899898967098707,45.3,78.8,51.2,75.6,54.3,74.1,54.8,73.6,53.6,75.0,50.5,76.5,47.6,76.8,53.9,74.1,1,0,0,0,0,1,0,0,0,0,0,0,0,0,0,0,0,0,0
-0.9190612130264929,0.3941148141218133,45.3,78.8,51.2,75.6,54.3,74.1,54.8,73.6,53.6,75.0,50.5,76.5,47.6,76.8,53.9,74.1,1,0,0,0,0,0,0,0,0,0,0,0,0,0,0,0,0,0,0
-0.9176415691504084,0.39740904691158724,45.3,78.8,51.2,75.6,54.3,74.1,54.8,73.6,53.6,75.0,50.5,76.5,47.6,76.8,53.9,74.1,1,0,0,0,0,0,0,0,0,0,0,0,0,0,0,0,0,0,0
-0.9133118656120859,0.4072608944303039,45.2,78.8,51.1,75.6,54.3,74.1,54.7,73.8,53.5,75.0,50.4,76.5,47.6,76.8,53.9,74.1,1,0,0,0,0,0,0,0,0,0,0,0,0,0,0,0,0,0,0
-0.908126903863074,0.41869502800972813,45.3,78.8,51.1,75.6,54.3,74.1,54.7,73.8,53.5,75.0,50.4,76.5,47.6,77.0,53.9,74.3,1,0,0,0,0,0,0,0,0,0,0,0,0,0,0,0,0,0,0
-0.9050997474327286,0.4251993029124236,45.3,78.8,51.1,75.6,54.3,74.1,54.7,73.8,53.5,75.0,50.4,76.5,47.6,77.0,53.9,74.3,1,0,0,0,1,0,0,0,0,0,0,0,0,0,0,0,0,0,0
-0.8981185609510954,0.43975339734348107,45.3,78.8,51.1,75.6,54.3,74.3,54.7,73.8,53.4,75.0,50.4,76.5,47.6,76.8,53.8,74.3,1,0,0,0,1,0,0,0,0,0,0,0,0,0,0,0,0,0,0
-0.8965353414567431,0.4429722130326473,45.3,78.8,51.1,75.4,54.2,74.1,54.7,73.8,53.5,75.0,50.4,76.5,47.6,76.8,53.8,74.1,1,0,0,0,1,0,0,0,0,0,0,0,0,0,0,0,0,0,0
-0.8945400969318162,0.4469877123380651,45.3,78.8,51.1,75.4,54.2,74.1,54.7,73.8,53.5,75.0,50.4,76.5,47.6,76.8,53.8,74.1,1,0,0,0,0,0,0,0,0,0,0,0,0,0,0,0,0,0,0
-0.8933343148636362,0.4493927034199795,45.3,78.8,51.1,75.4,54.2,74.1,54.7,73.8,53.5,75.0,50.4,76.5,47.6,76.8,53.8,74.1,1,0,0,0,0,0,0,1,0,0,0,0,0,0,0,0,0,0,0
-0.8904956935407818,0.4549916700175093,45.2,78.8,51.1,75.6,54.2,74.3,54.7,73.8,53.5,75.0,50.4,76.5,47.5,77.0,53.8,74.1,1,0,0,0,0,0,0,1,0,0,0,0,0,0,0,0,0,0,0
-0.888034655661834,0.4597765221752497,45.2,78.8,51.1,75.6,54.2,74.3,54.7,73.8,53.5,75.0,50.4,76.5,47.5,77.0,53.8,74.1,1,0,0,0,0,0,0,0,0,0,0,0,0,0,0,0,0,0,0
-0.8872085928397272,0.4613685216736738,45.2,78.8,51.1,75.6,54.2,74.3,54.7,73.8,53.5,75.0,50.4,76.5,47.5,77.0,53.8,74.1,1,0,0,0,0,0,0,0,0,0,0,0,1,0,0,0,0,0,0
-0.8800720988489998,0.474840079213535,45.2,78.8,51.1,75.6,54.2,74.1,54.6,73.8,53.4,75.0,50.6,76.5,47.5,76.8,53.8,74.3,1,0,0,0,0,0,0,0,0,0,0,0,1,0,0,0,0,0,0
-0.875345268026161,0.483498357540342,45.2,78.8,51.1,75.6,54.2,74.1,54.6,73.8,53.4,75.0,50.2,76.5,46.7,77.0,53.7,74.1,1,0,0,0,0,0,0,0,0,0,0,0,1,0,0,0,0,0,0
-0.8705332584816741,0.4921095872641365,45.2,78.8,51.1,75.6,54.2,74.1,54.6,73.8,53.4,75.0,50.2,76.5,46.7,77.0,53.7,74.1,1,0,0,0,0,0,0,0,0,0,0,0,1,0,0,0,0,0,0
-0.8592825868862778,0.5115011592108335,45.2,78.8,51.1,75.4,54.2,74.1,54.5,73.8,53.4,75.0,50.1,76.5,45.9,76.8,53.7,74.1,1,0,0,0,0,0,0,0,0,0,0,0,1,0,0,0,0,0,0
-0.8403856260824375,0.541988929291023,45.1,78.6,51.1,75.4,54.1,74.1,54.5,73.8,53.3,75.0,50.0,76.5,46.4,76.3,53.7,74.3,1,0,0,0,0,0,0,0,0,0,0,0,1,0,0,0,0,0,0
-0.8280243570232637,0.5606921295829029,45.2,78.6,51.0,75.6,54.1,74.3,54.5,73.8,53.3,75.0,50.0,76.5,46.4,76.1,53.6,74.1,1,0,0,0,0,0,0,0,0,0,0,0,1,0,0,0,0,0,0
-0.8193805884296121,0.5732499030132867,45.2,78.8,51.0,75.6,54.1,74.1,54.5,73.8,53.3,75.2,50.0,76.5,46.5,76.1,53.6,74.1,1,0,0,0,0,0,0,0,0,0,0,0,1,0,0,0,0,0,0
-0.8183511152805605,0.5747185851519531,45.2,78.8,51.0,75.6,54.0,74.1,54.4,73.8,53.3,75.0,50.0,76.5,46.8,75.7,53.6,74.1,1,0,0,0,0,0,0,0,0,0,0,0,1,0,0,0,0,0,0
-0.8073833478372677,0.590027227876041,45.2,78.8,51.0,75.6,54.0,74.1,54.4,73.8,53.3,75.0,50.0,76.5,46.8,75.7,53.6,74.1,1,0,0,0,0,0,1,0,0,0,0,0,1,0,0,0,0,0,0
-0.7944983728587354,0.6072662805761752,45.1,78.6,50.9,75.6,54.0,74.1,54.4,73.8,53.3,75.0,50.0,76.5,46.7,75.7,53.6,74.3,1,0,0,0,0,0,1,0,0,0,0,0,1,0,0,0,0,0,0
-0.7818048564251084,0.6235231883980865,45.2,78.6,50.9,75.4,54.0,74.1,54.4,73.8,53.2,75.0,50.0,76.5,47.0,75.7,53.6,74.1,1,0,0,0,0,0,1,0,0,0,0,0,1,0,0,0,0,0,0
-0.7676305089289732,0.6408926600932839,45.2,78.6,50.9,75.4,54.0,74.1,54.4,73.8,53.2,75.0,50.0,76.3,47.2,75.6,53.5,74.1,1,0,0,0,0,0,1,0,0,0,0,0,1,0,0,0,0,0,0
-0.7595238840692884,0.6504794151457078,45.3,78.6,50.8,75.6,53.9,74.3,54.3,73.8,53.2,75.0,50.0,76.5,47.2,75.6,53.5,74.3,1,0,0,0,0,0,1,0,0,0,0,0,1,0,0,0,0,0,0
-0.7518890792807115,0.6592896271430364,45.2,78.6,50.8,75.4,53.9,74.1,54.3,73.6,53.2,75.0,50.0,76.3,47.2,75.6,53.5,74.1,1,0,0,0,0,0,1,0,0,0,0,0,1,0,0,0,0,0,0
-0.7507053977074811,0.6606371211586983,45.2,78.6,50.8,75.4,53.9,74.1,54.3,73.6,53.2,75.0,50.0,76.3,47.2,75.6,53.5,74.1,1,0,0,0,0,0,0,0,0,0,0,0,1,0,0,0,0,0,0
-0.7489253486006812,0.6626543761444184,45.2,78.6,50.8,75.6,53.9,74.1,54.3,73.8,53.1,75.0,50.0,76.3,47.3,75.6,53.4,74.1,1,0,0,0,0,0,0,0,0,0,0,0,1,0,0,0,0,0,0
-0.7459465606002299,0.666005802323589,45.2,78.6,50.8,75.6,53.9,74.1,54.3,73.8,53.1,75.0,50.0,76.3,47.3,75.6,53.4,74.1,1,0,0,0,0,0,0,0,0,0,0,0,1,0,0,0,0,0,0
-0.742952775168593,0.6693438382993347,45.2,78.6,50.8,75.6,53.9,74.1,54.3,73.8,53.1,75.0,50.0,76.3,47.3,75.6,53.4,74.1,1,0,0,0,0,0,0,0,0,0,0,0,1,0,0,0,0,0,0
-0.7399440524965295,0.6726684169596586,45.2,78.6,50.8,75.6,53.9,74.1,54.3,73.8,53.1,75.0,50.0,76.3,47.3,75.6,53.4,74.1,0,0,0,0,0,0,0,0,0,0,0,0,1,0,0,0,0,0,0
-0.7375263601857177,0.6753183456942414,45.2,78.6,50.8,75.6,53.9,74.1,54.3,73.8,53.1,75.0,50.0,76.3,47.3,75.6,53.4,74.1,0,0,0,0,0,0,0,0,0,1,0,0,1,0,0,0,0,0,0
-0.7338820376945384,0.6792769352401951,45.1,78.6,50.7,75.6,53.8,74.3,54.2,73.8,53.1,75.2,50.0,76.3,48.7,75.6,53.4,74.1,0,0,0,0,0,0,0,0,0,1,0,0,1,0,0,0,0,0,0
-0.733272582073842,0.6799347912695456,45.1,78.6,50.7,75.6,53.8,74.3,54.2,73.8,53.1,75.2,50.0,76.3,48.7,75.6,53.4,74.1,0,0,0,0,0,0,0,0,0,0,0,0,1,0,0,0,0,0,0
-0.7302164682046194,0.6832158586879933,45.1,78.6,50.7,75.6,53.8,74.3,54.2,73.8,53.1,75.2,50.0,76.3,48.7,75.6,53.4,74.1,0,0,0,0,0,0,0,0,0,0,0,0,0,0,0,0,0,0,0
-0.7240602586833025,0.6897367191874513,45.1,78.6,50.7,75.6,53.8,74.3,54.2,73.8,53.1,75.2,50.0,76.3,48.7,75.6,53.4,74.1,0,0,0,0,0,0,0,0,0,0,0,0,0,0,0,0,0,0,0
-0.7203385510185287,0.6936226437455214,45.1,78.6,50.7,75.6,53.8,74.3,54.2,73.8,53.1,75.2,50.0,76.3,48.7,75.6,53.4,74.1,0,0,0,0,0,0,1,0,0,0,0,0,0,0,0,0,0,0,0
-0.717845819846927,0.6962021106893409,45.6,77.9,50.8,75.4,53.8,74.1,54.2,73.8,53.1,75.2,50.3,76.3,48.7,75.6,53.4,74.3,0,0,0,0,0,0,1,0,0,0,0,0,0,0,0,0,0,0,0
-0.7172211925516991,0.6968455789877112,45.6,77.9,50.8,75.4,53.8,74.1,54.2,73.8,53.1,75.2,50.3,76.3,48.7,75.6,53.4,74.3,0,0,0,0,0,0,0,0,0,0,0,0,0,0,0,0,0,0,0
-0.7140894141839709,0.7000545039855064,45.6,77.9,50.8,75.4,53.8,74.1,54.2,73.8,53.1,75.2,50.3,76.3,48.7,75.6,53.4,74.3,0,0,0,0,0,0,0,1,0,0,0,0,0,0,0,0,0,0,0
-0.7134613336581606,0.7006946020733419,45.6,77.9,50.8,75.4,53.8,74.1,54.2,73.8,53.1,75.2,50.3,76.3,48.7,75.6,53.4,74.3,0,0,0,0,0,0,0,0,0,0,0,0,0,0,0,0,0,0,0
-0.7077828498950252,0.7064300654661269,45.6,77.9,50.8,75.4,53.8,74.1,54.2,73.8,53.1,75.2,50.3,76.3,48.7,75.6,53.4,74.3,0,0,0,0,0,0,0,0,1,0,0,0,0,0,0,0,0,0,0
-0.7071490544426778,0.7070645054030267,45.7,77.7,50.7,75.4,53.8,74.1,54.2,73.8,53.0,75.0,50.3,76.3,48.6,75.6,53.4,74.1,0,0,0,0,0,0,0,0,1,0,0,0,0,0,0,0,0,0,0
-0.7065146902934868,0.7076983767110805,45.7,77.7,50.7,75.4,53.8,74.1,54.2,73.8,53.0,75.0,50.3,76.3,48.6,75.6,53.4,74.1,0,0,0,0,0,0,0,0,0,0,0,0,0,0,0,0,0,0,0
-0.6988581483051977,0.7152602942617675,45.7,77.7,50.7,75.4,53.8,74.1,54.2,73.8,53.0,75.0,50.3,76.3,48.6,75.6,53.4,74.1,0,0,0,0,0,0,0,0,0,0,0,0,0,0,0,0,0,0,0
-0.6969313324299774,0.7171378653211503,45.8,77.7,50.7,75.4,53.8,74.1,54.2,73.8,53.1,75.2,50.2,76.3,48.5,75.6,53.3,74.1,0,0,0,0,0,0,0,0,0,0,0,0,0,0,0,0,0,0,0
-0.6872218685403675,0.7264475916402269,45.8,77.7,50.7,75.4,53.8,74.1,54.2,73.8,53.1,75.2,50.2,76.3,48.5,75.6,53.3,74.1,0,0,0,0,0,1,0,0,0,0,0,0,0,0,0,0,0,0,0
-0.6865701300812254,0.7270635848949177,45.8,77.7,50.7,75.4,53.8,74.1,54.2,73.8,53.1,75.2,50.2,76.3,48.5,75.6,53.3,74.1,0,0,0,0,0,0,0,0,0,0,0,0,0,0,0,0,0,0,0
-0.6859178394750316,0.7276789934372881,45.8,77.7,50.7,75.4,53.8,74.1,54.2,73.8,53.1,75.2,50.2,76.3,48.5,75.6,53.3,74.1,0,0,0,0,0,0,1,0,0,0,0,0,0,0,0,0,0,0,0
-0.6833031660779786,0.7301347705922587,46.0,77.5,50.7,75.6,53.7,74.1,54.1,73.8,53.0,75.0,50.2,76.3,48.4,75.7,53.2,74.1,0,0,0,0,0,0,1,0,0,0,0,0,0,0,0,0,0,0,0
-0.6826481226140826,0.7307472481586698,46.0,77.5,50.7,75.6,53.7,74.1,54.1,73.8,53.0,75.0,50.2,76.3,48.4,75.7,53.2,74.1,0,0,0,0,0,0,0,0,0,0,0,0,0,0,0,0,0,0,0
-0.6760675805029772,0.7368396206725385,46.0,77.5,50.7,75.6,53.7,74.1,54.1,73.8,53.0,75.0,50.2,76.3,48.4,75.7,53.2,74.1,0,0,0,0,0,0,0,0,0,0,0,0,0,0,0,0,0,0,0
-0.674744930702617,0.7380509999255611,46.0,77.5,50.7,75.6,53.7,74.1,54.1,73.8,53.0,75.0,50.2,76.3,48.4,75.7,53.2,74.1,0,0,0,0,0,0,0,0,0,0,0,0,0,0,1,0,0,1,0
-0.6694326686737819,0.7428727361481902,46.2,77.4,50.6,75.4,52.5,74.1,52.8,73.6,52.9,75.0,50.2,76.3,48.1,75.7,53.2,74.1,0,0,0,0,0,0,0,0,0,0,0,0,0,0,1,0,0,1,0
-0.6593795261067988,0.7518102423824601,46.2,77.4,50.6,75.4,52.5,74.1,52.8,73.6,52.9,75.0,50.2,76.3,48.1,75.7,53.2,74.1,0,0,0,0,0,0,0,0,0,0,0,0,0,0,1,0,0,1,0
-0.6423600605226406,0.7664029962398043,46.3,77.0,50.6,75.4,51.7,74.1,52.4,73.6,52.5,75.0,50.2,76.1,48.1,75.7,52.9,74.1,0,0,0,0,0,0,0,0,0,0,0,0,0,0,1,0,0,1,0
-0.6354613897902693,0.7721326453957372,46.4,76.8,50.5,75.2,51.3,74.1,52.0,73.6,52.5,75.0,50.2,76.3,48.0,75.7,52.9,74.1,0,0,0,0,0,0,0,0,0,0,0,0,0,0,1,0,0,1,0
-0.6236166646589174,0.7817302959203304,46.4,76.8,50.5,75.2,51.3,74.1,52.0,73.6,52.5,75.0,50.2,76.3,48.0,75.7,52.9,74.1,0,0,0,0,0,0,1,0,0,0,0,0,0,0,1,0,0,1,0
-0.600212712725947,0.799840421260491,46.7,76.5,50.5,75.2,51.3,74.1,52.0,73.6,52.1,75.0,50.5,75.9,47.9,75.9,52.6,73.9,0,0,0,0,0,0,1,0,0,0,0,0,0,0,1,0,0,1,0
-0.5994951921882674,0.8003783571181522,46.7,76.5,50.5,75.2,51.3,74.1,52.0,73.6,52.1,75.0,50.5,75.9,47.9,75.9,52.6,73.9,0,0,0,0,0,0,0,0,0,0,0,0,0,0,1,0,0,1,0
-0.5987771895301328,0.8009156493029683,46.7,76.5,50.5,75.2,51.3,74.1,52.0,73.6,52.1,75.0,50.5,75.9,47.9,75.9,52.6,73.9,0,0,0,0,0,1,0,0,0,0,0,0,0,0,1,0,0,1,0
-0.595900369247377,0.8030583726796202,46.9,76.1,50.5,75.2,51.2,74.1,51.8,73.6,51.5,74.8,50.5,76.1,48.0,75.7,52.3,74.1,0,0,0,0,0,1,0,0,0,0,0,0,0,0,1,0,0,1,0
-0.595179964656096,0.8035924400291284,46.9,76.1,50.5,75.2,51.2,74.1,51.8,73.6,51.5,74.8,50.5,76.1,48.0,75.7,52.3,74.1,0,0,0,0,0,0,0,0,0,0,0,0,0,0,1,0,0,1,0
-0.5879496887717967,0.8088974987432879,46.9,76.1,50.5,75.2,51.2,74.1,51.8,73.6,51.5,74.8,50.5,76.1,48.0,75.7,52.3,74.1,0,0,0,0,0,0,0,0,0,0,0,0,0,0,1,0,0,1,0
-0.5843167831279342,0.811525660071832,46.9,76.1,50.5,75.2,51.2,74.1,51.8,73.6,51.5,74.8,50.5,76.1,48.0,75.7,52.3,74.1,0,0,0,0,0,0,0,0,0,0,0,0,0,0,0,0,0,1,0
-0.5806721296576063,0.8141375054859591,47.0,75.9,50.2,75.2,51.1,73.9,52.4,73.6,51.0,74.8,50.1,75.9,47.5,75.7,52.0,74.1,0,0,0,0,0,0,0,0,0,0,0,0,0,0,0,0,0,1,0
-0.5799417956685684,0.8146579120322324,47.0,75.9,50.2,75.2,51.1,73.9,52.4,73.6,51.0,74.8,50.1,75.9,47.5,75.7,52.0,74.1,0,0,0,0,0,0,0,0,0,0,0,0,0,0,0,0,0,0,0
-0.5792109952841258,0.8151776634218901,47.0,75.9,50.2,75.2,51.1,73.9,52.4,73.6,51.0,74.8,50.1,75.9,47.5,75.7,52.0,74.1,0,0,0,0,0,0,1,0,0,0,0,0,0,0,0,0,0,0,0
-0.578479729091998,0.8156967592369413,47.0,75.9,50.2,75.2,51.1,73.9,52.4,73.6,51.0,74.8,50.1,75.9,47.5,75.7,52.0,74.1,0,0,0,0,0,0,0,0,0,0,0,0,0,0,0,0,0,0,0
-0.5748164316123944,0.8182823901003818,47.0,75.9,50.2,75.2,51.1,73.9,52.4,73.6,51.0,74.8,50.1,75.9,47.5,75.7,52.0,74.1,0,0,0,0,0,0,0,0,0,0,0,0,0,0,0,0,0,0,0
-0.5711415773131272,0.8208515692037587,47.0,75.9,50.2,75.2,51.1,73.9,52.4,73.6,51.0,74.8,50.1,75.9,47.5,75.7,52.0,74.1,0,0,0,0,0,1,0,0,0,0,0,0,0,0,0,0,0,0,0
-0.5704052261326181,0.8213634262618447,47.0,75.9,50.2,75.2,51.1,73.9,52.4,73.6,51.0,74.8,50.1,75.9,47.5,75.7,52.0,74.1,0,0,0,0,0,0,0,0,0,0,0,0,0,0,0,0,0,0,0
-0.565977506555891,0.8244206827056053,47.0,75.9,50.2,75.2,51.1,73.9,52.4,73.6,51.0,74.8,50.1,75.9,47.5,75.7,52.0,74.1,0,0,0,0,0,0,0,0,0,0,0,0,0,0,0,0,0,0,0
-0.5481040581570894,0.836410151439908,47.0,75.6,50.2,75.2,51.2,73.9,52.4,73.4,50.8,74.7,50.1,75.9,47.3,75.6,52.0,73.9,0,0,0,0,0,0,0,0,0,0,0,0,0,0,0,0,0,0,0
-0.5398267079638471,0.8417761729634045,47.0,75.6,50.2,75.2,51.2,73.9,52.4,73.4,50.8,74.7,50.1,75.9,47.3,75.6,52.0,73.9,0,0,0,0,0,1,0,1,0,0,0,0,0,0,0,0,0,0,0
-0.5269314059977616,0.8499078146324001,47.1,75.4,50.1,75.0,51.6,73.9,52.4,73.4,50.8,74.8,50.4,75.7,47.3,75.7,51.8,73.9,0,0,0,0,0,1,0,1,0,0,0,0,0,0,0,0,0,0,0
-0.5254062020445345,0.8508515280900292,47.2,75.0,50.0,75.0,51.8,73.8,52.4,73.4,50.5,74.8,50.4,75.7,47.4,75.6,51.9,73.9,0,0,0,0,0,1,0,1,0,0,0,0,0,0,0,0,0,0,0
-0.5246429659552482,0.8513223586125764,47.2,75.0,50.0,75.0,51.8,73.8,52.4,73.4,50.5,74.8,50.4,75.7,47.4,75.6,51.9,73.9,0,0,0,0,0,0,0,0,0,0,0,0,0,0,0,0,0,0,0
-0.5208204689443604,0.853666234033288,47.2,75.0,50.0,75.0,51.8,73.8,52.4,73.4,50.5,74.8,50.4,75.7,47.4,75.6,51.9,73.9,0,0,0,0,1,0,0,0,0,0,0,0,0,0,0,0,0,0,0
-0.5200547105330228,0.8541329510400673,47.2,75.0,50.0,75.0,51.8,73.8,52.4,73.4,50.5,74.8,50.4,75.7,47.4,75.6,51.9,73.9,0,0,0,0,1,0,0,0,0,0,0,0,0,0,0,0,0,0,0
-0.5192885338881177,0.8545989811439803,47.2,75.0,50.0,75.0,51.8,73.8,52.4,73.4,50.5,74.8,50.4,75.7,47.4,75.6,51.9,73.9,0,0,0,0,1,0,0,0,1,0,0,0,0,0,0,0,0,0,0
-0.5185219396258127,0.8550643239702409,47.2,75.0,50.0,75.0,51.8,73.8,52.4,73.4,50.5,74.8,50.4,75.7,47.4,75.6,51.9,73.9,0,0,0,0,0,0,0,0,1,0,0,0,0,0,0,0,0,0,0
-0.517754928362611,0.8555289791446152,47.2,75.0,50.0,75.0,51.8,73.8,52.4,73.4,50.5,74.8,50.4,75.7,47.4,75.6,51.9,73.9,0,0,0,0,0,0,0,0,0,0,0,0,0,0,0,0,0,0,0
-0.5154513987376856,0.8569188150223821,47.2,75.0,50.0,75.0,51.8,73.8,52.4,73.4,50.5,74.8,50.4,75.7,47.4,75.6,51.9,73.9,0,0,0,0,0,0,0,0,0,0,0,0,0,0,0,0,0,0,0
-0.5062001395511733,0.862416035749784,47.2,75.0,49.6,74.8,51.9,73.9,52.3,73.4,50.5,74.7,50.1,75.6,47.3,75.6,51.9,73.9,0,0,0,0,0,0,0,0,0,0,0,0,0,0,0,0,0,0,0
-0.5000000000000004,0.8660254037844384,47.2,75.0,49.6,74.8,51.9,73.9,52.3,73.4,50.5,74.7,50.1,75.6,47.3,75.6,51.9,73.9,0,0,0,0,0,0,0,0,0,0,0,1,0,0,0,0,0,0,0
