Time on 08 Jun 2021,S4_Humidity,S4_Temperature,S6_Humidity,S6_Temperature,S12_Humidity,S12_Temperature,S18_Humidity,S18_Temperature,S19_Humidity,S19_Temperature,S24_Humidity,S24_Temperature,S25_Humidity,S25_Temperature,S26_Humidity,S26_Temperature
10:40:31,63,69.8,64,73.4,59,69.8,58,69.8,57,73.4,58,69.8,61,69.8,63,69.8
10:41:30,64,69.8,65,71.6,55,69.8,58,69.8,57,73.4,59,69.8,61,69.8,63,69.8
10:41:57,64,69.8,65,71.6,55,69.8,62,69.8,56,73.4,59,69.8,61,69.8,63,69.8
10:42:29,64,69.8,65,71.6,55,69.8,62,69.8,57,73.4,59,69.8,61,69.8,63,69.8
10:43:02,65,69.8,65,71.6,55,69.8,62,69.8,57,73.4,59,69.8,61,69.8,63,69.8
10:43:27,64,69.8,65,71.6,55,69.8,62,69.8,57,73.4,59,69.8,61,69.8,63,69.8
10:43:44,64,69.8,65,71.6,55,69.8,62,69.8,57,73.4,59,69.8,61,69.8,63,69.8
10:44:19,64,69.8,65,71.6,55,69.8,62,69.8,57,73.4,59,69.8,61,69.8,63,69.8
10:44:41,64,69.8,65,71.6,55,69.8,58,69.8,57,73.4,59,69.8,61,69.8,64,69.8
10:45:01,64,69.8,65,71.6,55,69.8,62,69.8,57,73.4,59,69.8,61,69.8,63,69.8
10:45:36,63,69.8,65,71.6,55,69.8,58,69.8,57,73.4,59,69.8,61,69.8,63,69.8
10:46:09,64,69.8,65,71.6,55,69.8,62,69.8,57,73.4,59,69.8,61,69.8,63,69.8
10:46:26,63,69.8,65,71.6,55,69.8,62,69.8,57,73.4,59,69.8,61,69.8,63,69.8
10:46:46,63,69.8,65,71.6,55,69.8,59,69.8,57,73.4,59,69.8,61,69.8,63,69.8
10:47:23,63,69.8,65,71.6,55,69.8,,,57,73.4,59,69.8,61,69.8,64,69.8
10:47:56,63,69.8,65,71.6,55,69.8,62,69.8,57,73.4,59,69.8,61,69.8,64,69.8
10:48:28,62,69.8,65,71.6,55,69.8,62,69.8,57,73.4,59,69.8,61,69.8,63,69.8
10:49:08,62,69.8,65,71.6,55,69.8,62,69.8,57,73.4,60,69.8,62,69.8,63,69.8
10:49:38,62,69.8,65,71.6,56,69.8,59,69.8,57,73.4,59,69.8,62,69.8,64,69.8
10:49:55,62,69.8,65,71.6,56,69.8,62,69.8,57,73.4,59,69.8,61,69.8,63,69.8
10:50:13,62,69.8,65,71.6,56,69.8,59,69.8,57,73.4,60,69.8,61,69.8,64,69.8
10:50:27,62,69.8,65,71.6,56,69.8,62,69.8,57,73.4,59,69.8,61,69.8,64,69.8
10:50:45,62,69.8,65,71.6,56,69.8,62,69.8,57,73.4,59,69.8,61,69.8,63,69.8
10:50:59,62,69.8,65,71.6,56,69.8,59,69.8,57,73.4,60,69.8,62,69.8,64,69.8
10:51:32,62,69.8,65,71.6,,,59,69.8,57,73.4,60,69.8,61,69.8,64,69.8
10:51:57,62,71.6,65,73.4,56,69.8,62,69.8,57,73.4,59,69.8,61,69.8,64,69.8
10:52:19,62,71.6,65,73.4,56,69.8,59,69.8,57,73.4,60,69.8,61,69.8,63,69.8
10:52:51,62,71.6,65,73.4,56,69.8,62,69.8,57,73.4,60,69.8,61,69.8,63,69.8
10:53:04,62,71.6,64,73.4,56,69.8,63,69.8,56,73.4,60,69.8,61,69.8,63,69.8
10:53:23,62,71.6,65,73.4,56,69.8,63,69.8,57,73.4,60,69.8,61,69.8,63,69.8
10:53:53,62,71.6,65,73.4,56,69.8,63,69.8,57,73.4,60,69.8,61,69.8,63,69.8
10:54:18,62,71.6,64,73.4,56,69.8,59,69.8,57,73.4,60,69.8,61,69.8,63,69.8
10:54:38,62,71.6,64,73.4,56,69.8,63,69.8,57,73.4,60,69.8,61,69.8,63,69.8
10:54:55,62,71.6,64,73.4,56,69.8,62,69.8,57,73.4,60,69.8,61,69.8,63,69.8
10:55:28,62,71.6,64,73.4,56,69.8,63,69.8,57,73.4,60,69.8,61,69.8,63,69.8
10:55:53,62,71.6,64,73.4,56,69.8,59,69.8,57,73.4,59,69.8,61,69.8,63,69.8
10:56:10,62,71.6,64,73.4,56,69.8,63,69.8,57,73.4,60,69.8,61,69.8,63,69.8
10:56:27,61,71.6,63,73.4,56,69.8,63,69.8,57,75.2,60,69.8,62,69.8,63,69.8
10:56:55,61,71.6,63,73.4,56,69.8,59,69.8,57,75.2,60,69.8,61,69.8,63,69.8
10:57:19,62,71.6,63,73.4,56,69.8,63,69.8,57,75.2,60,69.8,61,69.8,64,69.8
10:57:32,62,71.6,63,73.4,56,69.8,63,69.8,57,75.2,60,69.8,61,69.8,64,69.8
10:57:59,61,71.6,63,73.4,57,71.6,63,69.8,57,75.2,60,69.8,62,69.8,64,69.8
10:58:29,61,71.6,62,73.4,57,71.6,60,69.8,57,75.2,60,69.8,62,69.8,64,69.8
10:58:54,,,63,73.4,57,71.6,60,69.8,57,75.2,61,71.6,62,69.8,64,69.8
10:59:19,61,71.6,63,73.4,57,71.6,63,69.8,57,75.2,61,71.6,62,69.8,64,69.8
10:59:46,60,73.4,62,73.4,57,71.6,63,69.8,57,75.2,61,71.6,61,69.8,64,69.8
11:00:26,60,73.4,63,73.4,57,71.6,60,69.8,57,75.2,61,71.6,61,69.8,64,69.8
11:00:46,,,63,73.4,57,71.6,59,69.8,57,75.2,61,71.6,61,69.8,64,69.8
11:01:18,60,73.4,63,73.4,57,71.6,63,69.8,57,75.2,61,71.6,61,69.8,64,69.8
11:01:48,60,73.4,62,73.4,57,71.6,59,69.8,57,75.2,61,71.6,62,71.6,,
11:02:26,60,73.4,62,73.4,57,71.6,59,69.8,57,75.2,61,71.6,62,71.6,64,71.6
11:03:01,60,73.4,62,73.4,57,71.6,59,69.8,57,75.2,60,71.6,61,71.6,64,71.6
11:03:16,59,73.4,62,75.2,57,71.6,63,69.8,57,75.2,61,71.6,62,71.6,64,71.6
11:03:38,59,73.4,62,75.2,57,71.6,60,69.8,57,75.2,61,71.6,62,71.6,63,71.6
11:03:55,59,73.4,62,75.2,57,71.6,64,71.6,57,75.2,61,71.6,61,71.6,64,71.6
11:04:25,59,73.4,62,75.2,57,71.6,59,69.8,57,75.2,61,71.6,61,71.6,63,71.6
11:04:42,59,73.4,61,75.2,57,71.6,63,69.8,57,75.2,61,71.6,61,71.6,63,71.6
11:05:10,58,73.4,61,75.2,57,71.6,63,69.8,57,75.2,60,71.6,61,71.6,63,71.6
11:05:22,58,73.4,61,75.2,57,71.6,63,69.8,57,75.2,60,71.6,61,71.6,63,71.6
11:05:37,58,73.4,61,75.2,57,71.6,63,69.8,57,75.2,60,71.6,60,71.6,63,71.6
11:05:54,58,73.4,61,75.2,57,71.6,60,71.6,57,75.2,60,71.6,60,71.6,64,71.6
11:06:32,58,73.4,61,75.2,57,71.6,60,71.6,57,75.2,59,71.6,60,71.6,64,71.6
11:07:07,58,73.4,62,75.2,57,71.6,60,71.6,57,75.2,59,71.6,60,71.6,,
11:07:26,58,73.4,61,75.2,57,71.6,63,71.6,56,75.2,59,71.6,60,71.6,,
11:07:44,58,73.4,61,75.2,57,71.6,63,71.6,56,75.2,59,71.6,61,71.6,63,71.6
11:08:16,59,73.4,60,75.2,56,71.6,59,71.6,,,59,71.6,60,71.6,63,71.6
11:08:43,59,73.4,60,75.2,56,71.6,59,71.6,56,75.2,59,71.6,60,71.6,63,71.6
11:09:01,59,73.4,60,75.2,,,63,71.6,56,75.2,59,71.6,60,71.6,63,71.6
11:09:28,59,73.4,60,75.2,56,71.6,59,71.6,56,75.2,58,71.6,60,71.6,63,71.6
11:09:48,59,73.4,60,75.2,56,71.6,62,71.6,56,75.2,58,71.6,60,71.6,63,71.6
11:10:05,59,73.4,60,75.2,56,71.6,59,71.6,56,75.2,58,71.6,59,71.6,63,71.6
11:10:45,59,71.6,60,75.2,56,71.6,62,71.6,56,75.2,58,71.6,59,71.6,63,71.6
11:11:05,59,71.6,60,75.2,56,71.6,59,71.6,55,75.2,,,60,71.6,63,71.6
11:11:22,59,71.6,60,75.2,56,71.6,62,71.6,55,75.2,58,71.6,59,71.6,62,71.6
11:11:40,59,71.6,60,75.2,56,71.6,59,71.6,54,75.2,58,71.6,59,71.6,62,71.6
11:11:57,59,71.6,60,75.2,56,71.6,59,71.6,54,75.2,58,71.6,59,71.6,62,71.6
11:12:14,60,71.6,60,75.2,56,71.6,63,71.6,54,75.2,57,71.6,59,71.6,61,71.6
11:12:37,59,71.6,60,75.2,,,63,71.6,54,75.2,58,71.6,59,71.6,61,71.6
11:12:54,60,71.6,60,75.2,56,71.6,63,71.6,54,75.2,58,71.6,59,71.6,62,71.6
11:13:19,60,71.6,59,75.2,56,71.6,62,71.6,54,75.2,57,71.6,59,71.6,62,71.6
11:13:33,60,71.6,60,75.2,56,71.6,59,71.6,55,75.2,57,71.6,59,71.6,61,71.6
11:13:51,60,71.6,60,75.2,55,71.6,58,71.6,55,75.2,57,71.6,59,71.6,62,71.6
11:14:16,60,71.6,60,75.2,55,71.6,62,71.6,55,75.2,57,71.6,59,71.6,62,71.6
11:14:53,60,71.6,60,75.2,55,71.6,58,71.6,54,75.2,57,71.6,59,71.6,62,71.6
11:15:33,60,71.6,61,75.2,55,71.6,62,71.6,54,75.2,57,71.6,,,61,71.6
11:15:55,60,71.6,60,75.2,55,71.6,62,71.6,53,75.2,58,71.6,60,71.6,61,71.6
11:16:28,60,71.6,60,75.2,55,71.6,62,71.6,53,75.2,58,71.6,60,71.6,61,71.6
11:16:40,60,71.6,60,75.2,55,71.6,62,71.6,53,75.2,58,71.6,59,71.6,61,71.6
11:17:10,61,71.6,60,75.2,55,71.6,62,71.6,53,75.2,58,71.6,59,71.6,61,71.6
11:17:25,61,71.6,60,75.2,55,71.6,62,71.6,53,75.2,58,71.6,59,71.6,61,71.6
11:17:47,61,71.6,60,75.2,55,71.6,62,71.6,54,75.2,57,71.6,59,71.6,61,71.6
11:17:59,61,71.6,60,75.2,55,71.6,62,71.6,53,75.2,58,71.6,59,71.6,61,71.6
11:18:12,61,71.6,60,75.2,55,71.6,62,71.6,53,75.2,58,71.6,59,71.6,61,71.6
11:18:24,61,71.6,60,75.2,55,71.6,58,71.6,53,75.2,58,71.6,59,71.6,61,71.6
11:18:56,61,71.6,60,75.2,55,71.6,58,71.6,53,75.2,57,71.6,59,71.6,61,71.6
11:19:21,61,71.6,60,75.2,55,71.6,62,71.6,53,75.2,57,71.6,59,71.6,61,71.6
11:19:38,61,71.6,59,75.2,55,71.6,61,71.6,53,75.2,57,71.6,59,71.6,61,71.6
11:19:58,61,71.6,59,75.2,54,71.6,61,71.6,52,75.2,58,71.6,59,71.6,61,71.6
11:20:15,61,71.6,59,75.2,54,71.6,61,71.6,52,75.2,58,71.6,59,71.6,61,71.6
11:20:33,61,71.6,59,75.2,54,71.6,61,71.6,52,75.2,58,71.6,59,71.6,61,71.6
11:20:55,61,71.6,59,75.2,55,71.6,61,71.6,53,75.2,58,71.6,60,71.6,61,71.6
11:21:30,61,71.6,59,75.2,54,71.6,58,71.6,53,75.2,58,71.6,60,71.6,61,71.6
11:22:05,61,71.6,59,75.2,54,71.6,58,71.6,53,75.2,58,71.6,60,71.6,61,71.6
11:22:30,62,71.6,59,75.2,53,71.6,61,71.6,53,75.2,,,60,71.6,61,71.6
11:22:47,62,71.6,59,75.2,53,71.6,61,71.6,53,75.2,58,71.6,,,61,71.6
11:23:12,62,71.6,59,75.2,53,71.6,57,71.6,53,75.2,,,59,71.6,61,71.6
11:23:37,62,71.6,59,75.2,54,71.6,57,71.6,53,75.2,58,71.6,60,71.6,61,71.6
11:24:25,62,71.6,59,75.2,54,71.6,57,71.6,53,75.2,58,71.6,59,71.6,61,71.6
11:24:47,62,71.6,59,75.2,53,71.6,61,71.6,53,75.2,58,71.6,59,71.6,61,71.6
11:25:07,62,71.6,59,75.2,53,71.6,61,71.6,53,75.2,58,71.6,59,71.6,61,71.6
11:25:39,62,71.6,60,75.2,53,71.6,,,53,75.2,58,71.6,60,71.6,61,71.6
11:26:04,62,71.6,59,75.2,53,71.6,61,71.6,53,75.2,58,71.6,60,71.6,60,69.8
11:26:31,62,71.6,59,75.2,53,71.6,61,71.6,53,75.2,58,71.6,60,71.6,61,71.6
11:26:54,62,71.6,59,75.2,53,71.6,58,71.6,,,58,71.6,60,71.6,61,71.6
11:27:29,62,71.6,60,75.2,53,71.6,57,71.6,53,75.2,58,71.6,60,71.6,61,71.6
11:27:48,61,69.8,59,75.2,53,71.6,57,71.6,53,75.2,58,71.6,60,71.6,61,71.6
11:28:06,62,71.6,60,75.2,53,71.6,61,71.6,53,75.2,58,71.6,60,71.6,61,71.6
11:28:31,62,71.6,60,75.2,53,71.6,57,71.6,53,75.2,58,71.6,60,71.6,60,69.8
11:28:45,62,71.6,,,53,71.6,61,71.6,53,75.2,58,71.6,60,71.6,62,71.6
11:29:00,61,69.8,60,75.2,53,71.6,57,71.6,53,75.2,58,71.6,60,71.6,61,71.6
11:29:22,62,71.6,60,75.2,53,71.6,61,71.6,53,75.2,58,71.6,60,71.6,61,69.8
11:29:45,62,71.6,60,75.2,53,71.6,57,71.6,53,75.2,58,71.6,60,71.6,61,71.6
11:30:07,62,71.6,60,75.2,53,71.6,60,71.6,54,75.2,58,71.6,60,71.6,62,71.6
11:30:29,62,71.6,59,75.2,54,71.6,61,71.6,53,75.2,58,71.6,60,71.6,62,71.6
11:30:49,62,71.6,59,75.2,53,71.6,61,71.6,54,75.2,57,71.6,60,71.6,61,71.6
11:31:07,62,71.6,59,75.2,54,71.6,61,71.6,53,75.2,58,71.6,59,71.6,61,71.6
11:31:39,62,71.6,59,75.2,54,71.6,57,71.6,53,75.2,58,71.6,59,71.6,62,71.6
11:31:56,61,69.8,60,75.2,53,71.6,57,71.6,53,75.2,58,71.6,60,71.6,61,69.8
11:32:26,61,69.8,60,75.2,53,71.6,61,71.6,53,75.2,58,71.6,60,71.6,61,71.6
11:32:49,62,71.6,60,75.2,53,71.6,61,71.6,53,75.2,58,71.6,,,62,71.6
11:33:08,61,69.8,59,75.2,53,71.6,61,71.6,53,75.2,58,71.6,60,71.6,61,69.8
11:33:26,61,69.8,60,75.2,53,71.6,61,71.6,53,75.2,58,71.6,60,71.6,61,71.6
11:33:58,61,69.8,60,75.2,53,71.6,57,71.6,53,75.2,58,71.6,60,71.6,61,69.8
11:34:20,61,69.8,60,75.2,53,71.6,61,71.6,53,75.2,58,71.6,60,71.6,60,69.8
11:34:35,61,69.8,60,75.2,53,71.6,60,71.6,53,75.2,57,71.6,60,71.6,61,69.8
11:34:50,62,71.6,59,75.2,53,71.6,57,71.6,53,75.2,58,71.6,60,71.6,61,69.8
11:35:25,62,71.6,59,75.2,53,71.6,57,71.6,53,75.2,58,71.6,60,71.6,61,69.8
11:35:37,62,71.6,59,75.2,53,71.6,60,71.6,53,75.2,58,71.6,59,71.6,61,69.8
11:35:49,61,69.8,59,75.2,53,71.6,61,71.6,53,75.2,58,71.6,59,71.6,60,69.8
11:36:04,62,71.6,59,75.2,53,71.6,61,71.6,53,75.2,58,71.6,60,71.6,61,69.8
11:36:26,61,69.8,59,75.2,53,71.6,57,71.6,53,75.2,58,71.6,60,71.6,61,71.6
11:36:54,61,69.8,59,75.2,53,71.6,57,71.6,53,75.2,57,71.6,59,71.6,61,71.6
11:37:11,62,71.6,59,75.2,53,71.6,60,71.6,53,75.2,58,71.6,59,71.6,60,69.8
11:37:28,61,69.8,59,75.2,53,71.6,60,71.6,53,75.2,57,71.6,59,71.6,61,69.8
11:38:01,62,71.6,59,75.2,53,71.6,60,71.6,53,75.2,57,71.6,,,61,69.8
11:38:23,61,69.8,59,75.2,53,71.6,60,71.6,53,75.2,57,71.6,59,71.6,61,69.8
11:38:35,62,71.6,59,75.2,53,71.6,60,71.6,53,75.2,57,71.6,59,71.6,61,69.8
11:38:50,62,71.6,59,75.2,53,71.6,60,71.6,53,75.2,57,71.6,59,71.6,61,69.8
11:39:10,62,71.6,59,75.2,53,71.6,57,71.6,53,75.2,57,71.6,59,71.6,61,69.8
11:39:30,61,69.8,58,75.2,53,71.6,60,71.6,53,75.2,57,71.6,59,71.6,61,69.8
11:39:47,62,71.6,59,75.2,53,71.6,57,71.6,53,75.2,57,71.6,59,71.6,61,69.8
11:40:07,61,69.8,59,75.2,53,71.6,60,71.6,53,75.2,57,71.6,59,71.6,61,69.8
11:40:34,61,69.8,59,75.2,53,71.6,56,71.6,53,75.2,57,71.6,59,71.6,61,69.8
11:40:54,61,69.8,59,75.2,53,71.6,60,71.6,53,75.2,57,71.6,59,71.6,60,69.8
11:41:16,61,69.8,59,75.2,53,71.6,60,71.6,53,75.2,57,71.6,59,71.6,61,69.8
11:41:39,62,71.6,59,75.2,53,71.6,60,71.6,53,75.2,57,71.6,59,71.6,61,69.8
11:41:53,61,69.8,59,75.2,53,71.6,60,71.6,53,75.2,57,71.6,59,71.6,61,69.8
11:42:08,61,69.8,59,75.2,53,71.6,56,71.6,53,75.2,57,71.6,59,71.6,61,69.8
11:42:25,61,69.8,59,75.2,53,71.6,60,71.6,53,75.2,56,71.6,59,71.6,61,69.8
11:42:43,61,69.8,59,75.2,53,71.6,60,71.6,53,75.2,56,71.6,59,71.6,61,69.8
11:42:57,61,69.8,59,75.2,53,71.6,56,71.6,53,75.2,56,71.6,59,71.6,61,69.8
11:43:15,61,69.8,59,75.2,53,71.6,60,71.6,53,75.2,57,71.6,59,71.6,61,69.8
11:43:34,61,69.8,59,75.2,53,71.6,60,71.6,53,75.2,57,71.6,59,71.6,61,69.8
11:43:52,61,69.8,59,75.2,53,71.6,60,71.6,53,75.2,57,71.6,59,71.6,61,69.8
11:44:07,61,69.8,59,75.2,53,71.6,56,71.6,53,75.2,57,71.6,59,71.6,61,69.8
11:44:29,61,69.8,59,75.2,53,71.6,56,71.6,53,75.2,57,71.6,59,71.6,61,69.8
11:44:46,61,69.8,59,75.2,53,71.6,56,71.6,53,75.2,57,71.6,59,71.6,61,69.8
11:45:06,61,69.8,59,75.2,53,71.6,60,71.6,53,75.2,57,71.6,59,71.6,61,69.8
11:45:23,61,69.8,59,75.2,53,71.6,60,71.6,53,75.2,57,71.6,59,71.6,61,69.8
11:45:43,61,69.8,58,75.2,53,71.6,60,71.6,53,75.2,57,71.6,59,71.6,61,69.8
11:46:00,61,69.8,58,75.2,53,71.6,57,71.6,53,75.2,56,71.6,59,71.6,61,69.8
11:46:45,61,69.8,59,75.2,53,71.6,57,71.6,54,75.2,56,71.6,59,71.6,61,69.8
11:47:05,62,71.6,59,75.2,54,71.6,60,71.6,54,75.2,57,71.6,59,71.6,61,69.8
11:47:28,62,71.6,59,75.2,54,71.6,60,71.6,54,75.2,56,71.6,,,61,69.8
11:47:42,62,71.6,59,75.2,54,71.6,61,71.6,54,75.2,56,71.6,59,71.6,61,69.8
11:48:10,62,71.6,59,75.2,,,61,71.6,54,75.2,56,71.6,59,71.6,61,69.8
11:48:24,61,71.6,59,75.2,54,71.6,61,71.6,54,75.2,56,71.6,59,71.6,61,69.8
11:48:44,61,71.6,58,75.2,54,71.6,61,71.6,54,75.2,57,71.6,58,71.6,61,69.8
11:48:56,61,71.6,58,75.2,54,71.6,61,71.6,54,75.2,56,71.6,58,71.6,61,69.8
11:49:16,61,71.6,58,75.2,54,71.6,61,71.6,54,75.2,57,71.6,58,71.6,62,71.6
11:49:31,61,71.6,58,75.2,54,71.6,61,71.6,54,75.2,56,71.6,58,71.6,61,69.8
11:49:46,61,71.6,58,75.2,54,71.6,58,71.6,54,75.2,56,71.6,59,71.6,63,71.6
11:50:21,61,71.6,59,75.2,54,71.6,57,71.6,54,75.2,56,71.6,59,71.6,63,71.6
11:50:51,61,71.6,58,75.2,54,71.6,61,71.6,54,75.2,56,71.6,59,71.6,63,71.6
11:51:21,60,71.6,58,75.2,54,71.6,61,71.6,54,75.2,57,71.6,,,63,71.6
11:51:38,60,71.6,58,75.2,54,71.6,58,71.6,54,75.2,57,71.6,59,71.6,63,71.6
11:52:05,60,71.6,58,75.2,54,71.6,58,71.6,54,75.2,57,71.6,58,71.6,63,71.6
11:52:22,60,71.6,58,75.2,54,71.6,61,71.6,54,75.2,56,71.6,58,71.6,63,71.6
11:52:40,60,71.6,58,75.2,54,71.6,61,71.6,54,75.2,56,71.6,58,71.6,63,71.6
11:53:05,60,71.6,58,75.2,55,71.6,61,71.6,54,75.2,56,71.6,58,71.6,63,71.6
11:53:22,60,71.6,58,75.2,54,71.6,58,71.6,54,75.2,56,71.6,58,71.6,63,71.6
11:53:42,60,71.6,58,75.2,55,71.6,61,71.6,54,75.2,56,71.6,58,71.6,63,71.6
11:54:07,60,71.6,58,75.2,55,71.6,58,71.6,54,75.2,56,71.6,59,71.6,63,71.6
11:54:21,60,71.6,59,75.2,55,71.6,61,71.6,54,75.2,57,71.6,,,63,71.6
11:54:36,60,71.6,58,75.2,55,71.6,58,71.6,54,75.2,56,71.6,58,71.6,63,71.6
11:54:53,60,71.6,58,75.2,55,71.6,58,71.6,54,75.2,56,71.6,58,71.6,63,71.6
11:55:26,60,71.6,58,75.2,54,71.6,58,71.6,54,75.2,56,71.6,58,71.6,62,71.6
11:55:56,59,71.6,58,75.2,55,71.6,61,71.6,53,75.2,56,71.6,59,71.6,62,71.6
11:56:15,59,71.6,59,75.2,55,71.6,61,71.6,53,75.2,56,71.6,59,71.6,62,71.6
11:56:38,59,71.6,59,75.2,55,71.6,58,71.6,53,75.2,56,71.6,59,71.6,62,71.6
11:56:55,59,71.6,59,75.2,55,71.6,61,71.6,53,75.2,57,71.6,59,71.6,62,71.6
11:57:10,59,71.6,59,75.2,55,71.6,61,71.6,53,75.2,56,71.6,59,71.6,62,71.6
11:57:27,59,71.6,59,75.2,55,71.6,58,71.6,54,77,57,71.6,59,71.6,62,71.6
11:58:10,59,71.6,59,75.2,55,71.6,58,71.6,54,77,56,71.6,59,71.6,63,71.6
11:58:24,59,71.6,59,75.2,55,71.6,61,71.6,54,77,56,71.6,59,71.6,63,71.6
11:58:54,59,71.6,59,75.2,55,71.6,58,71.6,54,77,57,71.6,59,71.6,63,71.6
11:59:14,59,71.6,59,75.2,55,71.6,58,71.6,54,77,57,71.6,59,71.6,63,71.6
11:59:34,59,73.4,58,75.2,54,71.6,61,71.6,54,77,57,71.6,59,71.6,62,71.6
11:59:49,58,71.6,58,75.2,55,71.6,58,71.6,54,77,57,71.6,58,71.6,63,71.6
12:00:01,58,73.4,58,75.2,55,71.6,61,71.6,54,77,56,71.6,58,71.6,63,71.6
12:00:18,59,73.4,58,75.2,55,71.6,61,71.6,54,77,57,71.6,58,71.6,62,71.6
12:00:46,59,73.4,58,75.2,55,71.6,61,71.6,54,77,57,71.6,59,71.6,62,71.6
12:01:16,58,73.4,58,75.2,55,71.6,58,71.6,54,77,57,71.6,58,71.6,62,71.6
12:01:30,58,73.4,58,75.2,55,71.6,61,71.6,54,77,57,71.6,58,71.6,62,71.6
12:01:53,58,73.4,58,75.2,55,71.6,62,71.6,53,77,57,71.6,58,71.6,62,71.6
12:02:05,58,73.4,58,75.2,55,71.6,62,71.6,53,77,57,71.6,58,71.6,62,71.6
12:02:20,58,73.4,58,75.2,55,71.6,58,71.6,53,77,57,71.6,58,71.6,62,71.6
12:02:34,58,73.4,58,75.2,55,71.6,61,71.6,53,77,57,71.6,58,71.6,62,71.6
12:02:49,58,73.4,58,75.2,55,71.6,58,71.6,54,77,57,71.6,58,71.6,62,71.6
12:03:09,58,73.4,58,75.2,55,71.6,62,71.6,54,77,56,71.6,58,71.6,62,71.6
12:03:34,57,73.4,58,75.2,55,71.6,58,71.6,54,77,56,71.6,58,71.6,62,71.6
12:03:46,58,73.4,58,75.2,55,71.6,61,71.6,53,77,56,73.4,58,71.6,62,71.6
12:04:13,57,73.4,58,75.2,55,71.6,61,71.6,53,77,56,73.4,58,71.6,62,71.6
12:04:36,58,73.4,58,75.2,55,71.6,61,71.6,54,77,57,73.4,58,71.6,62,71.6
12:05:01,57,73.4,58,75.2,55,71.6,58,71.6,53,77,57,73.4,58,71.6,62,71.6
12:05:18,57,73.4,58,75.2,55,71.6,62,71.6,53,77,57,73.4,58,71.6,62,71.6
12:05:35,57,73.4,58,75.2,55,71.6,62,71.6,53,77,57,73.4,58,71.6,62,71.6
12:06:02,57,73.4,58,75.2,55,71.6,62,71.6,52,77,56,73.4,58,71.6,62,71.6
12:06:37,57,73.4,58,75.2,55,71.6,58,71.6,52,77,57,71.6,58,71.6,61,71.6
12:07:05,57,73.4,59,75.2,55,71.6,62,71.6,52,77,57,73.4,,,61,71.6
12:07:25,57,73.4,59,75.2,55,71.6,62,71.6,52,77,57,73.4,58,71.6,61,71.6
12:07:44,57,73.4,58,75.2,55,71.6,62,71.6,52,77,57,73.4,58,71.6,61,71.6
12:08:02,57,73.4,57,75.2,55,71.6,61,71.6,52,77,57,73.4,58,71.6,61,71.6
12:08:24,57,73.4,57,77,55,71.6,61,71.6,52,77,57,73.4,58,71.6,61,71.6
12:08:41,57,73.4,58,77,55,71.6,61,71.6,52,77,56,73.4,57,71.6,61,71.6
12:09:16,56,73.4,57,75.2,54,73.4,61,71.6,52,77,55,73.4,57,71.6,61,71.6
12:09:49,56,73.4,57,75.2,55,73.4,58,71.6,51,77,55,73.4,57,71.6,61,71.6
12:10:14,57,73.4,57,75.2,54,71.6,58,71.6,51,77,55,73.4,57,71.6,61,71.6
12:10:33,57,73.4,57,75.2,54,71.6,61,71.6,52,77,55,73.4,57,71.6,61,71.6
12:10:53,57,73.4,57,75.2,54,73.4,61,71.6,51,77,55,73.4,57,71.6,60,71.6
12:11:16,57,73.4,57,77,54,73.4,61,71.6,51,77,55,73.4,56,71.6,60,71.6
12:11:48,57,73.4,57,77,54,71.6,58,71.6,51,77,55,73.4,57,71.6,60,71.6
12:12:08,57,73.4,57,77,54,73.4,61,71.6,50,77,56,73.4,57,71.6,59,71.6
12:12:35,57,73.4,57,77,50,73.4,61,71.6,50,77,56,73.4,57,71.6,60,71.6
12:12:58,58,71.6,57,77,54,73.4,61,71.6,51,77,56,73.4,57,71.6,60,71.6
12:13:15,58,71.6,56,75.2,54,73.4,61,71.6,50,77,56,73.4,57,71.6,59,71.6
12:13:47,57,71.6,56,75.2,52,73.4,58,71.6,50,77,57,73.4,57,71.6,59,71.6
12:14:12,58,71.6,56,75.2,,,60,71.6,50,77,57,73.4,57,71.6,59,71.6
12:14:27,58,71.6,56,75.2,52,73.4,57,71.6,50,77,56,73.4,57,71.6,59,71.6
12:14:47,58,71.6,57,75.2,52,73.4,60,71.6,50,77,56,73.4,57,71.6,59,71.6
12:15:07,58,71.6,56,75.2,52,73.4,56,71.6,50,77,55,73.4,57,71.6,59,71.6
12:15:26,58,71.6,56,75.2,52,73.4,56,71.6,50,77,56,73.4,57,71.6,59,71.6
12:15:51,58,71.6,57,75.2,52,73.4,60,71.6,50,77,56,73.4,57,71.6,59,71.6
12:16:06,58,71.6,57,75.2,51,73.4,60,71.6,50,77,56,73.4,57,71.6,59,71.6
12:16:23,59,71.6,57,75.2,51,73.4,59,71.6,50,77,55,71.6,57,71.6,59,71.6
12:16:43,59,71.6,57,75.2,51,73.4,56,71.6,51,77,55,73.4,56,71.6,60,71.6
12:17:05,59,71.6,57,75.2,52,73.4,56,71.6,51,77,55,73.4,56,71.6,60,71.6
12:17:20,59,71.6,56,75.2,52,73.4,59,71.6,51,77,55,73.4,56,71.6,60,71.6
12:17:40,59,71.6,56,75.2,52,71.6,59,71.6,51,77,55,73.4,56,71.6,60,71.6
12:17:55,59,71.6,56,75.2,52,73.4,59,71.6,51,77,55,73.4,56,71.6,60,71.6
12:18:07,59,71.6,56,75.2,52,73.4,60,71.6,51,77,55,73.4,56,71.6,59,71.6
12:18:44,59,71.6,56,75.2,52,73.4,56,71.6,51,77,55,73.4,56,71.6,60,71.6
12:18:59,59,71.6,56,75.2,51,71.6,60,71.6,50,77,55,73.4,56,71.6,59,71.6
12:19:19,59,71.6,56,75.2,51,73.4,59,71.6,50,77,55,73.4,57,71.6,59,71.6
12:19:36,59,71.6,56,75.2,51,73.4,59,71.6,50,77,56,73.4,57,71.6,59,71.6
12:19:48,59,71.6,56,75.2,51,73.4,59,71.6,50,77,55,73.4,57,71.6,59,71.6
12:20:13,59,71.6,56,75.2,51,71.6,58,71.6,51,75.2,55,73.4,57,71.6,59,71.6
12:20:31,59,71.6,56,75.2,51,71.6,59,71.6,51,77,55,73.4,57,71.6,60,71.6
12:20:43,60,71.6,56,75.2,51,71.6,59,71.6,51,75.2,55,73.4,57,71.6,60,71.6
12:21:00,60,71.6,56,75.2,51,71.6,56,71.6,51,75.2,55,73.4,57,71.6,60,71.6
12:21:30,59,71.6,57,75.2,52,71.6,56,71.6,51,75.2,54,73.4,57,71.6,60,71.6
12:21:55,59,71.6,57,75.2,51,71.6,59,71.6,51,75.2,55,73.4,57,71.6,60,71.6
12:22:17,59,71.6,57,75.2,51,71.6,59,71.6,51,75.2,55,73.4,57,71.6,60,71.6
12:22:45,60,71.6,56,75.2,52,71.6,59,71.6,51,75.2,55,73.4,57,71.6,60,71.6
12:22:59,60,71.6,,,52,71.6,59,71.6,51,75.2,55,71.6,57,71.6,60,71.6
12:23:12,60,71.6,57,75.2,52,71.6,59,71.6,51,75.2,55,71.6,57,71.6,59,71.6
12:23:47,60,71.6,57,75.2,51,71.6,56,71.6,51,75.2,55,71.6,57,71.6,60,71.6
12:23:59,60,71.6,57,75.2,51,71.6,59,71.6,51,75.2,55,71.6,57,71.6,60,71.6
12:24:21,60,71.6,56,75.2,51,71.6,,,51,75.2,55,73.4,57,71.6,60,71.6
12:24:51,60,71.6,56,75.2,51,71.6,59,71.6,51,75.2,55,71.6,57,71.6,60,71.6
12:25:13,60,71.6,56,75.2,51,71.6,59,71.6,51,75.2,55,71.6,57,71.6,60,71.6
12:25:26,60,71.6,56,75.2,51,71.6,59,71.6,51,75.2,55,71.6,57,71.6,60,71.6
12:25:50,60,71.6,40,75.2,51,71.6,59,71.6,51,75.2,55,71.6,57,71.6,60,71.6
12:26:05,60,71.6,56,75.2,51,71.6,55,71.6,51,75.2,55,71.6,57,71.6,60,71.6
12:26:20,60,71.6,56,75.2,51,71.6,59,71.6,51,75.2,55,71.6,58,71.6,60,71.6
12:26:42,60,71.6,57,75.2,51,71.6,58,71.6,51,75.2,55,73.4,57,71.6,60,71.6
12:27:05,60,71.6,56,75.2,51,71.6,59,71.6,51,75.2,55,71.6,57,71.6,60,71.6
12:27:22,60,71.6,56,75.2,51,71.6,59,71.6,51,75.2,55,73.4,57,71.6,60,71.6
12:27:34,59,69.8,56,75.2,51,71.6,59,71.6,51,75.2,55,71.6,57,71.6,60,71.6
12:27:49,59,69.8,56,75.2,51,71.6,59,71.6,51,75.2,55,71.6,57,71.6,60,71.6
12:28:11,59,69.8,56,75.2,51,71.6,55,71.6,51,75.2,55,71.6,57,71.6,60,71.6
12:28:41,60,71.6,56,75.2,51,71.6,58,71.6,51,75.2,54,71.6,57,71.6,60,71.6
12:29:03,59,69.8,56,75.2,51,71.6,55,71.6,51,75.2,54,71.6,57,71.6,59,69.8
12:29:16,59,69.8,56,75.2,51,71.6,55,71.6,51,75.2,55,71.6,57,71.6,59,69.8
12:29:48,60,71.6,57,75.2,51,71.6,55,71.6,51,75.2,55,71.6,57,71.6,59,69.8
12:30:03,59,69.8,56,75.2,51,71.6,58,71.6,51,75.2,54,71.6,57,71.6,60,71.6
12:30:15,59,69.8,56,75.2,51,71.6,58,71.6,52,75.2,54,71.6,57,71.6,60,71.6
12:30:37,60,71.6,56,75.2,51,71.6,55,71.6,51,75.2,55,71.6,57,71.6,60,71.6
12:31:00,59,69.8,56,75.2,51,71.6,55,71.6,52,75.2,55,71.6,57,71.6,60,71.6
12:31:14,60,69.8,56,75.2,51,71.6,59,71.6,51,75.2,55,71.6,57,71.6,60,71.6
12:31:37,59,69.8,57,75.2,51,71.6,59,71.6,51,75.2,55,71.6,57,71.6,60,71.6
12:31:54,60,69.8,57,75.2,51,71.6,58,71.6,51,75.2,55,71.6,57,71.6,60,71.6
12:32:16,60,69.8,56,75.2,51,71.6,58,71.6,51,75.2,55,71.6,57,71.6,59,69.8
12:32:34,60,69.8,56,75.2,51,71.6,58,71.6,51,75.2,55,71.6,57,71.6,59,69.8
12:32:53,60,69.8,56,75.2,51,71.6,58,71.6,51,75.2,54,71.6,57,71.6,59,69.8
12:33:18,60,69.8,57,75.2,51,71.6,55,71.6,52,75.2,55,71.6,57,71.6,60,69.8
12:33:36,60,69.8,56,75.2,51,71.6,58,71.6,52,75.2,55,71.6,57,71.6,60,69.8
12:33:53,60,69.8,56,75.2,51,71.6,58,71.6,52,75.2,55,71.6,57,71.6,60,69.8
12:34:15,60,69.8,56,75.2,51,71.6,59,71.6,52,75.2,55,71.6,57,71.6,60,71.6
12:34:50,60,69.8,57,75.2,51,71.6,55,71.6,51,75.2,55,71.6,57,71.6,59,69.8
12:35:13,60,69.8,57,75.2,51,71.6,59,71.6,51,75.2,55,71.6,57,71.6,59,69.8
12:35:27,60,69.8,57,75.2,51,71.6,59,71.6,52,75.2,55,71.6,57,71.6,60,69.8
12:35:42,60,69.8,56,75.2,51,71.6,59,71.6,52,75.2,54,71.6,57,71.6,60,69.8
12:35:57,60,69.8,56,75.2,51,71.6,59,71.6,52,75.2,54,71.6,57,71.6,61,71.6
12:36:19,60,69.8,56,75.2,51,71.6,59,71.6,52,75.2,55,71.6,57,71.6,61,71.6
12:36:34,60,69.8,56,75.2,51,71.6,59,71.6,52,75.2,55,71.6,57,71.6,59,69.8
12:36:49,60,69.8,56,75.2,51,71.6,59,71.6,51,75.2,55,71.6,57,71.6,59,69.8
12:37:11,60,69.8,57,75.2,51,71.6,58,71.6,52,75.2,55,71.6,57,71.6,59,69.8
12:37:28,60,69.8,57,75.2,51,71.6,55,71.6,52,75.2,55,71.6,57,71.6,60,69.8
12:37:58,60,69.8,57,75.2,51,71.6,55,71.6,52,75.2,55,71.6,57,71.6,,
12:38:13,60,69.8,57,75.2,51,71.6,58,71.6,52,75.2,54,71.6,57,71.6,60,69.8
12:38:25,60,69.8,57,75.2,51,71.6,55,71.6,52,75.2,54,71.6,57,71.6,60,69.8
12:38:55,60,69.8,56,75.2,52,71.6,55,71.6,52,75.2,54,71.6,57,71.6,60,69.8
12:39:22,60,69.8,57,75.2,52,71.6,59,71.6,52,75.2,54,71.6,57,71.6,60,69.8
12:39:47,60,69.8,56,75.2,52,71.6,55,71.6,52,75.2,54,71.6,57,71.6,60,69.8
12:40:02,60,69.8,56,75.2,52,71.6,55,71.6,53,75.2,54,71.6,56,71.6,60,69.8
12:40:37,60,69.8,57,75.2,52,71.6,55,71.6,53,75.2,54,71.6,56,71.6,61,71.6
12:40:57,60,69.8,57,75.2,52,71.6,59,71.6,53,75.2,54,71.6,56,71.6,61,71.6
12:41:17,60,71.6,57,75.2,52,71.6,59,71.6,53,75.2,54,71.6,56,71.6,61,71.6
12:41:31,60,71.6,57,75.2,53,71.6,59,71.6,53,75.2,54,71.6,56,71.6,61,71.6
12:41:51,60,71.6,56,75.2,53,71.6,59,71.6,53,75.2,54,71.6,56,71.6,61,71.6
12:42:41,60,71.6,56,75.2,53,71.6,56,71.6,53,75.2,54,71.6,56,71.6,61,71.6
12:43:11,60,71.6,56,75.2,53,71.6,56,71.6,52,75.2,54,71.6,57,71.6,61,71.6
12:43:29,60,71.6,56,75.2,53,71.6,59,71.6,52,75.2,55,71.6,57,71.6,61,71.6
12:43:51,60,71.6,57,75.2,53,71.6,59,71.6,53,75.2,55,71.6,57,71.6,61,71.6
12:44:06,59,71.6,56,75.2,53,71.6,59,71.6,52,75.2,55,71.6,57,71.6,61,71.6
12:44:20,60,71.6,56,75.2,53,71.6,59,71.6,53,75.2,55,71.6,57,71.6,61,71.6
12:44:33,59,71.6,56,75.2,53,71.6,59,71.6,53,75.2,55,71.6,57,71.6,61,71.6
12:44:50,60,71.6,56,75.2,53,71.6,56,71.6,53,75.2,55,71.6,57,71.6,61,71.6
12:45:10,59,71.6,56,75.2,53,71.6,56,71.6,53,75.2,55,71.6,57,71.6,61,71.6
12:45:32,59,71.6,56,75.2,53,71.6,59,71.6,53,75.2,55,71.6,56,71.6,61,71.6
12:45:47,59,71.6,57,75.2,53,71.6,59,71.6,53,75.2,55,71.6,56,71.6,61,71.6
12:46:01,59,71.6,56,75.2,53,71.6,59,71.6,53,75.2,55,71.6,,,61,71.6
12:46:24,59,71.6,56,75.2,53,71.6,59,71.6,53,75.2,54,71.6,57,71.6,61,71.6
12:46:39,59,71.6,56,75.2,53,71.6,59,71.6,53,75.2,55,71.6,56,71.6,61,71.6
12:46:56,59,71.6,57,75.2,53,71.6,60,71.6,53,75.2,55,71.6,56,71.6,61,71.6
12:47:16,59,71.6,57,75.2,53,71.6,60,71.6,53,75.2,55,71.6,56,71.6,61,71.6
12:47:30,59,71.6,56,75.2,53,71.6,60,71.6,53,75.2,55,71.6,56,71.6,61,71.6
12:47:50,59,71.6,57,75.2,53,71.6,59,71.6,53,75.2,55,71.6,57,71.6,61,71.6
12:48:02,59,71.6,56,75.2,53,71.6,60,71.6,53,75.2,55,71.6,57,71.6,61,71.6
12:48:30,59,71.6,57,75.2,53,71.6,56,71.6,53,77,55,71.6,57,71.6,61,71.6
12:48:45,59,71.6,57,75.2,53,71.6,59,71.6,53,77,55,71.6,57,71.6,61,71.6
12:49:07,59,71.6,57,75.2,53,71.6,60,71.6,52,77,55,71.6,56,71.6,61,71.6
12:49:34,59,71.6,57,75.2,53,71.6,56,71.6,52,77,55,71.6,56,71.6,61,71.6
12:49:57,59,71.6,57,75.2,53,71.6,56,71.6,52,77,55,71.6,56,71.6,61,71.6
12:50:11,59,71.6,57,75.2,53,71.6,59,71.6,52,77,55,71.6,56,71.6,61,71.6
12:50:34,59,71.6,57,75.2,53,71.6,59,71.6,52,77,55,71.6,56,71.6,61,71.6
12:50:48,59,71.6,57,75.2,53,71.6,60,71.6,52,77,55,71.6,57,71.6,61,71.6
12:51:06,59,71.6,57,75.2,53,71.6,60,71.6,52,77,55,71.6,57,71.6,61,71.6
12:51:26,59,71.6,57,75.2,53,71.6,56,71.6,52,77,55,71.6,57,71.6,61,71.6
12:51:53,58,71.6,57,75.2,53,71.6,60,71.6,52,77,55,71.6,57,71.6,61,71.6
12:52:25,58,71.6,56,75.2,53,71.6,56,71.6,52,77,55,71.6,57,71.6,60,71.6
12:52:45,58,71.6,56,75.2,53,71.6,60,71.6,52,77,55,71.6,57,71.6,61,71.6
12:53:05,58,71.6,56,75.2,53,71.6,59,71.6,52,77,55,73.4,57,71.6,61,71.6
12:53:20,58,71.6,56,75.2,53,71.6,56,71.6,52,77,55,71.6,56,71.6,60,71.6
12:53:40,58,71.6,56,75.2,53,71.6,56,71.6,51,77,55,71.6,56,71.6,60,71.6
12:53:54,58,71.6,57,75.2,53,71.6,59,71.6,52,77,54,73.4,56,71.6,60,71.6
12:54:17,58,71.6,57,75.2,53,71.6,59,71.6,52,77,55,71.6,56,71.6,60,71.6
12:54:31,58,73.4,56,75.2,53,71.6,59,71.6,52,77,55,71.6,56,71.6,60,71.6
12:54:56,57,73.4,56,75.2,53,71.6,59,71.6,52,77,55,73.4,57,71.6,60,71.6
12:55:21,58,73.4,57,75.2,53,71.6,56,71.6,51,77,55,71.6,56,71.6,61,71.6
12:55:48,57,73.4,57,75.2,53,71.6,60,71.6,,,55,73.4,56,71.6,60,71.6
12:56:11,57,73.4,57,75.2,53,71.6,56,71.6,52,77,55,73.4,56,71.6,60,71.6
12:56:26,57,73.4,57,75.2,53,71.6,60,71.6,52,77,55,73.4,56,71.6,61,71.6
12:56:43,57,73.4,56,75.2,53,71.6,60,71.6,52,77,55,71.6,57,71.6,61,71.6
12:57:00,57,73.4,57,75.2,53,71.6,60,71.6,52,77,55,71.6,57,71.6,61,71.6
12:57:17,57,73.4,57,75.2,53,71.6,57,71.6,52,77,55,73.4,57,71.6,61,71.6
12:57:42,57,73.4,57,75.2,53,71.6,57,71.6,52,77,55,73.4,57,71.6,61,71.6
12:58:10,57,73.4,57,75.2,53,71.6,57,71.6,52,77,55,73.4,57,71.6,61,71.6
12:58:35,57,73.4,57,75.2,53,71.6,60,71.6,52,77,55,73.4,57,71.6,61,71.6
12:59:02,56,73.4,57,77,53,71.6,57,71.6,52,77,55,73.4,57,71.6,61,71.6
12:59:22,56,73.4,56,77,53,71.6,60,71.6,52,77,55,73.4,57,71.6,61,71.6
12:59:34,56,73.4,56,77,53,71.6,60,71.6,,,55,73.4,57,71.6,61,71.6
12:59:46,56,73.4,56,77,53,71.6,57,71.6,52,77,55,73.4,57,71.6,61,71.6
13:00:11,56,73.4,57,77,53,71.6,57,71.6,52,77,55,73.4,57,71.6,61,71.6
13:00:33,56,73.4,56,77,54,71.6,60,71.6,52,77,55,73.4,57,71.6,61,71.6
13:00:58,56,73.4,56,77,54,71.6,57,71.6,52,77,55,73.4,57,71.6,61,71.6
13:01:13,56,73.4,57,77,54,73.4,60,71.6,52,77,55,73.4,,,61,71.6
13:01:33,56,73.4,56,77,54,73.4,60,71.6,51,77,55,73.4,57,71.6,,
13:02:10,56,73.4,56,77,53,73.4,57,71.6,51,77,55,73.4,56,71.6,61,71.6
13:02:43,56,73.4,56,77,53,73.4,57,71.6,51,77,55,73.4,56,71.6,61,71.6
13:03:00,56,73.4,56,77,53,73.4,60,71.6,51,77,55,73.4,56,71.6,61,71.6
13:03:15,56,73.4,56,77,54,73.4,60,71.6,51,77,55,73.4,56,71.6,61,71.6
13:03:35,56,73.4,56,77,,,60,71.6,51,77,54,73.4,56,71.6,61,71.6
13:03:57,56,73.4,56,77,53,73.4,60,71.6,52,77,54,73.4,56,71.6,61,71.6
13:04:17,56,73.4,56,77,53,73.4,60,71.6,52,77,54,73.4,56,71.6,61,71.6
13:04:29,56,73.4,55,77,53,73.4,60,71.6,51,77,54,73.4,56,71.6,61,71.6
13:04:49,56,73.4,55,77,53,73.4,59,71.6,51,77,54,73.4,,,61,71.6
13:05:16,56,73.4,55,77,53,73.4,56,71.6,51,77,54,73.4,56,71.6,60,71.6
13:05:33,56,73.4,55,77,53,73.4,59,71.6,51,77,54,73.4,56,71.6,60,71.6
13:05:53,56,73.4,55,77,52,73.4,59,71.6,51,77,54,73.4,56,71.6,60,71.6
13:06:16,56,73.4,55,77,52,73.4,58,71.6,51,77,,,55,71.6,60,71.6
13:06:30,56,73.4,55,77,52,73.4,58,71.6,52,77,53,73.4,56,71.6,60,71.6
13:07:05,56,71.6,55,77,52,73.4,55,71.6,,,53,73.4,55,71.6,60,71.6
13:07:40,56,73.4,54,77,52,73.4,55,71.6,52,77,53,73.4,55,71.6,60,71.6
13:08:10,57,71.6,54,77,52,73.4,55,71.6,52,77,53,73.4,,,60,71.6
13:08:38,57,71.6,54,75.2,52,71.6,58,71.6,52,77,53,73.4,55,71.6,60,71.6
13:09:00,57,71.6,55,75.2,52,73.4,54,71.6,51,77,53,73.4,55,71.6,59,71.6
13:09:17,57,71.6,55,77,52,73.4,58,71.6,50,77,54,73.4,56,71.6,59,71.6
13:09:45,57,71.6,55,75.2,52,73.4,59,71.6,50,77,54,73.4,56,71.6,59,71.6
13:10:04,57,71.6,54,75.2,52,73.4,55,71.6,50,77,54,73.4,56,71.6,58,71.6
13:10:19,57,71.6,55,75.2,52,73.4,59,71.6,50,77,54,73.4,55,71.6,58,71.6
13:10:31,57,71.6,55,75.2,52,73.4,59,71.6,50,77,53,73.4,55,71.6,58,71.6
13:10:46,57,71.6,55,77,51,73.4,58,71.6,50,77,53,73.4,55,71.6,58,71.6
13:11:24,57,71.6,55,75.2,51,73.4,54,71.6,50,77,53,73.4,55,71.6,59,71.6
13:11:41,57,71.6,55,77,51,73.4,58,71.6,50,77,53,73.4,54,71.6,59,71.6
13:12:03,58,71.6,55,75.2,51,73.4,54,71.6,50,77,53,73.4,54,71.6,59,71.6
13:12:20,58,71.6,56,77,51,73.4,57,71.6,50,77,53,73.4,55,71.6,58,71.6
13:12:35,58,71.6,56,75.2,51,73.4,58,71.6,50,77,53,73.4,55,71.6,58,71.6
13:12:47,58,71.6,56,75.2,51,73.4,58,71.6,50,77,53,73.4,55,71.6,58,71.6
13:13:28,58,71.6,56,77,51,71.6,54,71.6,50,77,53,73.4,55,71.6,58,71.6
13:13:42,58,71.6,55,75.2,51,73.4,58,71.6,49,77,53,73.4,55,71.6,58,71.6
13:14:02,58,71.6,55,75.2,51,73.4,58,71.6,49,77,53,73.4,55,71.6,58,71.6
13:14:17,58,71.6,55,75.2,51,73.4,58,71.6,49,77,53,73.4,55,71.6,58,71.6
13:14:29,58,71.6,55,75.2,51,73.4,58,71.6,49,77,53,73.4,55,71.6,58,71.6
13:14:41,58,71.6,,,51,73.4,58,71.6,49,77,54,73.4,56,71.6,58,71.6
13:15:24,59,71.6,54,75.2,51,73.4,55,71.6,49,77,54,73.4,56,71.6,58,71.6
13:15:44,59,71.6,55,75.2,51,73.4,58,71.6,50,77,53,73.4,55,71.6,58,71.6
13:15:58,58,71.6,55,75.2,51,73.4,55,71.6,50,77,53,73.4,55,71.6,58,71.6
13:16:33,58,71.6,55,75.2,51,71.6,55,71.6,50,77,53,73.4,55,71.6,59,71.6
13:16:51,59,71.6,56,75.2,51,71.6,58,71.6,50,77,53,73.4,55,71.6,59,71.6
13:17:10,59,71.6,56,75.2,51,71.6,55,71.6,50,77,53,71.6,55,71.6,59,71.6
13:17:38,58,71.6,56,75.2,51,73.4,58,71.6,50,77,53,71.6,55,71.6,59,71.6
13:18:00,59,71.6,55,75.2,51,73.4,55,71.6,50,77,53,73.4,55,71.6,59,71.6
13:18:15,59,71.6,55,75.2,51,73.4,58,71.6,50,77,53,71.6,55,71.6,59,71.6
13:18:30,59,71.6,55,75.2,51,73.4,55,71.6,50,77,53,71.6,55,71.6,58,71.6
13:18:47,59,71.6,55,75.2,51,73.4,58,71.6,50,77,54,73.4,56,71.6,58,71.6
13:19:07,59,71.6,55,75.2,51,73.4,54,71.6,50,77,53,73.4,56,71.6,59,71.6
13:19:32,59,71.6,55,75.2,51,73.4,54,71.6,50,77,53,73.4,55,71.6,58,71.6
13:19:51,59,71.6,56,75.2,51,73.4,55,71.6,50,77,53,71.6,55,71.6,59,71.6
13:20:21,59,71.6,55,75.2,51,71.6,55,71.6,50,77,53,71.6,55,71.6,59,71.6
13:20:44,59,71.6,55,75.2,51,71.6,55,71.6,50,77,54,71.6,55,71.6,59,71.6
13:21:08,59,71.6,55,75.2,51,71.6,58,71.6,50,77,53,71.6,55,71.6,59,71.6
13:21:28,59,71.6,55,75.2,51,73.4,58,71.6,50,77,53,71.6,55,71.6,59,71.6
13:21:48,59,71.6,55,75.2,51,71.6,58,71.6,50,77,54,71.6,55,71.6,59,71.6
13:22:10,59,71.6,55,75.2,51,71.6,58,71.6,50,77,54,71.6,56,71.6,59,71.6
13:22:40,59,71.6,55,75.2,51,71.6,55,71.6,50,77,54,73.4,56,71.6,59,71.6
13:22:58,59,71.6,55,75.2,51,71.6,58,71.6,50,77,54,71.6,55,71.6,59,71.6
13:23:30,59,71.6,55,75.2,51,71.6,55,71.6,51,77,54,73.4,55,71.6,59,71.6
13:23:57,60,71.6,56,75.2,51,71.6,58,71.6,51,77,54,73.4,55,71.6,59,71.6
13:24:27,60,71.6,56,75.2,51,73.4,58,71.6,50,77,54,73.4,55,71.6,59,71.6
13:25:07,60,71.6,56,75.2,51,73.4,55,71.6,50,77,54,73.4,55,71.6,59,71.6
13:25:27,60,71.6,56,75.2,51,71.6,59,71.6,50,77,54,73.4,55,71.6,59,71.6
13:25:42,60,71.6,56,75.2,52,71.6,58,71.6,50,77,54,71.6,55,71.6,59,71.6
13:26:04,60,71.6,56,75.2,52,71.6,55,71.6,50,77,54,71.6,56,71.6,59,71.6
13:26:27,60,71.6,56,75.2,51,71.6,59,71.6,50,77,54,71.6,56,71.6,59,71.6
13:26:57,60,71.6,56,75.2,51,71.6,55,71.6,50,77,54,71.6,56,71.6,59,71.6
13:27:16,60,71.6,56,75.2,51,71.6,59,71.6,50,77,54,71.6,55,71.6,59,71.6
13:27:31,60,71.6,56,75.2,52,71.6,59,71.6,50,77,54,71.6,55,71.6,59,71.6
13:27:46,60,71.6,56,75.2,51,71.6,58,71.6,50,77,54,73.4,56,71.6,59,71.6
13:28:03,61,71.6,56,75.2,52,71.6,58,71.6,50,77,54,73.4,56,71.6,60,71.6
13:28:25,61,71.6,56,75.2,51,71.6,55,71.6,51,77,54,73.4,56,71.6,60,71.6
13:28:43,61,71.6,56,75.2,52,71.6,58,71.6,51,77,54,71.6,56,71.6,60,71.6
13:29:00,60,71.6,56,75.2,52,71.6,59,71.6,51,77,54,71.6,56,71.6,60,71.6
13:29:30,60,71.6,56,75.2,51,71.6,55,71.6,50,77,54,71.6,56,71.6,59,71.6
13:29:55,60,71.6,56,75.2,51,71.6,59,71.6,50,77,,,56,71.6,60,71.6
13:30:10,61,71.6,56,75.2,51,71.6,59,71.6,50,77,54,71.6,56,71.6,59,71.6
13:30:24,61,71.6,56,75.2,52,73.4,59,71.6,51,77,,,56,71.6,60,71.6
13:30:47,61,71.6,56,75.2,52,71.6,55,71.6,51,77,54,71.6,56,71.6,60,71.6
13:31:09,61,71.6,56,75.2,51,71.6,59,71.6,51,77,54,71.6,,,60,71.6
13:31:29,61,71.6,56,75.2,52,71.6,59,71.6,51,77,55,71.6,56,71.6,60,71.6
13:31:44,60,71.6,56,75.2,52,71.6,59,71.6,51,77,55,73.4,56,71.6,60,71.6
13:32:16,60,71.6,56,75.2,52,71.6,59,71.6,51,77,54,73.4,56,71.6,60,71.6
13:32:41,60,71.6,56,75.2,,,59,71.6,51,77,,,56,71.6,60,71.6
13:33:01,60,71.6,56,75.2,51,71.6,56,71.6,51,77,55,71.6,56,71.6,60,71.6
13:33:23,60,71.6,56,75.2,51,71.6,59,71.6,50,77,55,73.4,56,71.6,60,71.6
13:33:38,61,71.6,56,75.2,51,71.6,55,71.6,51,77,54,71.6,56,71.6,60,71.6
13:34:13,61,71.6,56,75.2,52,71.6,55,71.6,51,77,55,71.6,56,71.6,60,71.6
13:34:45,61,71.6,56,75.2,52,71.6,55,71.6,51,77,54,71.6,56,71.6,60,71.6
13:35:00,61,71.6,57,75.2,52,71.6,59,71.6,51,77,54,71.6,56,71.6,60,71.6
13:35:17,61,71.6,57,75.2,52,71.6,59,71.6,51,77,54,71.6,56,71.6,60,71.6
13:35:34,61,71.6,56,75.2,52,71.6,59,71.6,51,77,54,73.4,56,71.6,60,71.6
13:35:59,60,71.6,56,75.2,52,71.6,55,71.6,51,77,54,71.6,56,71.6,60,71.6
13:36:32,61,71.6,57,75.2,52,71.6,55,71.6,51,77,54,73.4,56,71.6,60,71.6
13:36:49,61,71.6,57,75.2,52,71.6,59,71.6,51,77,54,71.6,56,71.6,60,71.6
13:37:11,60,71.6,57,75.2,52,71.6,59,71.6,51,77,55,71.6,56,71.6,60,71.6
13:37:26,60,71.6,57,75.2,52,71.6,59,71.6,51,77,54,71.6,56,71.6,60,71.6
13:37:43,60,71.6,57,75.2,52,71.6,59,71.6,51,77,54,71.6,56,71.6,60,71.6
13:38:08,60,71.6,57,75.2,52,71.6,56,71.6,51,77,54,73.4,56,71.6,60,71.6
13:38:38,60,71.6,57,75.2,52,73.4,56,71.6,51,77,54,71.6,56,71.6,60,71.6
13:38:55,61,71.6,57,75.2,52,71.6,59,71.6,51,77,54,71.6,56,71.6,60,71.6
13:39:08,61,71.6,56,75.2,52,71.6,59,71.6,51,77,54,73.4,56,71.6,60,71.6
13:39:25,60,71.6,56,75.2,52,71.6,59,71.6,51,77,54,71.6,56,71.6,60,71.6
13:39:45,60,71.6,56,75.2,52,73.4,59,71.6,51,77,54,73.4,56,71.6,60,71.6
13:40:10,60,71.6,57,75.2,52,71.6,56,71.6,51,77,54,71.6,56,71.6,60,71.6
13:40:37,60,71.6,57,75.2,52,71.6,56,71.6,51,77,,,56,71.6,60,71.6
13:40:54,60,71.6,57,75.2,52,71.6,59,71.6,51,77,54,71.6,56,71.6,60,71.6
13:41:27,60,71.6,57,75.2,52,71.6,59,71.6,51,77,54,71.6,56,71.6,59,71.6
13:41:46,60,71.6,57,75.2,52,71.6,56,71.6,51,77,55,71.6,57,71.6,59,71.6
13:42:06,60,71.6,57,75.2,52,71.6,59,71.6,51,77,55,71.6,56,71.6,60,71.6
13:42:21,60,71.6,57,75.2,52,71.6,59,71.6,51,77,55,71.6,56,71.6,60,71.6
13:42:46,61,71.6,57,75.2,52,71.6,59,71.6,51,77,55,71.6,56,71.6,60,71.6
13:43:03,61,71.6,56,75.2,52,71.6,55,71.6,51,77,54,71.6,56,71.6,60,71.6
13:43:20,60,71.6,56,75.2,52,71.6,59,71.6,51,77,55,71.6,56,71.6,60,71.6
13:43:45,60,71.6,56,75.2,52,71.6,59,71.6,51,77,54,71.6,56,71.6,60,71.6
13:44:08,60,71.6,56,75.2,52,73.4,59,71.6,51,77,54,71.6,,,60,71.6
13:44:35,60,71.6,56,75.2,52,71.6,59,71.6,51,77,54,71.6,56,71.6,60,71.6
13:44:50,60,71.6,56,75.2,52,73.4,59,71.6,51,77,54,71.6,56,71.6,61,71.6
13:45:30,60,71.6,57,75.2,52,71.6,56,71.6,51,77,,,56,71.6,60,71.6
13:46:05,60,71.6,57,75.2,52,73.4,56,71.6,52,77,54,71.6,56,71.6,61,71.6
13:46:40,60,71.6,57,75.2,52,71.6,56,71.6,51,77,54,71.6,56,71.6,60,71.6
13:46:52,61,71.6,57,75.2,52,71.6,59,71.6,52,77,54,71.6,56,71.6,61,71.6
13:47:14,61,71.6,57,75.2,52,71.6,59,71.6,52,77,54,71.6,56,71.6,61,71.6
13:47:27,61,71.6,57,75.2,52,71.6,59,71.6,52,77,54,71.6,56,71.6,60,71.6
13:47:46,61,71.6,57,75.2,52,71.6,59,71.6,52,77,54,71.6,56,71.6,60,71.6
13:48:01,61,71.6,57,75.2,52,71.6,56,71.6,,,54,71.6,56,71.6,61,71.6
13:48:18,60,71.6,57,75.2,52,71.6,59,71.6,51,77,54,71.6,56,71.6,60,71.6
13:48:41,61,71.6,57,75.2,52,71.6,55,71.6,51,77,55,71.6,56,71.6,60,71.6
13:49:08,60,71.6,57,75.2,52,71.6,59,71.6,51,77,54,71.6,56,71.6,61,71.6
13:49:25,61,71.6,57,75.2,52,71.6,55,71.6,51,77,54,71.6,56,71.6,60,71.6
13:49:53,61,71.6,57,75.2,52,71.6,59,71.6,51,77,54,71.6,56,71.6,61,71.6
13:50:08,61,71.6,57,75.2,52,71.6,55,71.6,51,77,54,71.6,56,71.6,60,71.6
13:50:25,61,71.6,57,75.2,52,71.6,55,71.6,51,77,54,71.6,56,71.6,60,71.6
13:50:50,61,71.6,58,75.2,52,71.6,55,71.6,51,77,54,71.6,56,71.6,60,71.6
13:51:17,61,71.6,58,75.2,52,71.6,55,71.6,51,77,54,71.6,56,71.6,60,71.6
13:51:39,61,71.6,58,75.2,52,71.6,58,71.6,51,77,55,71.6,56,71.6,60,71.6
13:51:57,61,71.6,58,75.2,52,71.6,58,71.6,51,77,54,71.6,56,71.6,60,71.6
13:52:16,60,69.8,58,73.4,52,71.6,55,71.6,51,77,54,71.6,56,71.6,60,71.6
13:52:49,60,69.8,58,73.4,51,71.6,58,71.6,51,75.2,55,71.6,57,71.6,60,71.6
13:53:16,60,69.8,58,73.4,51,71.6,54,71.6,51,77,55,71.6,57,71.6,60,71.6
13:53:31,61,69.8,59,73.4,51,71.6,,,51,77,55,71.6,57,71.6,60,71.6
13:53:56,60,69.8,59,73.4,51,71.6,55,71.6,51,77,55,71.6,57,71.6,60,71.6
13:54:18,61,69.8,59,73.4,51,71.6,58,71.6,51,77,55,71.6,57,71.6,60,71.6
13:54:30,61,69.8,59,73.4,51,71.6,58,71.6,51,77,55,71.6,57,71.6,60,71.6
13:54:53,61,69.8,59,73.4,51,71.6,55,71.6,51,77,55,71.6,57,71.6,60,71.6
13:55:13,61,69.8,59,73.4,52,71.6,58,71.6,51,75.2,55,71.6,57,71.6,60,71.6
13:55:27,61,69.8,59,73.4,52,71.6,55,71.6,51,75.2,55,71.6,57,71.6,60,71.6
13:55:50,61,69.8,59,73.4,51,71.6,55,71.6,51,75.2,55,71.6,57,71.6,60,71.6
13:56:07,61,69.8,59,73.4,52,71.6,58,71.6,51,77,55,71.6,57,71.6,60,71.6
13:56:27,61,69.8,59,73.4,52,71.6,58,71.6,52,75.2,55,71.6,57,71.6,60,71.6
13:56:52,61,69.8,59,73.4,52,71.6,58,71.6,52,75.2,55,71.6,57,71.6,60,71.6
13:57:19,61,69.8,59,73.4,52,71.6,58,71.6,52,75.2,55,71.6,58,71.6,60,71.6
13:57:39,61,69.8,59,73.4,52,71.6,55,71.6,52,75.2,55,71.6,57,71.6,60,71.6
13:58:04,61,69.8,59,73.4,52,71.6,58,71.6,52,75.2,,,57,71.6,60,71.6
13:58:18,61,69.8,59,73.4,52,71.6,59,71.6,52,75.2,55,71.6,57,71.6,60,71.6
13:58:33,61,69.8,59,73.4,52,71.6,59,71.6,,,55,71.6,57,71.6,60,71.6
13:58:56,61,69.8,59,73.4,52,71.6,58,71.6,52,75.2,56,71.6,58,71.6,60,71.6
13:59:23,61,69.8,59,73.4,52,71.6,55,71.6,52,75.2,55,71.6,58,71.6,60,71.6
13:59:50,61,69.8,60,73.4,52,71.6,59,71.6,52,75.2,55,71.6,58,71.6,60,71.6
14:00:13,61,69.8,60,73.4,52,71.6,59,71.6,52,75.2,56,71.6,58,71.6,61,71.6
14:00:32,61,69.8,60,73.4,52,71.6,59,71.6,52,75.2,55,71.6,58,71.6,61,71.6
14:01:00,61,69.8,60,73.4,52,71.6,59,71.6,52,75.2,56,71.6,58,71.6,61,71.6
14:01:25,61,69.8,60,73.4,52,71.6,55,71.6,52,75.2,56,71.6,58,71.6,61,71.6
14:01:42,61,69.8,60,73.4,52,71.6,59,71.6,52,75.2,56,71.6,57,69.8,61,71.6
14:02:25,61,69.8,60,73.4,52,71.6,59,71.6,52,75.2,56,71.6,57,69.8,60,71.6
14:02:49,61,69.8,60,73.4,52,71.6,56,71.6,52,75.2,56,71.6,57,69.8,61,71.6
14:03:07,61,69.8,60,73.4,53,71.6,58,69.8,52,75.2,56,71.6,57,69.8,61,71.6
14:03:32,61,69.8,60,73.4,52,71.6,58,69.8,52,75.2,56,71.6,57,69.8,61,71.6
14:03:51,61,69.8,60,73.4,52,71.6,59,71.6,52,75.2,56,71.6,53,69.8,61,71.6
14:04:26,61,69.8,60,73.4,52,71.6,58,69.8,52,75.2,56,71.6,53,69.8,61,71.6
14:04:46,61,69.8,60,73.4,53,71.6,58,69.8,52,75.2,56,71.6,58,71.6,61,71.6
14:05:01,61,69.8,60,73.4,53,71.6,58,69.8,52,75.2,56,71.6,54,71.6,61,71.6
14:05:28,61,69.8,60,73.4,53,71.6,55,69.8,52,75.2,56,71.6,54,71.6,61,71.6
14:05:56,61,69.8,60,73.4,53,71.6,58,69.8,52,75.2,56,71.6,57,69.8,61,71.6
14:06:31,61,69.8,60,73.4,53,71.6,58,69.8,52,75.2,56,71.6,57,69.8,61,71.6
14:06:56,61,69.8,60,73.4,53,71.6,55,69.8,,,56,71.6,57,69.8,61,71.6
14:07:18,61,69.8,60,73.4,53,71.6,58,69.8,52,75.2,56,71.6,57,69.8,61,71.6
14:07:35,61,69.8,60,73.4,53,71.6,,,52,75.2,56,71.6,53,69.8,,
14:08:00,61,69.8,60,73.4,53,71.6,58,69.8,52,75.2,56,71.6,53,69.8,60,69.8
14:08:15,61,69.8,60,73.4,53,71.6,59,71.6,52,75.2,56,71.6,57,69.8,61,71.6
14:08:32,61,69.8,60,73.4,53,71.6,58,69.8,53,75.2,56,71.6,57,69.8,61,71.6
14:08:59,61,69.8,61,73.4,53,71.6,58,69.8,52,75.2,56,71.6,53,69.8,61,71.6
14:09:29,61,69.8,60,73.4,53,71.6,58,69.8,52,75.2,56,71.6,53,69.8,61,71.6
14:09:57,61,69.8,61,73.4,53,71.6,58,69.8,52,75.2,56,71.6,57,69.8,61,71.6
14:10:24,62,69.8,60,73.4,53,71.6,58,69.8,52,75.2,56,71.6,57,69.8,61,71.6
14:10:39,61,69.8,61,73.4,53,71.6,58,69.8,53,75.2,56,71.6,53,69.8,60,69.8
14:11:06,61,69.8,61,73.4,53,71.6,58,69.8,53,75.2,56,71.6,57,69.8,60,69.8
14:11:24,61,69.8,61,73.4,53,71.6,58,69.8,53,75.2,56,71.6,53,69.8,,
14:11:51,61,69.8,61,73.4,53,71.6,58,69.8,53,75.2,56,71.6,57,69.8,,
14:12:08,61,69.8,61,73.4,53,71.6,58,69.8,53,75.2,56,71.6,58,69.8,61,71.6
14:12:31,62,69.8,61,73.4,,,58,69.8,53,75.2,56,71.6,58,69.8,60,69.8
14:12:45,61,69.8,61,73.4,53,71.6,58,69.8,53,75.2,57,71.6,53,69.8,60,69.8
14:13:25,61,69.8,61,73.4,53,71.6,58,69.8,53,75.2,56,71.6,53,69.8,60,69.8
14:13:50,62,69.8,61,73.4,,,58,69.8,53,75.2,56,71.6,58,69.8,60,69.8
14:14:28,62,69.8,61,73.4,53,71.6,58,69.8,53,75.2,56,71.6,53,69.8,61,71.6
14:14:42,62,69.8,61,73.4,53,71.6,58,69.8,53,75.2,56,71.6,57,69.8,60,69.8
14:15:02,62,69.8,61,73.4,53,71.6,58,69.8,53,75.2,57,71.6,58,69.8,60,69.8
14:15:14,62,69.8,61,73.4,53,71.6,58,69.8,53,75.2,56,71.6,58,69.8,60,69.8
14:15:34,62,69.8,61,73.4,53,71.6,58,69.8,53,75.2,56,71.6,58,69.8,60,69.8
14:15:49,62,69.8,61,73.4,53,71.6,58,69.8,53,75.2,56,71.6,58,69.8,60,69.8
14:16:19,62,69.8,61,73.4,53,71.6,58,69.8,53,75.2,56,71.6,58,69.8,60,69.8
14:16:46,62,69.8,61,73.4,53,71.6,58,69.8,53,75.2,57,71.6,54,69.8,60,69.8
14:17:21,62,69.8,61,73.4,53,71.6,58,69.8,53,75.2,57,71.6,58,69.8,60,69.8
14:17:44,62,69.8,61,73.4,53,71.6,58,69.8,53,75.2,57,71.6,58,69.8,60,69.8
14:18:21,62,69.8,61,73.4,53,71.6,58,69.8,53,75.2,56,69.8,58,69.8,60,69.8
14:18:46,62,69.8,61,73.4,53,71.6,58,69.8,53,75.2,56,69.8,54,69.8,60,69.8
14:19:08,62,69.8,61,73.4,53,71.6,58,69.8,53,75.2,55,69.8,54,69.8,60,69.8
14:19:28,62,69.8,61,73.4,53,71.6,59,69.8,53,75.2,56,69.8,58,69.8,60,69.8
14:19:53,62,69.8,61,73.4,53,71.6,59,69.8,53,75.2,56,69.8,54,69.8,60,69.8
14:20:08,62,69.8,61,73.4,53,71.6,59,69.8,53,75.2,56,69.8,58,69.8,60,69.8
14:20:33,62,69.8,61,73.4,53,71.6,59,69.8,53,75.2,56,69.8,54,69.8,60,69.8
14:20:55,62,69.8,61,73.4,53,71.6,59,69.8,53,75.2,57,71.6,54,69.8,60,69.8
14:21:07,62,69.8,61,73.4,53,71.6,59,69.8,53,75.2,56,69.8,58,69.8,60,69.8
14:21:27,62,69.8,61,71.6,53,71.6,58,69.8,53,75.2,56,69.8,58,69.8,60,69.8
14:21:42,62,69.8,61,73.4,53,71.6,59,69.8,53,75.2,56,69.8,,,60,69.8
14:21:56,62,69.8,61,73.4,53,71.6,59,69.8,53,75.2,56,69.8,,,60,69.8
14:22:19,62,69.8,61,73.4,53,71.6,59,69.8,53,75.2,56,69.8,54,69.8,60,69.8
14:22:36,62,69.8,61,73.4,53,71.6,59,69.8,53,75.2,56,69.8,58,69.8,61,69.8
14:22:51,62,69.8,61,73.4,53,71.6,59,69.8,53,75.2,56,69.8,54,69.8,61,69.8
14:23:33,62,69.8,61,73.4,53,71.6,59,69.8,53,75.2,56,69.8,54,69.8,61,69.8
14:23:58,62,69.8,61,73.4,53,71.6,59,69.8,54,75.2,56,69.8,58,69.8,61,69.8
14:24:10,62,69.8,61,73.4,53,71.6,59,69.8,53,75.2,56,69.8,58,69.8,61,69.8
14:24:43,62,69.8,61,73.4,53,71.6,59,69.8,54,75.2,56,69.8,54,69.8,61,69.8
14:25:15,62,69.8,61,73.4,53,71.6,59,69.8,54,75.2,56,69.8,,,61,69.8
14:25:50,62,69.8,62,73.4,54,71.6,59,69.8,54,75.2,56,69.8,54,69.8,61,69.8
14:26:15,62,69.8,62,73.4,54,71.6,59,69.8,,,57,71.6,59,69.8,61,69.8
14:26:53,62,69.8,62,73.4,54,71.6,59,69.8,53,75.2,56,69.8,54,69.8,61,69.8
14:27:28,61,69.8,62,73.4,54,71.6,59,69.8,54,75.2,57,71.6,59,69.8,61,69.8
14:28:03,62,69.8,62,73.4,54,71.6,59,69.8,54,75.2,57,71.6,54,69.8,61,69.8
14:28:28,61,69.8,62,73.4,54,71.6,59,69.8,54,75.2,56,69.8,58,69.8,61,69.8
14:29:03,62,71.6,62,73.4,54,71.6,60,69.8,54,75.2,57,71.6,58,69.8,61,69.8
14:29:35,61,69.8,62,73.4,54,71.6,59,69.8,54,75.2,57,69.8,54,69.8,61,69.8
14:30:05,62,71.6,62,73.4,54,71.6,59,69.8,54,75.2,58,71.6,58,69.8,61,69.8
14:30:37,61,69.8,62,73.4,54,71.6,59,69.8,54,75.2,57,71.6,59,69.8,61,69.8
14:31:15,62,,62,73.4,54,71.6,60,69.8,54,75.2,57,71.6,58,69.8,61,69.8
14:31:42,62,71.6,62,73.4,54,71.6,59,69.8,54,75.2,58,71.6,59,69.8,61,69.8
14:32:02,62,71.6,62,73.4,54,71.6,60,69.8,54,75.2,58,71.6,59,69.8,61,69.8
14:32:35,62,71.6,62,73.4,54,71.6,59,69.8,54,75.2,57,71.6,59,69.8,61,69.8
14:33:09,62,71.6,62,73.4,54,71.6,60,69.8,54,75.2,57,69.8,59,69.8,61,69.8
14:33:42,62,71.6,62,73.4,54,71.6,60,69.8,54,75.2,58,71.6,58,69.8,61,69.8
14:33:59,62,71.6,62,73.4,54,71.6,60,69.8,54,75.2,58,71.6,60,71.6,61,69.8
14:34:24,62,71.6,62,73.4,54,71.6,60,69.8,54,75.2,58,71.6,58,69.8,61,69.8
14:34:39,61,71.6,62,73.4,54,71.6,60,69.8,54,75.2,58,71.6,58,69.8,61,69.8
14:35:04,61,71.6,62,73.4,54,71.6,60,69.8,54,75.2,58,71.6,59,69.8,61,69.8
14:35:31,61,71.6,62,73.4,54,71.6,60,69.8,54,75.2,58,71.6,58,69.8,61,69.8
14:36:06,61,71.6,62,73.4,54,71.6,60,69.8,54,75.2,58,71.6,59,69.8,61,69.8
14:36:28,61,71.6,62,73.4,54,71.6,60,69.8,54,75.2,58,71.6,59,69.8,62,71.6
14:36:46,61,71.6,62,73.4,54,71.6,60,69.8,54,75.2,58,71.6,59,69.8,62,71.6
14:37:00,61,71.6,62,73.4,54,71.6,60,69.8,54,75.2,58,71.6,58,69.8,61,69.8
14:37:25,61,71.6,62,73.4,54,71.6,60,69.8,54,75.2,58,71.6,59,71.6,61,69.8
14:37:40,61,71.6,62,73.4,54,71.6,60,69.8,54,75.2,58,71.6,58,69.8,61,69.8
14:38:00,60,71.6,62,73.4,54,71.6,,,54,75.2,58,71.6,60,71.6,62,71.6
14:38:22,60,71.6,,,54,71.6,60,69.8,54,75.2,58,71.6,60,71.6,61,69.8
14:38:42,60,71.6,62,73.4,54,71.6,60,69.8,54,75.2,58,71.6,60,71.6,61,69.8
14:38:57,60,71.6,62,73.4,54,71.6,60,69.8,54,75.2,58,71.6,60,71.6,62,71.6
14:39:16,60,71.6,62,73.4,54,71.6,60,69.8,54,75.2,58,71.6,60,71.6,61,69.8
14:39:36,60,71.6,62,73.4,,,60,69.8,54,75.2,58,71.6,60,71.6,62,71.6
14:39:54,60,71.6,62,73.4,54,71.6,60,69.8,54,75.2,58,71.6,60,71.6,62,71.6
14:40:11,60,71.6,62,73.4,54,71.6,60,69.8,54,75.2,58,71.6,59,69.8,62,71.6
14:40:46,60,73.4,62,73.4,54,71.6,60,69.8,54,75.2,58,71.6,60,71.6,61,69.8
14:41:08,60,73.4,62,73.4,54,71.6,60,69.8,54,75.2,58,71.6,56,71.6,61,69.8
14:41:25,59,73.4,62,73.4,54,71.6,60,69.8,54,75.2,58,71.6,56,71.6,61,69.8
14:41:48,59,73.4,62,73.4,54,71.6,60,69.8,54,75.2,58,71.6,56,71.6,62,71.6
14:42:10,59,73.4,62,73.4,54,71.6,60,69.8,54,75.2,58,71.6,60,71.6,62,71.6
14:42:43,59,73.4,62,73.4,54,71.6,61,71.6,54,75.2,58,71.6,60,71.6,61,69.8
14:43:00,59,73.4,62,73.4,54,71.6,60,69.8,54,75.2,58,71.6,56,71.6,62,71.6
14:43:15,59,73.4,62,73.4,54,71.6,61,71.6,54,75.2,58,71.6,60,71.6,62,71.6
14:43:32,58,73.4,62,73.4,54,71.6,60,69.8,54,75.2,58,71.6,60,71.6,62,71.6
14:43:52,58,73.4,62,73.4,54,71.6,61,71.6,54,75.2,58,71.6,60,71.6,62,71.6
14:44:17,58,73.4,62,73.4,54,71.6,58,71.6,54,75.2,58,71.6,60,71.6,62,71.6
14:44:59,58,73.4,62,73.4,54,71.6,61,71.6,54,75.2,58,71.6,59,71.6,62,71.6
14:45:32,57,73.4,62,73.4,54,71.6,61,71.6,54,75.2,,,60,71.6,62,71.6
14:46:01,57,73.4,62,73.4,54,71.6,,,54,75.2,,,60,71.6,62,71.6
14:46:39,57,73.4,62,73.4,54,71.6,61,71.6,54,75.2,58,71.6,59,71.6,62,71.6
14:47:14,57,73.4,62,73.4,54,71.6,61,71.6,54,75.2,58,71.6,59,71.6,62,71.6
14:47:34,58,73.4,62,73.4,54,71.6,61,71.6,54,75.2,58,71.6,59,71.6,,
14:47:59,58,73.4,62,73.4,54,71.6,56,71.6,54,75.2,58,71.6,59,71.6,62,71.6
14:48:23,58,73.4,61,73.4,54,71.6,57,71.6,54,75.2,58,71.6,59,71.6,62,71.6
14:48:58,58,73.4,61,73.4,54,71.6,61,71.6,54,75.2,58,71.6,59,71.6,62,71.6
14:49:16,58,73.4,61,73.4,54,71.6,61,71.6,54,75.2,58,71.6,59,71.6,62,71.6
14:49:36,58,73.4,61,73.4,54,71.6,57,71.6,54,75.2,58,71.6,59,71.6,62,71.6
14:49:53,58,73.4,61,73.4,54,71.6,61,71.6,54,75.2,58,71.6,59,71.6,62,71.6
14:50:13,58,71.6,61,73.4,54,71.6,61,71.6,54,75.2,57,71.6,58,71.6,61,71.6
14:50:30,58,71.6,61,73.4,54,71.6,60,71.6,54,75.2,57,71.6,58,71.6,61,71.6
14:50:47,58,71.6,61,73.4,54,71.6,61,71.6,54,75.2,57,71.6,58,71.6,61,71.6
14:51:17,58,71.6,61,73.4,,,61,71.6,54,75.2,,,58,71.6,61,71.6
14:51:32,58,71.6,61,73.4,54,71.6,57,71.6,54,75.2,57,71.6,58,71.6,62,71.6
14:52:02,59,71.6,61,73.4,54,71.6,57,71.6,54,75.2,57,71.6,58,71.6,62,71.6
14:52:22,59,71.6,61,73.4,54,71.6,60,71.6,54,75.2,57,71.6,58,71.6,62,71.6
14:52:34,59,71.6,61,73.4,54,71.6,60,71.6,54,75.2,57,71.6,58,71.6,61,71.6
14:53:09,59,71.6,61,73.4,54,71.6,57,71.6,54,75.2,57,71.6,58,71.6,61,71.6
14:53:39,59,71.6,60,73.4,54,71.6,57,71.6,54,75.2,57,71.6,58,71.6,61,71.6
14:54:16,60,71.6,61,73.4,54,71.6,61,71.6,54,75.2,57,71.6,,,62,71.6
14:54:36,60,71.6,60,73.4,54,71.6,61,71.6,54,75.2,57,71.6,58,71.6,61,71.6
14:55:06,60,71.6,60,73.4,54,71.6,60,69.8,53,75.2,57,71.6,58,71.6,62,71.6
14:55:23,60,71.6,61,73.4,54,71.6,57,71.6,54,75.2,57,71.6,58,71.6,62,71.6
14:55:53,60,71.6,61,73.4,54,71.6,61,71.6,53,75.2,57,71.6,58,71.6,62,71.6
14:56:33,,,61,73.4,54,71.6,61,71.6,54,75.2,57,71.6,,,61,71.6
14:57:06,60,71.6,61,73.4,53,71.6,57,71.6,53,75.2,57,71.6,58,71.6,61,71.6
14:57:41,60,71.6,61,73.4,53,71.6,57,71.6,54,75.2,57,71.6,58,71.6,62,71.6
14:58:00,60,71.6,61,73.4,53,71.6,60,,54,75.2,57,71.6,59,71.6,62,71.6
14:58:28,61,71.6,61,73.4,53,71.6,60,71.6,54,75.2,57,71.6,58,71.6,,71.6
14:58:55,61,71.6,61,73.4,53,71.6,60,71.6,54,75.2,57,71.6,59,71.6,62,71.6
14:59:15,61,71.6,61,73.4,53,71.6,60,71.6,54,75.2,57,71.6,59,71.6,61,71.6
14:59:42,61,71.6,61,73.4,,,60,71.6,53,75.2,57,71.6,59,71.6,62,71.6
15:00:00,61,71.6,61,73.4,53,71.6,60,71.6,53,75.2,57,71.6,58,71.6,61,71.6
15:00:32,61,71.6,61,73.4,53,71.6,57,71.6,53,75.2,57,71.6,59,71.6,62,71.6
15:01:12,61,71.6,61,73.4,53,71.6,57,71.6,54,75.2,,,59,71.6,62,71.6
15:01:32,61,71.6,61,73.4,53,71.6,57,71.6,53,75.2,57,71.6,59,71.6,62,71.6
15:01:57,61,71.6,61,73.4,54,71.6,60,71.6,54,75.2,57,71.6,59,71.6,62,71.6
15:02:24,61,71.6,61,73.4,54,71.6,57,71.6,53,75.2,57,71.6,59,71.6,62,71.6
15:02:49,61,71.6,61,73.4,54,71.6,60,71.6,54,75.2,57,71.6,58,71.6,62,71.6
15:03:16,61,71.6,61,73.4,53,71.6,60,71.6,53,75.2,57,71.6,59,71.6,62,71.6
15:03:54,62,71.6,61,73.4,54,71.6,59,69.8,54,75.2,57,71.6,59,71.6,,
15:04:26,61,71.6,61,73.4,53,71.6,60,71.6,53,75.2,57,71.6,59,71.6,62,71.6
15:04:49,62,71.6,61,73.4,53,71.6,57,71.6,53,75.2,57,71.6,59,71.6,62,71.6
15:05:19,62,71.6,61,73.4,53,71.6,60,71.6,54,75.2,57,71.6,,,61,71.6
15:05:39,62,71.6,61,73.4,53,71.6,57,71.6,54,75.2,57,71.6,59,71.6,61,71.6
15:06:19,62,71.6,61,73.4,53,71.6,60,71.6,54,75.2,57,71.6,59,71.6,62,71.6
15:06:36,62,71.6,61,73.4,53,71.6,60,71.6,54,75.2,57,71.6,59,71.6,62,71.6
15:06:53,62,71.6,62,73.4,54,71.6,57,71.6,54,75.2,58,71.6,59,71.6,62,71.6
15:07:18,63,71.6,62,73.4,54,71.6,57,71.6,54,75.2,58,71.6,59,71.6,62,71.6
15:07:48,62,71.6,61,73.4,54,71.6,60,71.6,54,75.2,58,71.6,59,71.6,62,71.6
15:08:23,62,71.6,61,73.4,54,71.6,57,71.6,54,75.2,57,71.6,59,71.6,62,71.6
15:08:40,62,71.6,61,73.4,54,71.6,60,71.6,54,75.2,58,71.6,59,71.6,62,71.6
15:08:57,63,71.6,61,73.4,54,71.6,57,71.6,54,75.2,58,71.6,58,69.8,61,71.6
15:09:25,62,71.6,61,73.4,54,71.6,57,71.6,54,75.2,58,71.6,59,71.6,,
15:09:52,63,71.6,62,73.4,54,71.6,60,71.6,54,75.2,58,71.6,59,71.6,,
15:10:15,63,71.6,61,73.4,54,71.6,60,71.6,54,75.2,58,71.6,59,71.6,,
15:10:29,62,71.6,62,73.4,54,71.6,57,71.6,54,75.2,58,71.6,59,71.6,62,71.6
15:10:57,63,71.6,61,73.4,54,71.6,57,71.6,54,75.2,58,71.6,59,71.6,,
15:11:11,63,71.6,62,73.4,54,71.6,61,71.6,54,75.2,58,71.6,59,71.6,62,71.6
15:11:44,63,71.6,62,73.4,54,71.6,61,71.6,54,75.2,58,71.6,60,71.6,62,71.6
15:12:19,63,71.6,62,73.4,54,71.6,57,71.6,54,75.2,58,71.6,59,69.8,62,71.6
15:12:59,63,71.6,62,73.4,54,71.6,60,69.8,54,75.2,58,71.6,59,69.8,62,71.6
15:13:16,63,71.6,62,73.4,54,71.6,60,69.8,54,75.2,58,71.6,60,71.6,62,71.6
15:13:46,63,71.6,62,73.4,54,71.6,60,69.8,54,75.2,58,71.6,59,71.6,62,71.6
15:14:06,63,71.6,62,73.4,54,71.6,61,71.6,54,75.2,58,71.6,56,71.6,62,71.6
15:14:26,,,62,73.4,54,71.6,57,71.6,54,75.2,58,71.6,60,71.6,62,71.6
15:14:46,63,71.6,62,73.4,54,71.6,60,69.8,54,75.2,58,71.6,60,71.6,,
15:14:58,63,71.6,62,73.4,54,71.6,61,71.6,54,75.2,58,71.6,60,71.6,46,71.6
15:15:12,63,71.6,62,73.4,54,71.6,60,69.8,54,75.2,58,71.6,59,69.8,62,71.6
15:15:42,63,71.6,62,73.4,54,71.6,57,71.6,54,75.2,58,71.6,60,71.6,62,71.6
15:16:02,63,71.6,62,73.4,54,71.6,60,69.8,54,75.2,58,71.6,60,71.6,62,71.6
15:16:27,63,71.6,62,73.4,54,71.6,60,69.8,54,75.2,58,71.6,60,71.6,62,71.6
15:16:47,63,71.6,62,73.4,54,71.6,57,71.6,54,75.2,58,71.6,60,71.6,62,71.6
15:17:04,63,71.6,62,73.4,54,71.6,60,69.8,54,75.2,59,71.6,60,71.6,62,71.6
15:17:32,63,71.6,62,73.4,54,71.6,61,71.6,54,75.2,58,71.6,60,71.6,62,71.6
15:17:59,63,71.6,62,73.4,54,71.6,58,71.6,54,75.2,58,71.6,60,71.6,62,71.6
15:18:19,63,71.6,62,73.4,54,71.6,61,71.6,54,75.2,58,71.6,60,71.6,62,71.6
15:18:51,62,71.6,62,73.4,54,71.6,61,71.6,55,75.2,58,71.6,60,71.6,62,71.6
15:19:14,62,71.6,62,73.4,54,71.6,57,69.8,54,75.2,58,71.6,60,71.6,62,71.6
15:19:56,62,71.6,62,73.4,54,71.6,58,71.6,55,75.2,59,71.6,60,71.6,62,71.6
15:20:24,62,71.6,62,73.4,54,71.6,60,69.8,55,75.2,58,71.6,60,71.6,62,71.6
15:20:46,,,62,73.4,54,71.6,61,71.6,54,75.2,58,71.6,60,71.6,62,71.6
15:21:23,62,71.6,62,73.4,54,71.6,60,69.8,54,75.2,,,,,,