Sin,Cos,0,1,2,3,4,5,6,7,8,9,10,11,12,13,14,15,lamp,heater,fan,ac,Bedroom 2 to Bathroom,Bedroom 1 to Living Room,Living Room to Kitchen,Living Room to Bathroom,Bedroom 1 to Bathroom,Living Room to Outside,Bedroom 1 to Outside,Bedroom 1 Left Window,Living Room Left Window,Bedroom 2 Right Window,Kitchen Right Window,Bedroom 2 Back Window,Living Room Front Window,Kitchen Front Window,Bedroom 1 Back Window
0.9659258262890683,-0.25881904510252063,59.1,54.1,61.7,53.0,61.9,53.4,62.3,53.0,62.9,53.4,61.3,53.0,61.1,53.0,60.9,54.1,0,0,0,0,0,0,0,0,0,0,0,0,0,0,0,0,0,0,0
0.9659258262890683,-0.25881904510252063,59.1,54.1,61.7,53.0,61.9,53.4,62.3,53.0,62.9,53.4,61.3,53.0,61.1,53.0,60.9,54.1,1,0,0,0,0,0,0,0,0,0,0,0,0,0,0,0,0,0,0
0.9615775809563083,-0.2745333418771102,59.1,54.1,61.7,53.0,61.9,53.4,62.3,53.0,62.9,53.4,61.3,53.0,61.1,53.0,60.9,54.1,1,0,0,0,0,0,0,0,0,0,0,0,0,0,0,0,0,0,0
0.9562428027752767,-0.2925742677346783,58.9,54.5,61.7,53.0,61.9,53.4,62.3,53.0,62.9,53.4,61.3,53.0,61.1,53.0,60.9,54.1,1,0,0,0,0,0,0,0,0,0,0,0,0,0,0,0,0,0,0
0.948603634669084,-0.3164666558937969,58.1,55.4,61.5,53.0,61.7,53.4,62.3,53.0,62.7,53.4,61.3,52.6,61.1,53.0,60.9,53.7,1,0,0,0,0,0,0,0,0,0,0,0,0,0,0,0,0,0,0
0.9416408576858983,-0.3366192138553082,58.1,55.4,61.7,53.0,61.7,53.4,62.1,53.0,62.7,53.7,61.3,53.0,61.1,53.4,60.9,54.1,1,0,0,0,0,0,0,0,0,0,0,0,0,0,0,0,0,0,0
0.9283114192807773,-0.3718035890532914,56.5,57.0,61.7,53.0,61.7,53.4,62.1,53.0,62.7,53.4,61.3,53.0,61.1,53.4,60.7,54.1,1,0,0,0,0,0,0,0,0,0,0,0,0,0,0,0,0,0,0
0.9177001565498552,-0.39727373770282304,56.3,57.4,61.7,53.0,61.7,53.4,62.1,53.0,62.7,53.7,61.3,53.0,61.1,53.4,60.7,54.1,1,0,0,0,0,0,0,0,0,0,0,0,0,0,0,0,0,0,0
0.9058596725264578,-0.42357791926664273,56.1,57.4,61.7,53.0,61.7,53.4,62.1,53.0,62.9,53.7,61.1,53.4,60.9,53.4,60.7,54.1,1,0,0,0,0,0,0,0,0,0,0,0,0,0,0,0,0,0,0
0.8927009007729919,-0.4506496441350961,55.9,57.8,61.7,53.4,61.7,53.4,62.1,53.0,62.9,53.7,60.9,53.4,60.9,53.4,60.7,54.1,1,0,0,0,0,0,0,0,0,0,0,0,0,0,0,0,0,0,0
0.8823003573325973,-0.4706868167378084,55.4,58.5,61.7,53.4,61.7,53.4,62.3,53.0,62.9,53.7,60.9,53.4,60.9,53.4,60.9,54.1,1,0,0,0,0,0,0,0,0,0,0,0,0,0,0,0,0,0,0
0.8689784670303977,-0.4948499003106902,55.2,58.9,61.7,53.4,61.7,53.4,62.3,53.0,63.1,53.7,60.9,53.4,60.9,53.4,61.1,54.1,1,0,0,0,0,0,0,0,0,0,0,0,0,0,0,0,0,0,0
0.8562932854744697,-0.5164898926903976,54.8,59.4,62.1,53.4,61.7,53.4,62.3,53.0,62.9,53.7,60.9,53.7,60.7,54.1,61.3,54.1,1,0,0,0,0,0,0,0,0,0,0,0,0,0,0,0,0,0,0
0.8362578832318565,-0.5483363500011419,54.0,60.5,62.1,53.4,61.7,53.4,62.5,53.0,63.1,53.7,60.7,53.7,60.7,54.1,61.5,54.1,1,0,0,0,0,0,0,0,0,0,0,0,0,0,0,0,0,0,0
0.8250864131412158,-0.5650065582360642,54.0,60.9,62.3,53.7,61.7,53.4,62.5,53.0,63.4,53.7,60.7,54.1,60.7,54.1,61.7,54.1,1,0,0,0,0,0,0,0,0,0,0,0,0,0,0,0,0,0,0
0.8172130132316326,-0.5763357450348499,54.0,60.9,62.3,53.7,61.7,53.4,62.5,53.0,63.4,53.7,60.7,54.1,60.7,54.1,61.7,54.1,1,0,0,0,0,0,0,0,0,0,0,0,0,0,0,0,0,0,0
0.8025002934286428,-0.5966517234090104,53.8,61.6,62.5,53.7,61.9,53.4,62.7,53.4,63.4,54.1,60.5,54.1,60.9,54.1,61.7,54.1,1,0,0,0,0,0,0,0,0,0,0,0,0,0,0,0,0,0,0
0.787282637952233,-0.6165922866684056,54.0,61.6,62.7,54.1,61.9,53.4,62.9,53.0,63.4,54.1,60.3,54.1,60.7,54.5,61.9,54.1,1,0,0,0,0,0,0,0,0,0,0,0,0,0,0,0,0,0,0
0.7715696217984237,-0.6361448881487908,53.8,62.0,62.7,54.1,61.9,53.4,63.1,53.0,63.4,53.7,60.3,54.1,60.7,54.5,62.1,54.1,1,0,0,0,0,0,0,0,0,0,0,0,0,0,0,0,0,0,0
0.7602810528697261,-0.6495942738720075,53.6,62.0,62.9,54.1,61.9,53.4,63.4,53.4,63.4,54.1,60.3,54.1,60.7,55.0,62.1,54.5,1,0,0,0,0,0,0,0,0,0,0,0,0,0,0,0,0,0,0
0.7479261297234402,-0.663781970587418,53.6,62.5,63.1,54.1,61.9,53.4,63.4,53.4,63.4,54.1,60.3,54.5,60.7,55.0,62.3,54.1,1,0,0,0,0,0,0,0,0,0,0,0,0,0,0,0,0,0,0
0.7336041087904508,-0.6795770828726999,53.4,62.9,63.4,54.1,61.9,53.7,63.4,53.0,63.4,54.1,60.3,54.5,60.9,55.4,62.5,54.5,1,0,0,0,0,0,0,0,0,0,0,0,0,0,0,0,0,0,0
0.7075205344764635,-0.7066927856531008,53.0,63.6,64.0,54.5,61.9,53.7,63.6,53.4,63.6,54.1,60.1,54.5,60.9,55.4,62.5,54.5,1,0,0,0,0,0,0,0,0,0,0,0,0,0,0,0,0,0,0
0.6922928274124885,-0.7216166857225672,53.0,63.6,64.0,54.5,62.1,53.7,63.8,53.4,63.6,54.5,60.1,55.0,60.9,55.4,62.5,54.5,1,0,0,0,0,0,0,0,0,0,0,0,0,0,0,0,0,0,0
0.6711910153379088,-0.7412844399619266,52.8,64.0,64.0,54.5,62.1,53.7,63.8,53.4,63.6,54.5,60.1,55.0,60.9,55.4,62.7,54.5,1,0,0,0,0,0,0,0,0,0,0,0,0,0,0,0,0,0,0
0.6599585324314965,-0.751302026798055,52.4,64.4,64.2,54.5,62.3,53.7,64.0,53.4,63.6,54.5,59.9,55.4,60.9,55.4,63.1,54.5,1,0,0,0,0,0,0,0,0,0,0,0,0,0,0,0,0,0,0
0.6341427884133461,-0.773215962007605,52.2,64.4,64.2,54.5,62.5,53.7,64.2,53.4,63.8,54.5,59.9,55.4,60.7,55.6,62.9,54.5,1,0,0,0,0,0,0,0,0,0,0,0,0,0,0,0,0,0,0
0.6115768782732074,-0.7911850112088817,52.2,64.9,64.6,54.5,62.5,53.7,64.4,53.4,63.8,54.5,59.7,55.6,60.7,55.6,63.4,54.5,1,0,0,0,0,0,0,0,0,0,0,0,0,0,0,0,0,0,0
0.5945695818741248,-0.8040441606715569,52.0,65.3,64.6,55.0,62.5,54.1,64.6,53.4,63.6,54.5,59.7,55.4,60.7,55.6,63.4,54.5,1,0,0,0,0,0,0,0,0,0,0,0,0,0,0,0,0,0,0
0.5905282944910474,-0.8070169350177819,52.0,65.3,64.6,55.0,62.7,54.1,64.8,53.7,63.8,55.0,59.5,55.6,60.7,55.6,63.4,54.5,1,0,0,0,0,0,0,0,0,0,0,0,0,0,0,0,0,0,0
0.5824012321030654,-0.8129014730241491,52.0,65.3,64.6,55.0,62.7,54.1,64.8,53.7,63.8,55.0,59.5,55.6,60.7,55.6,63.4,54.5,1,0,0,0,0,0,0,0,1,0,0,0,0,0,0,0,0,0,0
0.553500190623529,-0.8328490493359028,51.6,65.5,64.6,55.0,62.7,54.1,64.8,53.7,63.8,55.0,59.5,55.6,60.5,56.1,63.6,54.5,1,0,0,0,0,0,0,0,1,0,0,0,0,0,0,0,0,0,0
0.5356178064135406,-0.844460517403121,51.6,65.5,64.8,55.0,62.9,54.1,65.0,53.7,63.8,55.0,59.3,56.1,60.5,56.1,63.6,54.5,1,0,0,0,0,0,0,0,1,0,0,0,0,0,0,0,0,0,0
0.5196367543714469,-0.854387291283238,51.4,66.0,64.8,55.0,63.1,54.1,65.0,53.7,63.8,55.0,59.1,56.1,60.3,56.1,63.6,54.5,1,0,0,0,0,0,0,0,1,0,0,0,0,0,0,0,0,0,0
0.4991307931507355,-0.8665266593294852,51.2,66.0,65.0,55.4,63.1,54.1,65.2,53.7,64.0,55.0,59.1,56.1,60.3,56.5,63.8,55.0,1,0,0,0,0,0,0,0,1,0,0,0,0,0,0,0,0,0,0
0.47392967006647657,-0.880562699545399,51.2,66.0,65.0,55.4,63.4,54.5,65.4,53.7,64.0,55.4,58.9,56.5,59.9,57.0,64.0,55.0,1,0,0,0,0,0,0,0,1,0,0,0,0,0,0,0,0,0,0
0.4291748084749195,-0.9032214478025399,51.2,66.4,65.0,55.4,63.4,54.5,65.4,54.1,64.0,55.4,58.9,56.5,59.9,57.0,64.0,55.0,1,0,0,0,0,0,0,0,1,0,0,0,0,0,0,0,0,0,0
0.41210716369642364,-0.9111353827121901,51.2,66.9,65.2,55.6,63.8,54.5,65.8,53.7,64.0,55.4,58.9,56.5,59.7,57.0,64.2,55.4,1,0,0,0,0,0,0,0,1,0,0,0,0,0,0,0,0,0,0
0.396045642707408,-0.918230825496768,51.0,66.9,65.2,55.6,63.8,54.5,66.2,54.1,64.0,55.4,58.7,56.5,59.5,57.4,64.2,55.4,1,0,0,0,0,0,0,0,1,0,0,0,0,0,0,0,0,0,0
0.36356126670772093,-0.9315702900747089,51.0,66.9,64.8,55.6,63.8,54.5,66.2,54.1,64.0,55.4,58.5,57.0,59.3,57.4,64.4,55.0,1,0,0,0,0,0,0,0,1,0,0,0,0,0,0,0,0,0,0
0.34008129197836484,-0.9403960414880138,50.8,67.3,64.8,55.6,64.0,54.5,66.2,54.1,64.0,55.4,58.5,57.0,59.1,57.4,64.4,55.4,1,0,0,0,0,0,0,0,1,0,0,0,0,0,0,0,0,0,0
0.3235171069081467,-0.9462223214117191,50.6,67.3,64.8,55.6,64.2,55.0,66.4,54.1,64.0,55.4,58.3,57.0,59.1,57.4,64.4,55.0,1,0,0,0,0,0,0,0,1,0,0,0,0,0,0,0,0,0,0
0.30565921372111005,-0.9521409796177207,50.8,67.3,64.8,56.1,64.4,55.0,66.8,54.1,64.0,55.6,58.3,57.4,58.7,57.6,64.6,55.4,1,0,0,0,0,0,0,0,1,0,0,0,0,0,0,0,0,0,0
0.2876931370818222,-0.9577226419355553,50.6,67.3,64.8,56.1,64.4,55.0,66.8,54.1,64.0,55.6,58.3,57.4,58.7,57.6,64.8,55.4,1,0,0,0,0,0,0,0,1,0,0,0,0,0,0,0,0,0,0
0.2852898275556384,-0.9584412941298356,50.6,67.3,64.8,56.1,64.4,55.0,66.8,54.1,64.0,55.6,58.3,57.4,58.7,57.6,64.8,55.4,1,0,0,0,0,0,0,0,1,0,0,0,0,0,0,1,0,0,0
0.28288472288382477,-0.9591539154687019,50.6,67.3,64.8,56.1,64.4,55.0,66.8,54.1,64.0,55.6,58.3,57.4,58.7,57.6,64.8,55.4,1,0,0,0,0,0,0,0,1,0,0,0,0,1,0,1,0,0,0
0.2780691886496213,-0.9605610476818958,50.6,67.3,64.8,56.1,64.4,55.0,66.8,54.1,64.0,55.6,58.3,57.4,58.7,57.6,64.8,55.4,1,0,0,0,0,0,0,0,0,0,0,0,0,1,0,1,0,0,0
0.27083280241257174,-0.9626264037191962,50.6,67.3,64.8,56.1,64.4,55.0,66.8,54.1,64.0,55.6,58.3,57.4,58.7,57.6,64.8,55.4,1,0,0,0,0,0,0,0,0,0,0,0,0,1,0,1,0,0,0
0.2672088320743515,-0.9636386459983125,50.6,67.3,64.8,56.1,64.4,55.0,66.8,54.1,64.0,55.6,58.3,57.4,58.7,57.6,64.8,55.4,1,0,0,0,1,0,0,0,1,0,0,0,0,1,0,1,0,0,0
0.2635810786481454,-0.9646372452785971,50.4,67.5,64.6,56.1,64.6,55.0,66.8,54.1,64.0,55.6,58.3,57.4,58.5,57.6,64.8,55.4,1,0,0,0,1,0,0,0,1,0,0,0,0,1,0,1,0,0,0
0.26116050000973073,-0.965295391698659,50.4,67.5,64.6,56.1,64.6,55.0,66.8,54.1,64.0,55.6,58.3,57.4,58.5,57.6,64.8,55.4,1,0,0,0,0,0,0,0,0,0,0,0,0,1,0,1,0,0,0
0.2514619047693531,-0.9678671967009569,50.4,67.5,64.6,56.1,64.6,55.0,66.8,54.1,64.0,55.6,58.3,57.4,58.5,57.6,64.8,55.4,1,0,0,0,0,0,0,0,0,0,0,0,0,1,0,1,0,0,0
0.24903326207141419,-0.9684949325536352,50.4,67.5,64.6,56.1,64.6,55.0,66.8,54.1,64.0,55.6,58.3,57.4,58.5,57.6,64.8,55.4,1,0,0,0,0,1,0,0,0,0,0,0,0,1,0,1,0,0,0
0.24173799311623834,-0.9703415598046564,50.6,67.5,64.0,56.1,64.8,55.0,67.0,54.1,64.2,55.6,58.3,57.4,58.5,57.6,65.0,55.4,1,0,0,0,0,1,0,0,0,0,0,0,0,1,0,1,0,0,0
0.23930317418233898,-0.9709448958752794,50.6,67.5,64.0,56.1,64.8,55.0,67.0,54.1,64.2,55.6,58.3,57.4,58.5,57.6,65.0,55.4,1,0,0,0,0,0,0,0,0,0,0,0,0,1,0,1,0,0,0
0.23442903430128695,-0.972133235660918,50.6,67.5,64.0,56.1,64.8,55.0,67.0,54.1,64.2,55.6,58.3,57.4,58.5,57.6,65.0,55.4,1,0,0,0,0,0,0,0,0,0,0,0,1,1,0,1,0,0,0
0.2319897440239661,-0.9727182318984746,50.6,67.5,64.0,56.1,64.8,55.0,67.0,54.1,64.2,55.6,58.3,57.4,58.5,57.6,65.0,55.4,1,0,0,0,0,0,0,0,0,0,0,0,1,1,0,1,0,0,0
0.23076955051472403,-0.973008434986682,50.6,67.5,64.0,56.1,64.8,55.0,67.0,54.1,64.2,55.6,58.3,57.4,58.5,57.6,65.0,55.4,1,0,0,0,0,0,0,0,0,0,0,0,1,1,0,1,0,0,0
0.2295489939842027,-0.9732971074450188,50.6,67.5,64.6,56.1,64.8,55.0,67.2,54.1,64.2,55.6,58.9,57.4,55.2,57.6,64.8,55.4,1,0,0,0,0,0,0,0,0,0,0,0,1,1,0,1,0,0,0
0.22710679954007065,-0.9738698586580582,50.6,67.5,64.6,56.1,64.8,55.0,67.2,54.1,64.2,55.6,58.9,57.4,55.2,57.6,64.8,55.4,1,0,0,0,0,0,1,0,0,0,0,0,1,1,0,1,0,0,0
0.22466317605872918,-0.9744364819336376,50.6,67.5,64.6,56.1,64.8,55.0,67.2,54.1,64.2,55.6,58.9,57.4,55.2,57.6,64.8,55.4,1,0,0,0,0,0,0,0,0,0,0,0,1,1,0,1,0,0,0
0.21487469941718595,-0.976641624932285,50.6,67.5,64.6,56.1,64.8,55.0,67.2,54.1,64.2,55.6,58.9,57.4,55.2,57.6,64.8,55.4,1,0,0,0,0,0,1,0,0,0,0,0,1,1,0,1,0,0,0
0.21242416156854851,-0.9771775558115829,50.6,67.5,64.6,56.1,64.8,55.0,67.2,54.1,64.2,55.6,58.9,57.4,55.2,57.6,64.8,55.4,1,0,0,0,0,0,0,0,0,0,0,0,1,1,0,1,0,0,0
0.20997228707111237,-0.9777073379402071,50.6,67.5,64.6,56.1,64.8,55.0,67.2,54.1,64.2,55.6,58.9,57.4,55.2,57.6,64.8,55.4,1,0,0,0,0,0,1,0,0,0,0,0,1,1,0,1,0,0,0
0.19523383501021216,-0.9807567229783364,50.6,67.5,64.8,56.5,64.8,55.0,67.2,54.5,64.2,55.6,59.3,57.6,54.4,57.6,64.8,55.4,1,0,0,0,0,0,1,0,0,0,0,0,1,1,0,1,0,0,0
0.17304428202680042,-0.9849140452129969,50.6,68.0,64.8,56.5,64.8,55.0,67.2,54.1,64.2,55.6,58.3,57.6,54.0,57.6,64.6,55.4,1,0,0,0,0,0,1,0,0,0,0,0,1,1,0,1,0,0,0
0.17057312478802839,-0.9853450203355409,50.6,68.0,64.8,56.5,64.8,55.0,67.2,54.1,64.2,55.6,58.3,57.6,54.0,57.6,64.6,55.4,1,0,0,0,0,0,0,0,0,0,0,0,1,1,0,1,0,0,0
0.16686438134008116,-0.9859798569139189,50.6,68.0,64.8,56.5,64.8,55.0,67.2,54.1,64.2,55.6,58.3,57.6,54.0,57.6,64.6,55.4,1,0,0,0,0,0,0,0,0,0,0,0,1,1,0,1,0,0,0
0.16315327546035693,-0.9866007341911706,50.2,68.0,64.8,56.5,65.0,55.4,67.4,54.1,64.2,55.6,58.1,57.6,53.8,57.6,64.0,55.4,1,0,0,0,0,0,0,0,0,0,0,0,1,1,0,1,0,0,0
0.15572418660258855,-0.9878005758790396,50.2,68.0,64.8,56.5,65.0,55.4,67.4,54.1,64.2,55.6,58.1,57.6,53.8,57.6,64.0,55.4,1,0,0,0,0,1,0,0,0,0,0,0,1,1,0,1,0,0,0
0.15324584312292128,-0.988188095235692,50.2,68.0,64.8,56.5,65.0,55.4,67.4,54.1,64.2,55.6,58.1,57.6,53.8,57.6,64.0,55.4,1,0,0,0,0,1,0,1,0,0,0,0,1,1,0,1,0,0,0
0.15200630880406565,-0.9883795233025434,50.2,68.0,64.8,56.5,65.0,55.4,67.4,54.1,64.2,55.6,58.1,57.6,53.8,57.6,64.0,55.4,1,0,0,0,0,0,0,1,0,0,0,0,1,1,0,1,0,0,0
0.15076653536560036,-0.9885693965594187,49.8,68.0,64.8,56.5,65.0,55.4,67.4,54.5,64.4,56.1,58.3,58.1,53.6,57.6,64.4,55.4,1,0,0,0,0,0,0,1,0,0,0,0,1,1,0,1,0,0,0
0.14828627893131563,-0.9889444774509356,49.8,68.0,64.8,56.5,65.0,55.4,67.4,54.5,64.4,56.1,58.3,58.1,53.6,57.6,64.4,55.4,1,0,0,0,0,0,0,0,0,0,0,0,1,1,0,1,0,0,0
0.14580508942672943,-0.9893133355500994,49.8,68.0,64.8,56.5,65.0,55.4,67.4,54.5,64.4,56.1,58.3,58.1,53.6,57.6,64.4,55.4,1,0,0,0,1,0,0,0,0,0,0,0,1,1,0,1,0,0,0
0.14083997366254913,-0.9900323741265901,49.8,68.0,64.8,56.5,65.0,55.4,67.4,54.5,64.4,56.1,58.3,58.1,53.6,57.6,64.4,55.4,1,0,0,0,1,1,0,0,0,0,0,0,1,0,0,1,0,0,0
0.13835607864523922,-0.9903825500794692,49.8,68.0,64.8,56.5,65.0,55.4,67.4,54.5,64.4,56.1,58.3,58.1,53.6,57.6,64.4,55.4,1,0,0,0,1,1,0,0,0,0,0,0,1,0,0,1,0,0,0
0.13711380368979859,-0.990555301251634,49.8,68.0,64.8,56.5,65.0,55.4,67.4,54.5,64.4,56.1,58.3,58.1,53.6,57.6,64.4,55.4,1,0,0,0,1,0,0,0,0,0,0,0,1,0,0,1,0,0,0
0.1358713130419996,-0.9907264941911279,50.0,68.0,64.6,56.5,65.4,55.4,67.4,54.5,64.6,56.1,58.1,58.1,55.2,57.6,64.2,55.4,1,0,0,0,1,0,0,0,0,0,0,0,1,0,0,1,0,0,0
0.1333856924878624,-0.9910642042973469,50.0,68.0,64.6,56.5,65.4,55.4,67.4,54.5,64.6,56.1,58.1,58.1,55.2,57.6,64.2,55.4,1,0,0,0,0,0,0,0,0,0,0,0,1,0,0,1,0,0,0
0.12841194909383447,-0.9917209140327345,50.0,68.0,64.6,56.5,65.4,55.4,67.4,54.5,64.6,56.1,58.1,58.1,55.2,57.6,64.2,55.4,1,0,0,0,0,0,0,1,0,0,0,0,1,0,0,1,0,0,0
0.12592385755051522,-0.9920399095296507,50.0,68.0,64.6,56.5,65.4,55.4,67.4,54.5,64.6,56.1,58.1,58.1,55.2,57.6,64.2,55.4,1,0,0,0,0,0,0,0,0,0,0,0,1,0,0,1,0,0,0
0.12343497364924738,-0.992352662756648,50.0,68.0,64.6,56.5,65.4,55.4,67.4,54.5,64.6,56.1,58.1,58.1,55.2,57.6,64.2,55.4,1,0,0,0,0,0,0,0,0,0,0,0,0,0,0,1,0,0,0
0.11845489142154177,-0.9929594345683568,50.0,68.0,64.6,56.5,65.4,55.4,67.4,54.5,64.6,56.1,58.1,58.1,55.2,57.6,64.2,55.4,1,0,0,0,0,0,0,0,0,1,0,0,0,0,0,1,0,0,0
0.1159637244315625,-0.9932534493350429,50.0,68.0,64.6,56.5,65.4,55.4,67.4,54.5,64.6,56.1,58.1,58.1,55.2,57.6,64.2,55.4,1,0,0,0,0,0,0,0,0,0,0,0,0,0,0,1,0,0,0
0.11097921707582303,-0.9938227273398598,50.0,68.0,64.6,56.5,65.4,55.4,67.4,54.5,64.6,56.1,58.1,58.1,55.2,57.6,64.2,55.4,1,0,0,0,0,0,0,0,0,0,0,0,0,0,0,1,0,0,0
0.10599191644077276,-0.9943669914318416,50.0,68.0,64.6,56.5,65.4,55.4,67.4,54.5,64.6,56.1,58.1,58.1,55.2,57.6,64.2,55.4,1,0,0,0,0,0,0,0,0,0,0,0,0,0,0,1,0,0,0
0.10100194805373197,-0.9948862279121926,50.2,68.0,64.6,56.5,65.4,55.4,68.0,54.5,64.4,56.5,57.5,58.1,57.3,58.1,63.6,55.4,1,0,0,1,0,0,0,0,0,0,0,0,0,0,0,1,0,0,0
0.08101790981576576,-0.99671264579571,50.2,68.0,64.6,56.5,65.4,55.4,68.0,54.5,64.4,56.5,57.5,58.1,57.3,58.1,63.6,55.4,1,1,0,0,0,0,0,0,0,0,0,0,0,0,0,1,0,0,0
0.06350483767171913,-0.9979815306869605,49.8,68.0,63.8,57.0,65.4,55.4,68.2,54.5,64.4,56.5,58.1,58.1,58.1,58.1,63.8,55.6,1,1,0,0,0,0,0,0,0,0,0,0,0,0,0,1,0,0,0
0.025917828940601097,-0.999664076649254,49.8,68.0,63.8,57.0,65.4,55.4,68.2,54.5,64.4,56.5,58.1,58.1,58.1,58.1,63.8,55.6,1,0,0,1,0,0,0,0,0,0,0,0,0,0,0,1,0,0,0
0.02090229334270077,-0.9997815232004519,49.8,68.0,63.8,57.0,65.4,55.4,68.2,54.5,64.4,56.5,58.1,58.1,58.1,58.1,63.8,55.6,1,1,0,0,0,0,0,0,0,0,0,0,0,0,0,1,0,0,0
-0.0004180763017761775,-0.9999999126060991,49.6,68.0,64.0,57.0,65.6,55.4,68.2,54.5,64.4,56.5,58.7,58.1,58.3,58.5,63.8,55.4,1,1,0,0,0,0,0,0,0,0,0,0,0,0,0,1,0,0,0
-0.011705869436842091,-0.9999314839631401,49.8,68.4,65.2,57.0,65.6,55.4,68.2,54.5,64.4,56.5,59.3,58.1,58.7,58.5,63.8,55.6,1,1,0,0,0,0,0,0,0,0,0,0,0,0,0,1,0,0,0
-0.021738255886319093,-0.9997636961957665,49.8,68.4,65.2,57.0,65.6,55.4,68.2,54.5,64.4,56.5,59.3,58.1,58.7,58.5,63.8,55.6,1,0,0,1,0,0,0,0,0,0,0,0,0,0,0,1,0,0,0
-0.049312996819448326,-0.9987833740830316,50.2,68.4,64.8,57.4,65.6,55.4,68.0,54.5,64.6,56.5,59.3,58.5,58.7,58.9,63.8,55.6,1,0,0,1,0,0,0,0,0,0,0,0,0,0,0,1,0,0,0
-0.055575501167961776,-0.9984544875305683,50.2,68.4,64.8,57.4,65.6,55.4,68.0,54.5,64.6,56.5,59.3,58.5,58.7,58.9,63.8,55.6,1,1,0,0,0,0,0,0,0,0,0,0,0,0,0,1,0,0,0
-0.08685031602418909,-0.9962213722895622,50.0,68.4,65.6,57.4,65.8,55.4,68.2,54.5,64.4,56.5,59.9,58.5,59.1,58.9,63.8,55.6,1,1,0,0,0,0,0,0,0,0,0,0,0,0,0,1,0,0,0
-0.11803974826108737,-0.9930088709726913,50.4,68.4,65.6,57.4,65.8,55.4,68.2,54.5,64.6,56.5,60.5,58.9,59.3,58.9,63.8,55.6,1,0,0,1,0,0,0,0,0,0,0,0,0,0,0,1,0,0,0
-0.12426468868948458,-0.9922491053888159,50.4,68.4,65.0,57.6,66.0,55.6,68.4,55.0,64.6,56.5,60.7,58.9,59.5,58.9,64.0,55.6,1,0,0,1,0,0,0,0,0,0,0,0,0,0,0,1,0,0,0
-0.14290920986993463,-0.9897358019867478,50.4,68.4,65.0,57.6,66.0,55.6,68.4,55.0,64.6,56.5,60.7,58.9,59.5,58.9,64.0,55.6,1,1,0,0,0,0,0,0,0,0,0,0,0,0,0,1,0,0,0
-0.161503150498619,-0.986872196578169,50.4,68.8,65.4,57.6,66.0,55.6,68.4,55.0,64.6,57.0,60.7,58.9,59.9,58.9,64.0,55.6,1,1,0,0,0,0,0,0,0,0,0,0,0,0,0,1,0,0,0
-0.17386775990595252,-0.9847690094967886,50.4,68.8,65.4,57.6,66.0,55.6,68.4,55.0,64.6,57.0,60.7,58.9,59.9,58.9,64.0,55.6,1,0,0,1,0,0,0,0,0,0,0,0,0,0,0,1,0,0,0
-0.19851298615678012,-0.9800982574860125,50.8,68.8,65.4,57.6,66.0,55.6,68.4,55.0,64.6,57.0,61.1,59.4,59.9,59.4,64.0,55.6,1,0,0,1,0,0,0,0,0,0,0,0,0,0,0,1,0,0,0
-0.2009708942219209,-0.9795972129787025,50.8,68.8,65.4,57.6,66.0,55.6,68.4,55.0,64.6,57.0,61.1,59.4,59.9,59.4,64.0,55.6,1,1,0,0,0,0,0,0,0,0,0,0,0,0,0,1,0,0,0
-0.2315830533084138,-0.9728151363030657,50.6,68.8,65.2,57.6,66.2,55.6,68.4,55.0,64.6,57.0,61.1,59.4,60.1,59.4,64.2,55.6,1,1,0,0,0,0,0,0,0,0,0,0,0,0,0,1,0,0,0
-0.23524180401558004,-0.9719368773966216,50.6,69.3,65.4,58.1,66.0,55.6,68.6,55.0,64.6,57.0,61.3,59.4,60.1,59.4,64.4,56.1,1,1,0,0,0,0,0,0,0,0,0,0,0,0,0,1,0,0,0
-0.2498429845040751,-0.9682863641991952,50.6,69.3,65.4,58.1,66.0,55.6,68.6,55.0,64.6,57.0,61.3,59.4,60.1,59.4,64.4,56.1,1,0,0,1,0,0,0,0,0,0,0,0,0,0,0,1,0,0,0
-0.2716376102394113,-0.9623996096754308,50.4,69.3,65.4,58.1,66.2,55.6,68.6,55.0,64.6,57.0,61.3,59.4,60.3,59.6,64.4,56.1,1,0,0,1,0,0,0,0,0,0,0,0,0,0,0,1,0,0,0
-0.28248369863961126,-0.9592720990432722,50.4,69.3,65.4,58.1,66.2,55.6,68.6,55.0,64.6,57.0,61.3,59.4,60.3,59.6,64.4,56.1,1,1,0,0,0,0,0,0,0,0,0,0,0,0,0,1,0,0,0
-0.300479846069482,-0.9537881641675264,50.4,69.3,65.2,58.1,66.2,55.6,68.8,55.4,64.6,57.4,61.5,59.6,60.3,59.6,64.4,56.1,1,1,0,0,0,0,0,0,0,0,0,0,0,0,0,1,0,0,0
-0.3076488824086636,-0.9514999554139245,50.4,69.3,65.6,58.1,66.4,56.1,68.8,55.4,64.6,57.0,61.5,59.6,60.3,59.6,64.6,56.1,1,1,0,0,0,0,0,0,0,0,0,0,0,0,0,1,0,0,0
-0.32668003663299144,-0.9451349922976439,50.4,69.3,65.6,58.1,66.4,56.1,68.8,55.4,64.6,57.0,61.5,59.6,60.3,59.6,64.6,56.1,1,0,0,1,0,0,0,0,0,0,0,0,0,0,0,1,0,0,0
-0.34322464245558904,-0.9392533443173003,50.2,69.5,65.4,58.5,66.4,56.1,68.8,55.4,64.6,57.0,61.5,59.6,60.5,59.6,64.6,56.1,1,0,0,1,0,0,0,0,0,0,0,0,0,0,0,1,0,0,0
-0.34793245822369756,-0.9375196022027565,50.2,69.5,65.4,58.5,66.4,56.1,68.8,55.4,64.6,57.0,61.5,59.6,60.5,59.6,64.6,56.1,1,1,0,0,0,0,0,0,0,0,0,0,0,0,0,1,0,0,0
-0.36784154927954127,-0.9298884850473345,50.2,69.5,65.2,58.5,66.4,56.1,68.8,55.4,64.8,57.4,61.5,59.6,60.5,60.0,64.8,56.5,1,1,0,0,0,0,0,0,0,0,0,0,0,0,0,1,0,0,0
-0.37831452882957706,-0.9256771128619606,50.2,69.5,65.6,58.5,66.4,55.6,69.0,55.4,64.8,57.4,61.7,59.6,60.5,60.0,64.8,56.1,1,1,0,0,0,0,0,0,0,0,0,0,0,0,0,1,0,0,0
-0.385269817073404,-0.9228039705442461,50.2,69.5,65.6,58.5,66.4,55.6,69.0,55.4,64.8,57.4,61.7,59.6,60.5,60.0,64.8,56.1,1,0,0,1,0,0,0,0,0,0,0,0,0,0,0,1,0,0,0
-0.4071490878555455,-0.9133617138124399,50.6,69.5,65.8,58.5,66.6,56.1,69.0,55.4,64.8,57.4,61.7,59.6,60.7,60.0,64.8,56.1,1,0,0,1,0,0,0,0,0,0,0,0,0,0,0,1,0,0,0
-0.4128688677896829,-0.9107904797537496,50.4,69.9,65.4,58.5,66.8,56.1,69.0,55.4,64.8,57.4,61.7,60.0,60.7,60.0,65.0,56.1,1,0,0,1,0,0,0,0,0,0,0,0,0,0,0,1,0,0,0
-0.4333240258921676,-0.9012381974731231,50.4,69.9,65.4,58.5,66.8,56.1,69.0,55.4,64.8,57.4,61.7,60.0,60.7,60.0,65.0,56.1,1,1,0,0,0,0,0,0,0,0,0,0,0,0,0,1,0,0,0
-0.44683874372347665,-0.8946145187216811,50.4,69.9,65.4,58.9,66.8,56.1,69.2,55.4,64.8,57.4,61.9,60.0,60.7,60.0,65.0,56.5,1,1,0,0,0,0,0,0,0,0,0,0,0,0,0,1,0,0,0
-0.4524401776148284,-0.8917947553556606,50.4,69.9,65.4,58.9,66.8,56.1,69.2,55.4,64.8,57.4,61.9,60.0,60.7,60.0,65.0,56.5,1,0,0,1,0,0,0,0,0,0,0,0,0,0,0,1,0,0,0
-0.4801760683926812,-0.8771721286856686,50.2,69.9,65.4,58.5,66.8,56.1,69.2,55.4,64.8,57.4,61.9,60.0,60.7,60.5,65.0,56.5,1,0,0,1,0,0,0,0,0,0,0,0,0,0,0,1,0,0,0
-0.48237490470693134,-0.875964868764141,50.2,69.9,65.4,58.5,66.8,56.1,69.2,55.4,64.8,57.4,61.9,60.0,60.7,60.5,65.0,56.5,1,1,0,0,0,0,0,0,0,0,0,0,0,0,0,1,0,0,0
-0.5095998048401712,-0.8604115520533528,50.0,69.9,65.0,58.9,67.0,56.5,69.2,55.4,64.8,57.4,61.9,60.0,60.9,60.5,65.2,56.5,1,1,0,0,0,0,0,0,0,0,0,0,0,0,0,1,0,0,0
-0.5128336490075632,-0.858488001340489,50.0,69.9,65.6,58.9,67.0,56.1,69.2,55.6,64.8,57.4,61.7,60.5,60.7,60.9,65.2,56.5,1,1,0,0,0,0,0,0,0,0,0,0,0,0,0,1,0,0,0
-0.5256959634428838,-0.850672530425109,50.0,69.9,65.6,58.9,67.0,56.1,69.2,55.6,64.8,57.4,61.7,60.5,60.7,60.9,65.2,56.5,1,0,0,1,0,0,0,0,0,0,0,0,0,0,0,1,0,0,0
-0.5437130447519415,-0.8392711867844465,49.8,70.4,65.4,58.9,67.0,56.1,69.4,55.6,65.0,57.6,61.7,60.5,60.7,60.9,65.4,56.5,1,0,0,1,0,0,0,0,0,0,0,0,0,0,0,1,0,0,0
-0.5447652550337136,-0.838588586201871,50.0,70.4,65.0,58.9,67.2,56.5,69.4,55.6,64.8,57.4,61.9,60.5,60.7,60.9,65.2,56.5,1,0,0,1,0,0,0,0,0,0,0,0,0,0,0,1,0,0,0
-0.5625203688051787,-0.826783426708159,50.0,70.4,65.0,58.9,67.2,56.5,69.4,55.6,64.8,57.4,61.9,60.5,60.7,60.9,65.2,56.5,1,1,0,0,0,0,0,0,0,0,0,0,0,0,0,1,0,0,0
-0.575925683636653,-0.8175020531641826,49.8,70.4,65.2,59.4,67.2,56.5,69.6,55.6,65.0,57.6,61.9,60.5,60.7,60.9,65.4,56.5,1,1,0,0,0,0,0,0,0,0,0,0,0,0,0,1,0,0,0
-0.5769505651114675,-0.81677906769062,49.8,70.4,65.2,59.4,67.2,56.5,69.6,55.6,65.0,57.6,61.9,60.5,60.7,60.9,65.4,56.5,1,0,0,1,0,0,0,0,0,0,0,0,0,0,0,1,0,0,0
-0.6002690978014413,-0.7997981059146387,49.8,70.8,65.6,59.4,67.2,56.5,69.6,55.6,65.0,57.6,61.9,60.5,60.7,61.4,65.4,56.5,1,0,0,1,0,0,0,0,0,0,0,0,0,0,0,1,0,0,0
-0.6062708236715992,-0.7952582526227318,49.8,70.4,65.0,59.4,67.4,56.5,69.6,55.6,65.0,57.6,61.9,60.9,60.7,61.4,65.6,56.5,1,0,0,1,0,0,0,0,0,0,0,0,0,0,0,1,0,0,0
-0.6171845716225085,-0.7868184063372823,49.8,70.4,65.0,59.4,67.4,56.5,69.6,55.6,65.0,57.6,61.9,60.9,60.7,61.4,65.6,56.5,1,1,0,0,0,0,0,0,0,0,0,0,0,0,0,1,0,0,0
-0.6357577181278353,-0.7718886732171213,49.6,70.8,65.4,59.4,67.4,56.5,69.6,55.6,65.0,57.6,61.9,60.9,60.7,61.4,65.6,57.0,1,1,0,0,0,0,0,0,0,0,0,0,0,0,0,1,0,0,0
-0.6643446249392607,-0.7474263972554843,49.6,70.8,65.4,59.4,67.4,56.5,69.6,55.6,65.0,57.6,61.9,60.9,60.7,61.4,65.6,57.0,1,0,0,1,0,0,0,0,0,0,0,0,0,0,0,1,0,0,0
-0.6643446249392607,-0.7474263972554843,49.6,70.4,65.4,59.6,67.6,56.5,69.8,56.1,65.0,57.6,61.9,60.9,60.7,61.4,65.6,57.0,1,0,0,1,0,0,0,0,0,0,0,0,0,0,0,1,0,0,0
-0.6643446249392607,-0.7474263972554843,49.4,70.8,65.0,59.6,67.6,56.5,69.8,56.1,65.0,58.1,61.9,60.9,60.7,61.4,65.8,57.0,1,0,0,1,0,0,0,0,0,0,0,0,0,0,0,1,0,0,0
-0.6690187499307666,-0.7432455262166563,49.4,70.8,65.0,59.6,67.6,56.5,69.8,56.1,65.0,58.1,61.9,60.9,60.7,61.4,65.8,57.0,1,1,0,0,0,0,0,0,0,0,0,0,0,0,0,1,0,0,0
-0.6828825312940592,-0.730528198260285,49.8,70.8,64.8,59.6,67.6,57.0,69.8,56.1,65.0,57.6,61.9,60.9,60.7,61.4,65.6,57.0,1,1,0,0,0,0,0,0,0,0,0,0,0,0,0,1,0,0,0
-0.69199107607505,-0.7219060538827018,49.8,70.8,65.0,59.6,67.6,57.0,69.8,56.1,65.0,58.1,61.9,61.4,60.9,61.4,65.8,57.0,1,1,0,0,0,0,0,0,0,0,0,0,0,0,0,1,0,0,0
-0.7009907658423437,-0.7131703486571526,49.8,70.8,65.0,59.6,67.6,57.0,69.8,56.1,65.0,58.1,61.9,61.4,60.9,61.4,65.8,57.0,1,0,0,1,0,0,0,0,0,0,0,0,0,0,0,1,0,0,0
-0.718657934826777,-0.6953637700588894,49.8,71.3,65.2,59.6,67.6,57.0,69.8,56.1,65.0,58.1,62.1,61.4,60.7,61.6,65.8,57.0,1,0,0,1,0,0,0,0,0,0,0,0,0,0,0,1,0,0,0
-0.7273226348752424,-0.6862956977849525,49.8,71.3,65.2,59.6,67.6,57.0,69.8,56.1,65.0,58.1,62.1,61.4,60.7,61.6,65.8,57.0,1,1,0,0,0,0,0,0,0,0,0,0,0,0,0,1,0,0,0
-0.7401047397069412,-0.6724916165003998,49.4,71.3,64.8,59.6,67.8,57.0,70.0,56.1,65.0,58.1,62.1,61.4,60.9,61.6,65.8,57.4,1,1,0,0,0,0,0,0,0,0,0,0,0,0,0,1,0,0,0
-0.7443074512108889,-0.6678371194175645,49.4,71.3,65.2,60.0,67.8,57.0,70.0,56.1,65.0,58.1,61.9,61.4,60.7,61.6,65.8,57.4,1,1,0,0,0,0,0,0,0,0,0,0,0,0,0,1,0,0,0
-0.7542742189254593,-0.6565595195139495,49.4,71.3,65.2,60.0,67.8,57.0,70.0,56.1,65.0,58.1,61.9,61.4,60.7,61.6,65.8,57.4,1,0,0,1,0,0,0,0,0,0,0,0,0,0,0,1,0,0,0
-0.7689033154081214,-0.6393650690758755,49.4,71.3,64.8,60.0,67.8,57.0,70.0,56.1,65.2,58.1,62.1,61.6,60.7,61.6,66.0,57.4,1,0,0,1,0,0,0,0,0,0,0,0,0,0,0,1,0,0,0
-0.77843878792985,-0.6277205217661009,49.4,71.3,64.8,60.0,67.8,57.0,70.0,56.1,65.2,58.1,62.1,61.6,60.7,61.6,66.0,57.4,1,1,0,0,0,0,0,0,0,0,0,0,0,0,0,1,0,0,0
-0.792410709164193,-0.6099879244721986,49.6,71.3,65.0,60.5,68.0,57.0,70.0,56.5,65.0,58.5,62.1,61.4,60.7,62.0,66.0,57.4,1,1,0,0,0,0,0,0,0,0,0,0,0,0,0,1,0,0,0
-0.7954609821154652,-0.6060048068554402,49.6,71.3,65.0,60.5,68.0,57.0,70.0,56.5,65.0,58.5,62.1,61.4,60.7,62.0,66.0,57.4,1,0,0,1,0,0,0,0,0,0,0,0,0,0,0,1,0,0,0
-0.8082003615342532,-0.5889076121225657,49.4,71.5,65.2,60.5,68.0,57.0,70.0,56.1,65.0,58.5,62.1,61.6,60.7,62.0,66.0,57.4,1,0,0,1,0,0,0,0,0,0,0,0,0,0,0,1,0,0,0
-0.8147963550790215,-0.5797472723091858,49.4,71.5,64.6,60.5,68.0,57.0,70.2,56.5,65.2,58.5,62.1,61.6,60.7,62.0,66.0,57.4,1,0,0,1,0,0,0,0,0,0,0,0,0,0,0,1,0,0,0
-0.8176946321455295,-0.5756522288329883,49.4,71.5,64.6,60.5,68.0,57.0,70.2,56.5,65.2,58.5,62.1,61.6,60.7,62.0,66.0,57.4,1,1,0,0,0,0,0,0,0,0,0,0,0,0,0,1,0,0,0
-0.8297818324353164,-0.558087905764216,49.4,71.9,64.6,60.5,68.0,57.4,70.2,56.5,65.2,58.5,62.1,61.6,60.7,62.0,66.2,57.4,1,1,0,0,0,0,0,0,0,0,0,0,0,0,0,1,0,0,0
-0.8367160837231221,-0.5476369191709425,49.2,71.9,65.0,60.5,68.2,57.4,70.2,56.5,65.2,58.5,62.1,61.6,60.7,62.0,66.2,57.4,1,1,0,0,0,0,0,0,0,0,0,0,0,0,0,1,0,0,0
-0.8414918090451168,-0.5402698726654825,49.2,71.9,65.0,60.5,68.2,57.4,70.2,56.5,65.2,58.5,62.1,61.6,60.7,62.0,66.2,57.4,1,0,0,1,0,0,0,0,0,0,0,0,0,0,0,1,0,0,0
-0.8528192385509941,-0.522206229718971,49.0,71.9,65.0,60.5,68.2,57.4,70.2,56.5,65.2,58.5,62.1,62.0,60.7,62.0,66.2,57.4,1,0,0,1,0,0,0,0,0,0,0,0,0,0,0,1,0,0,0
-0.8567248504659805,-0.5157737203406582,49.0,72.4,64.6,60.5,68.2,57.4,70.2,56.5,65.2,58.9,62.1,61.6,60.7,62.5,66.4,57.4,1,0,0,1,0,0,0,0,0,0,0,0,0,0,0,1,0,0,0
-0.8624922302791861,-0.506070304115975,49.0,72.4,64.6,60.5,68.2,57.4,70.2,56.5,65.2,58.9,62.1,61.6,60.7,62.5,66.4,57.4,1,1,0,0,0,0,0,0,0,0,0,0,0,0,0,1,0,0,0
-0.8730857420709341,-0.4875667000446669,48.8,72.4,65.0,60.5,68.2,57.4,70.2,56.5,65.2,58.9,62.1,62.0,60.7,62.5,66.4,57.4,1,1,0,0,0,0,0,0,0,0,0,0,0,0,0,1,0,0,0
-0.8755208253567904,-0.4831803849149553,48.4,72.4,65.0,60.5,68.4,57.4,70.4,56.5,65.2,58.9,62.1,62.0,60.7,62.5,66.4,57.4,1,1,0,0,0,0,0,0,0,0,0,0,0,0,0,1,0,0,0
-0.885040190673303,-0.46551461941915795,48.4,72.4,65.0,60.5,68.4,57.4,70.4,56.5,65.2,58.9,62.1,62.0,60.7,62.5,66.4,57.6,1,0,0,1,0,0,0,0,0,0,0,0,0,0,0,1,0,0,0
-0.8930774005468525,-0.4499030524818394,48.4,72.4,64.4,60.9,68.4,57.4,70.4,56.5,65.2,58.9,62.1,62.0,60.7,62.9,66.4,57.6,1,0,0,1,0,0,0,0,0,0,0,0,0,0,0,1,0,0,0
-0.903544162098822,-0.42849497912710444,48.4,72.4,64.4,60.9,68.4,57.4,70.4,56.5,65.2,58.9,62.1,62.0,60.7,62.9,66.4,57.6,1,1,0,0,0,0,0,0,0,0,0,0,0,0,0,1,0,0,0
-0.9093697226992643,-0.4159888309051856,48.1,72.8,64.6,60.9,68.4,57.4,70.4,56.5,65.2,58.9,61.9,62.0,60.7,62.9,66.4,57.6,1,1,0,0,0,0,0,0,0,0,0,0,0,0,0,1,0,0,0
-0.9109285173642674,-0.4125642207614925,48.1,72.8,64.6,60.9,68.4,57.4,70.4,56.5,65.2,58.9,61.9,62.0,60.7,62.9,66.4,57.6,1,0,0,1,0,0,0,0,0,0,0,0,0,0,0,1,0,0,0
-0.9185286046102898,-0.3953545276238454,48.4,72.8,64.8,60.9,68.4,57.4,70.4,57.0,65.2,58.9,62.1,62.0,60.7,62.9,66.6,57.4,1,0,0,1,0,0,0,0,0,0,0,0,0,0,0,1,0,0,0
-0.9243747281716601,-0.38148572963817323,48.4,72.8,64.4,60.9,68.4,57.4,70.6,57.0,65.2,59.4,62.1,62.0,60.5,62.9,66.6,57.6,1,0,0,1,0,0,0,0,0,0,0,0,0,0,0,1,0,0,0
-0.9358801524571698,-0.3523185209959086,48.4,73.2,64.8,60.9,68.6,57.6,70.6,57.0,65.2,59.4,61.9,62.0,60.5,63.3,66.6,57.6,1,1,0,0,0,0,0,0,0,0,0,0,0,0,0,1,0,0,0
-0.9380711756654282,-0.34644259176042613,47.5,73.2,64.2,61.4,68.6,57.6,70.4,57.0,65.2,59.4,62.1,62.5,60.5,63.3,66.8,57.6,1,1,0,0,0,0,0,0,0,0,0,0,0,0,0,1,0,0,0
-0.9464655121711995,-0.32280494771689777,47.5,73.2,64.2,61.4,68.6,57.6,70.4,57.0,65.2,59.4,62.1,62.5,60.5,63.3,66.8,57.6,1,0,0,1,0,0,0,0,0,0,0,0,0,0,0,1,0,0,0
-0.9504396762951952,-0.3109090248350545,47.7,73.5,64.4,61.4,68.6,57.6,70.6,57.0,65.2,59.4,62.1,62.5,60.5,63.3,66.8,57.6,1,0,0,1,0,0,0,0,0,0,0,0,0,0,0,1,0,0,0
-0.9579388705653313,-0.2869723336142658,47.7,73.5,64.4,61.4,68.6,57.6,70.6,57.0,65.2,59.4,62.1,62.5,60.5,63.3,66.8,57.6,1,1,0,0,0,0,0,0,0,0,0,0,0,0,0,1,0,0,0
-0.961462721036006,-0.2749353306834884,47.9,73.5,64.6,61.4,68.6,58.1,70.6,57.0,65.2,59.4,62.1,62.9,60.5,63.3,66.8,57.6,1,1,0,0,0,0,0,0,0,0,0,0,0,0,0,1,0,0,0
-0.9631679631960726,-0.26890049213924655,47.9,73.5,64.6,61.4,68.6,58.1,70.6,57.0,65.2,59.4,62.1,62.9,60.5,63.3,66.8,57.6,1,0,0,1,0,0,0,0,0,0,0,0,0,0,0,1,0,0,0
-0.9671058750081711,-0.2543741860422942,47.5,73.5,64.6,61.4,68.6,57.6,70.6,57.0,65.2,59.4,62.1,62.9,60.5,63.3,66.8,57.6,1,0,0,1,0,0,0,0,0,0,0,0,0,0,0,1,0,0,0
-0.9711247055093503,-0.23857243417750035,47.5,73.5,64.2,61.6,68.6,58.1,70.9,57.0,65.2,59.4,61.9,62.9,60.5,63.3,67.0,58.1,1,0,0,1,0,0,0,0,0,0,0,0,0,0,0,1,0,0,0
-0.9717200984531081,-0.23613566071705866,47.5,73.5,64.2,61.6,68.6,58.1,70.9,57.0,65.2,59.4,61.9,62.9,60.5,63.3,67.0,58.1,1,1,0,0,0,0,0,0,0,0,0,0,0,0,0,1,0,0,0
-0.9778650730730306,-0.20923646638164328,47.5,73.9,64.4,61.6,68.8,58.1,70.9,57.0,65.2,59.4,62.1,62.9,60.5,63.3,67.0,58.1,1,1,0,0,0,0,0,0,0,0,0,0,0,0,0,1,0,0,0
-0.9794119520729397,-0.20187181114923808,47.5,73.9,64.2,61.6,68.8,57.6,70.9,57.4,65.4,59.4,62.1,62.9,60.5,63.6,67.0,58.1,1,1,0,0,0,0,0,0,0,0,0,0,0,0,0,1,0,0,0
-0.9821037807913627,-0.1883405526043474,47.5,73.9,64.2,61.6,68.8,57.6,70.9,57.4,65.4,59.4,62.1,62.9,60.5,63.6,67.0,58.1,1,0,0,1,0,0,0,0,0,0,0,0,0,0,0,1,0,0,0
-0.9863127291829741,-0.16488541552130437,47.5,73.9,64.2,61.6,68.8,58.1,70.9,57.4,65.2,59.4,62.1,62.9,60.3,63.6,67.2,58.1,1,0,0,1,0,0,0,0,0,0,0,0,0,0,0,1,0,0,0
-0.9881110887295297,-0.15374158946018288,47.5,73.9,64.2,61.6,68.8,58.1,70.9,57.4,65.2,59.4,62.1,62.9,60.3,63.6,67.2,58.1,1,1,0,0,0,0,0,0,0,0,0,0,0,0,0,1,0,0,0
-0.9906582040205412,-0.13636833505911797,47.5,73.9,64.4,62.0,69.0,58.1,70.9,57.4,65.4,59.6,61.9,63.3,60.5,63.6,67.2,58.1,1,1,0,0,0,0,0,0,0,0,0,0,0,0,0,1,0,0,0
-0.9918172680014798,-0.12766560576005084,47.5,74.3,64.4,62.0,69.0,58.1,70.9,57.4,65.4,59.6,62.1,63.3,60.3,63.6,67.2,58.5,1,1,0,0,0,0,0,0,0,0,0,0,0,0,0,1,0,0,0
-0.9944464727406275,-0.10524358818343471,47.5,74.3,64.4,62.0,69.0,58.1,70.9,57.4,65.4,59.6,62.1,63.3,60.3,63.6,67.2,58.5,1,0,0,1,0,0,0,0,0,0,0,0,0,0,0,1,0,0,0
-0.9959177762252168,-0.09026507075618395,47.3,74.3,64.0,62.0,69.0,58.1,71.1,57.4,65.2,59.6,62.1,63.3,60.3,63.6,67.2,58.5,1,0,0,1,0,0,0,0,0,0,0,0,0,0,0,1,0,0,0
-0.9962503646162617,-0.08651711392531328,47.3,74.3,64.0,62.0,69.0,58.1,71.1,57.4,65.2,59.6,62.1,63.3,60.3,63.6,67.2,58.5,1,1,0,0,0,0,0,0,0,0,0,0,0,0,0,1,0,0,0
-0.9982580952599988,-0.058998095290265014,46.9,74.3,64.4,62.0,69.0,58.1,71.1,57.4,65.4,59.6,62.1,63.3,60.3,63.6,67.2,58.5,1,1,0,0,0,0,0,0,0,0,0,0,0,0,0,1,0,0,0
-0.9986084491165724,-0.05273675523763185,47.3,74.8,64.4,62.5,69.0,58.5,71.1,57.4,65.4,60.0,62.1,63.6,60.3,64.0,67.2,58.5,1,1,0,0,0,0,0,0,0,0,0,0,0,0,0,1,0,0,0
-0.9997709108766653,-0.021403872659941738,47.3,74.8,64.4,62.5,69.0,58.5,71.1,57.4,65.4,60.0,62.1,63.6,60.3,64.0,67.2,58.5,1,0,0,1,0,0,0,0,0,0,0,0,0,0,0,1,0,0,0
-0.9998854777208314,-0.015133784820225829,47.5,74.8,64.0,62.5,69.0,58.5,71.1,57.4,65.2,60.0,62.1,63.6,60.3,64.0,67.2,58.5,1,0,0,1,0,0,0,0,0,0,0,0,0,0,0,1,0,0,0
-0.9999966405802825,-0.002592070243905973,47.5,74.8,64.0,62.5,69.0,58.5,71.1,57.4,65.2,60.0,62.1,63.6,60.3,64.0,67.2,58.5,1,1,0,0,0,0,0,0,0,0,0,0,0,0,0,1,0,0,0
-0.9998684366088764,0.016220649596160923,47.3,75.2,63.8,62.5,69.0,58.5,71.1,57.4,65.2,60.0,61.9,63.6,60.1,64.4,67.4,58.9,1,1,0,0,0,0,0,0,0,0,0,0,0,0,0,1,0,0,0
-0.9997470542581849,0.02249060919766275,46.9,75.2,64.2,62.5,69.2,58.5,71.1,57.4,65.2,60.0,61.9,63.6,60.1,64.0,67.4,58.9,1,1,0,0,0,0,0,0,0,0,0,0,0,0,0,1,0,0,0
-0.9988684239890318,0.04755913747817416,46.9,75.2,64.2,62.5,69.2,58.5,71.1,57.4,65.2,60.0,61.9,63.6,60.1,64.0,67.4,58.9,1,0,0,1,0,0,0,0,0,0,0,0,0,0,0,1,0,0,0
-0.9981933746828504,0.06008316519011419,46.7,75.2,64.0,62.5,69.2,58.5,71.3,57.6,65.4,60.0,61.9,63.6,60.1,64.4,67.4,58.9,1,0,0,1,0,0,0,0,0,0,0,0,0,0,0,1,0,0,0
-0.9974515723046593,0.07134676521723377,46.7,75.2,64.0,62.5,69.2,58.5,71.3,57.6,65.4,60.0,61.9,63.6,60.1,64.4,67.4,58.9,1,1,0,0,0,0,0,0,0,0,0,0,0,0,0,1,0,0,0
-0.995226638405676,0.09759066660156482,45.9,75.4,63.8,62.5,69.2,58.5,71.3,57.6,65.4,60.0,61.9,63.6,60.1,64.4,67.4,58.9,1,1,0,0,0,0,0,0,0,0,0,0,0,0,0,1,0,0,0
-0.9947245116812752,0.10258238572215295,45.9,75.4,63.8,62.5,69.2,58.5,71.3,57.6,65.4,60.0,61.9,63.6,60.1,64.4,67.4,58.9,1,0,0,1,0,0,0,0,0,0,0,0,0,0,0,1,0,0,0
-0.9921553106147228,0.12501135795999802,45.9,75.4,63.8,62.5,69.2,58.9,71.1,57.6,65.4,60.5,61.9,64.0,60.1,64.4,67.6,58.9,1,0,0,1,0,0,0,0,0,0,0,0,0,0,0,1,0,0,0
-0.9908510451806221,0.13496001728092955,45.5,75.4,63.4,62.5,69.4,58.9,71.3,58.1,65.4,60.5,61.9,64.0,60.1,64.7,67.4,58.9,1,0,0,1,0,0,0,0,0,0,0,0,0,0,0,1,0,0,0
-0.9898073737750761,0.14241264979097493,45.5,75.4,63.4,62.5,69.4,58.9,71.3,58.1,65.4,60.5,61.9,64.0,60.1,64.7,67.4,58.9,1,1,0,0,0,0,0,0,0,0,0,0,0,0,0,1,0,0,0
-0.9859239921306537,0.1671941438602282,45.7,75.4,63.8,62.5,69.4,58.9,71.3,58.1,65.4,60.5,61.9,64.0,60.1,64.9,67.6,58.9,1,1,0,0,0,0,0,0,0,0,0,0,0,0,0,1,0,0,0
-0.9850727891595318,0.1721383166452506,45.7,75.4,63.6,62.9,69.4,58.9,71.3,58.1,65.4,60.5,61.9,64.0,59.9,64.9,67.6,58.9,1,1,0,0,0,0,0,0,0,0,0,0,0,0,0,1,0,0,0
-0.9814202640527359,0.19187043885564622,45.7,75.4,63.6,62.9,69.4,58.9,71.3,58.1,65.4,60.5,61.9,64.0,59.9,64.9,67.6,58.9,1,0,0,1,0,0,0,0,0,0,0,0,0,0,0,1,0,0,0
-0.9779000501236004,0.20907293456652828,45.3,75.4,63.6,62.9,69.4,58.9,71.3,58.1,65.2,60.5,61.9,64.0,59.9,64.9,67.6,59.4,1,0,0,1,0,0,0,0,0,0,0,0,0,0,0,1,0,0,0
-0.9749225958617912,0.22254422499383472,45.3,75.4,63.6,62.9,69.4,58.9,71.3,58.1,65.2,60.5,61.9,64.0,59.9,64.9,67.6,59.4,1,1,0,0,0,0,0,0,0,0,0,0,0,0,0,1,0,0,0
-0.9714628453389843,0.23719177921227533,45.5,75.9,63.6,62.9,69.4,58.9,71.3,58.1,65.4,60.5,61.9,64.0,59.9,64.9,67.6,59.4,1,1,0,0,0,0,0,0,0,0,0,0,0,0,0,1,0,0,0
-0.9693429819039615,0.24571158587566883,45.5,75.9,63.4,62.9,69.4,58.9,71.5,58.1,65.4,60.5,61.9,64.4,59.9,64.9,67.6,59.4,1,1,0,0,0,0,0,0,0,0,0,0,0,0,0,1,0,0,0
-0.9635492211547926,0.2675311167172756,45.5,75.9,63.4,62.9,69.4,58.9,71.5,58.1,65.4,60.5,61.9,64.4,59.9,64.9,67.6,59.4,1,0,0,1,0,0,0,0,0,0,0,0,0,0,0,1,0,0,0
-0.9594136980077794,0.28200240437811414,45.1,75.9,63.4,63.3,69.4,58.9,71.5,58.1,65.4,60.9,61.9,64.4,59.9,65.3,67.6,59.4,1,0,0,1,0,0,0,0,0,0,0,0,0,0,0,1,0,0,0
-0.9558013737401667,0.29401315269288575,45.1,75.9,63.4,63.3,69.4,58.9,71.5,58.1,65.4,60.9,61.9,64.4,59.9,65.3,67.6,59.4,1,1,0,0,0,0,0,0,0,0,0,0,0,0,0,1,0,0,0
-0.9489206944104915,0.3155146838413556,44.9,75.9,63.6,63.3,69.4,59.4,71.5,58.1,65.4,60.9,61.9,64.4,59.9,65.3,67.6,59.4,1,1,0,0,0,0,0,0,0,0,0,0,0,0,0,1,0,0,0
-0.9481262544701976,0.31789401627635916,45.1,75.9,63.6,63.3,69.6,59.4,71.5,58.5,65.4,60.9,61.9,64.4,59.9,65.3,67.6,59.4,1,1,0,0,0,0,0,0,0,0,0,0,0,0,0,1,0,0,0
-0.9354966299564142,0.3533356128954335,45.1,75.9,63.6,63.3,69.6,59.4,71.5,58.5,65.4,60.9,61.9,64.4,59.9,65.3,67.6,59.4,1,0,0,1,0,0,0,0,0,0,0,0,0,0,0,1,0,0,0
-0.931904287965366,0.3627042846062951,45.1,75.9,63.6,63.3,69.6,59.4,71.5,58.5,65.4,60.9,61.9,64.4,59.9,65.3,67.6,59.4,1,1,0,0,0,0,0,0,0,0,0,0,0,0,0,1,0,0,0
-0.9229971410258271,0.38480680562868097,44.5,75.9,63.1,63.3,69.6,59.4,71.5,58.5,65.4,60.9,61.9,64.7,59.7,65.3,67.6,59.4,1,1,0,0,0,0,0,0,0,0,0,0,0,0,0,1,0,0,0
-0.9215427031420584,0.3882770226083793,44.5,76.3,63.4,63.3,69.6,59.4,71.5,58.5,65.4,60.9,61.7,64.9,59.7,65.3,67.6,59.4,1,1,0,0,0,0,0,0,0,0,0,0,0,0,0,1,0,0,0
-0.9140752268185328,0.40554467043304593,44.5,76.3,63.4,63.3,69.6,59.4,71.5,58.5,65.4,60.9,61.7,64.9,59.7,65.3,67.6,59.4,1,0,0,1,0,0,0,0,0,0,0,0,0,0,0,1,0,0,0
-0.9062842274038827,0.42266878185991863,44.5,75.9,62.9,63.3,69.6,59.4,71.5,58.5,65.4,60.9,61.7,64.9,59.5,65.3,67.4,59.6,1,0,0,1,0,0,0,0,0,0,0,0,0,0,0,1,0,0,0
-0.9052211303454785,0.4249408254993327,44.5,75.9,62.9,63.3,69.6,59.4,71.5,58.5,65.4,60.9,61.7,64.9,59.5,65.3,67.4,59.6,1,1,0,0,0,0,0,0,0,0,0,0,0,0,0,1,0,0,0
-0.8931526255825064,0.4497536963884511,44.7,75.9,62.7,63.6,69.6,59.6,71.5,58.5,65.4,61.4,61.7,64.9,59.5,65.3,67.4,59.4,1,1,0,0,0,0,0,0,0,0,0,0,0,0,0,1,0,0,0
-0.8897428028566027,0.4564622051877643,44.7,75.9,62.5,63.6,69.6,59.6,71.5,58.5,65.4,61.4,61.3,64.9,59.1,65.3,67.4,59.6,1,1,0,0,0,0,0,0,0,0,0,0,0,0,0,1,0,0,0
-0.8786135542108517,0.47753347773425747,44.7,75.9,62.5,63.6,69.6,59.6,71.5,58.5,65.4,61.4,61.3,64.9,59.1,65.3,67.4,59.6,1,0,0,1,0,0,0,0,0,0,0,0,0,0,0,1,0,0,0
-0.8719418457754678,0.48960945414245244,44.9,75.9,62.3,63.6,69.4,59.6,71.5,58.5,65.4,61.4,61.1,64.9,58.7,65.5,67.2,59.6,1,0,0,1,0,0,0,0,0,0,0,0,0,0,0,1,0,0,0
-0.8713270777673584,0.4907026834544476,44.9,75.9,62.3,63.6,69.4,59.6,71.5,58.5,65.4,61.4,61.1,64.9,58.7,65.5,67.2,59.6,1,1,0,0,0,0,0,0,0,0,0,0,0,0,0,1,0,0,0
-0.8619416232229069,0.5070075326421299,44.5,75.9,62.1,63.6,69.4,59.4,71.5,58.5,65.4,61.4,60.9,65.3,58.5,65.5,67.2,59.6,1,1,0,0,0,0,0,0,0,0,0,0,0,0,0,1,0,0,0
-0.8529065554478531,0.5220636050081238,44.5,75.9,61.7,63.6,69.6,59.6,71.5,58.5,65.4,61.4,60.3,64.9,58.1,65.5,67.0,59.6,1,1,0,0,0,0,0,0,0,0,0,0,0,0,0,1,0,0,0
-0.845622952330361,0.5337806876349912,44.5,75.9,61.7,63.6,69.6,59.6,71.5,58.5,65.4,61.4,60.3,64.9,58.1,65.5,66.6,59.6,1,1,0,0,0,0,0,0,0,0,0,0,0,0,0,1,0,0,0
-0.8354316491929948,0.5495943590746477,44.5,75.9,61.5,63.6,69.4,59.4,71.5,58.5,65.2,61.4,59.9,65.3,57.7,65.5,66.4,59.6,1,1,0,0,0,0,0,0,0,0,0,0,0,0,0,1,0,0,0
-0.8326638785007856,0.5537787152284105,44.1,75.9,61.3,63.6,69.4,59.6,71.5,58.5,65.2,61.4,59.5,65.3,57.5,65.5,66.4,59.6,1,1,0,0,0,0,0,0,0,0,0,0,0,0,0,1,0,0,0
-0.8256529157689491,0.5641783961498638,44.1,75.9,61.3,63.6,69.4,59.6,71.5,58.5,65.2,61.4,59.5,65.3,57.5,65.5,66.4,59.6,1,1,0,0,0,0,0,0,0,0,0,0,0,0,0,1,0,0,0
-0.8112424707549182,0.5847098884433679,44.1,75.9,61.1,63.6,69.4,59.6,71.3,58.9,65.2,61.6,59.5,65.3,57.3,65.5,65.8,59.6,1,1,0,0,0,0,0,0,0,0,0,0,0,0,0,1,0,0,0
-0.8075597425477911,0.5897857765461502,44.1,75.9,61.1,63.6,69.4,59.6,71.3,58.9,65.2,61.6,59.5,65.3,57.3,65.5,65.8,59.6,0,0,0,0,0,0,0,0,0,0,0,0,0,0,0,1,0,0,0
-0.7925127066846283,0.6098554006839689,44.1,75.4,60.9,64.0,69.4,59.6,71.3,58.5,65.2,61.4,59.3,65.3,56.5,66.0,65.4,59.6,0,0,0,0,0,0,0,0,0,0,0,0,0,0,0,1,0,0,0
-0.7886726566589466,0.6148133380453935,44.1,75.4,60.9,63.6,69.4,59.6,71.3,58.9,65.2,61.6,59.5,65.3,56.5,65.5,64.4,60.0,0,0,0,0,0,0,0,0,0,0,0,0,0,0,0,1,0,0,0
-0.7808996601561212,0.6246564822108663,44.1,75.4,60.9,63.6,69.4,59.6,71.3,58.9,65.2,61.6,59.5,65.3,56.5,65.5,64.4,60.0,0,0,0,0,0,0,0,0,0,1,0,0,0,0,0,1,0,0,0
-0.7801155839100814,0.6256354175880973,44.1,75.4,60.9,63.6,69.4,59.6,71.3,58.9,65.2,61.6,59.5,65.3,56.5,65.5,64.4,60.0,0,0,0,0,0,0,0,0,0,0,0,0,0,0,0,1,0,0,0
-0.7745927581250789,0.6324603221232009,44.1,75.4,60.9,63.6,69.4,59.6,71.3,58.9,65.2,61.6,59.5,65.3,56.5,65.5,64.4,60.0,0,0,0,0,0,0,1,0,0,0,0,0,0,0,0,1,0,0,0
-0.7737988990403907,0.6334313410653749,44.1,75.4,60.9,63.6,69.4,59.6,71.3,58.9,65.2,61.6,59.5,65.3,56.5,65.5,64.4,60.0,0,0,0,0,0,0,0,0,0,0,0,0,0,0,0,1,0,0,0
-0.7714100232591369,0.63633841312256,44.1,75.4,60.9,63.6,69.4,59.6,71.3,58.9,65.2,61.6,59.5,65.3,56.5,65.5,64.4,60.0,0,0,0,0,0,0,0,1,0,0,0,0,0,0,0,1,0,0,0
-0.7706113026651181,0.6373054371373037,44.3,74.8,60.1,64.0,69.4,59.6,71.3,58.9,65.2,61.6,59.5,65.3,55.4,66.0,63.1,59.6,0,0,0,0,0,0,0,1,0,0,0,0,0,0,0,1,0,0,0
-0.7698113698301403,0.6382714586132164,44.3,74.8,60.1,64.0,69.4,59.6,71.3,58.9,65.2,61.6,59.5,65.3,55.4,66.0,63.1,59.6,0,0,0,0,0,0,0,0,0,0,0,0,0,0,0,1,0,0,0
-0.7576677686010735,0.6526404465117606,44.3,74.8,60.1,64.0,69.4,59.6,71.3,58.9,65.2,61.6,59.5,65.3,55.4,66.0,63.1,59.6,0,0,0,0,1,0,0,0,0,0,0,0,0,0,0,1,0,0,0
-0.7568486123392293,0.6535902217752213,44.3,74.8,60.1,64.0,69.4,59.6,71.3,58.9,65.2,61.6,59.5,65.3,55.4,66.0,63.1,59.6,0,0,0,0,1,0,0,0,0,0,0,0,0,0,0,1,0,0,0
-0.7527349980025276,0.6583236459235948,44.7,74.3,59.9,64.0,69.2,59.6,71.1,58.9,64.8,61.6,58.9,65.3,55.4,65.5,63.8,59.6,0,0,0,0,1,0,0,0,0,0,0,0,0,0,0,1,0,0,0
-0.7477595992823609,0.6639695638213269,44.7,74.3,59.9,64.0,69.2,59.6,71.1,58.9,64.8,61.6,58.9,65.3,55.4,65.5,63.8,59.6,0,0,0,0,0,0,0,0,0,0,0,0,0,0,0,1,0,0,0
-0.7427418542022867,0.669577880471084,44.7,74.3,59.9,64.0,69.2,59.6,71.1,58.9,64.8,61.6,58.9,65.3,55.4,65.5,63.8,59.6,0,0,0,0,0,0,0,1,0,0,0,0,0,0,0,1,0,0,0
-0.7419014662660417,0.6705089219035771,44.7,74.3,59.9,64.0,69.2,59.6,71.1,58.9,64.8,61.6,58.9,65.3,55.4,65.5,63.8,59.6,0,0,0,0,0,0,0,0,0,0,0,0,0,0,0,1,0,0,0
-0.7402171904839919,0.6723678389929025,44.7,74.3,59.9,64.0,69.2,59.6,71.1,58.9,64.8,61.6,58.9,65.3,55.4,65.5,63.8,59.6,0,0,0,0,0,0,1,0,0,0,0,0,0,0,0,1,0,0,0
-0.7393733052877026,0.6732957117254926,45.7,73.2,59.7,63.6,69.2,59.6,68.6,58.9,64.8,61.6,58.9,65.3,55.4,65.5,63.8,60.0,0,0,0,0,0,0,1,0,0,0,0,0,0,0,0,1,0,0,0
-0.7385282569906372,0.6742225253033092,45.7,73.2,59.7,63.6,69.2,59.6,68.6,58.9,64.8,61.6,58.9,65.3,55.4,65.5,63.8,60.0,0,0,0,0,0,0,0,0,0,0,0,0,0,0,0,1,0,0,0
-0.7334336166626158,0.6797610829910721,45.7,73.2,59.7,63.6,69.2,59.6,68.6,58.9,64.8,61.6,58.9,65.3,55.4,65.5,63.8,60.0,0,0,0,0,0,0,0,0,0,0,0,0,0,0,0,1,0,0,0
-0.7282974412691404,0.6852611451416335,45.7,73.2,59.7,63.6,69.2,59.6,68.6,58.9,64.8,61.6,58.9,65.3,55.4,65.5,63.8,60.0,0,0,0,0,0,0,0,0,0,0,0,0,0,0,1,1,0,0,0
-0.7274373942947834,0.6861740576425313,45.7,73.2,59.7,63.6,69.2,59.6,68.6,58.9,64.8,61.6,58.9,65.3,55.4,65.5,63.8,60.0,0,0,0,0,0,0,0,0,0,0,0,0,0,0,1,1,0,1,0
-0.7257138687272553,0.6879966429692227,45.7,73.2,59.7,63.6,69.2,59.6,68.6,58.9,64.8,61.6,58.9,65.3,55.4,65.5,63.8,60.0,0,0,0,0,0,0,0,0,0,0,0,0,0,0,0,1,0,1,0
-0.7099979591698903,0.7042037332864622,46.1,72.4,59.3,63.6,69.2,59.6,67.6,58.9,65.0,61.6,58.9,65.3,55.0,65.5,61.7,60.0,0,0,0,0,0,0,0,0,0,0,0,0,0,0,0,1,0,1,0
-0.7091141682528429,0.7050936791541098,46.1,72.4,59.3,63.6,69.2,59.6,67.6,58.9,65.0,61.6,58.9,65.3,55.0,65.5,61.7,60.0,0,0,0,0,0,0,0,0,0,0,0,0,0,0,0,1,0,0,0
-0.7064561080690221,0.7077568561108892,46.1,72.4,59.3,63.6,69.2,59.6,67.6,58.9,65.0,61.6,58.9,65.3,55.0,65.5,61.7,60.0,0,0,0,0,0,0,0,0,0,0,0,0,0,0,0,1,0,0,0
-0.7037880460241333,0.7104100127908759,46.1,72.4,58.9,63.6,65.6,60.0,66.2,58.9,65.0,61.6,58.9,65.3,54.8,65.5,60.3,60.0,0,0,0,0,0,0,1,0,0,0,0,0,0,0,0,1,0,0,0
-0.7028964758981273,0.7112921651262534,46.1,72.4,58.9,63.6,65.6,60.0,66.2,58.9,65.0,61.6,58.9,65.3,54.8,65.5,60.3,60.0,0,0,0,0,0,0,0,0,0,0,0,0,0,0,0,1,0,0,0
-0.6921117911271715,0.7217903217574606,46.1,72.4,58.9,63.6,65.6,60.0,66.2,58.9,65.0,61.6,58.9,65.3,54.8,65.5,60.3,60.0,0,0,0,0,0,1,0,0,0,0,0,0,0,0,0,1,0,0,0
-0.6912059566759339,0.7226578204487286,46.1,72.4,58.9,63.6,65.6,60.0,66.2,58.9,65.0,61.6,58.9,65.3,54.8,65.5,60.3,60.0,0,0,0,0,0,0,0,0,0,0,0,0,0,0,0,1,0,0,0
-0.688481935055404,0.7252534902379764,46.9,70.8,58.9,63.6,66.4,60.0,69.0,58.9,64.8,61.6,58.5,65.3,54.4,65.5,60.1,60.0,0,0,0,0,0,0,0,0,0,0,1,0,0,0,0,1,0,0,0
-0.6875717598542117,0.72611643353596,46.9,70.8,58.9,63.6,66.4,60.0,69.0,58.9,64.8,61.6,58.5,65.3,54.4,65.5,60.1,60.0,0,0,0,0,0,0,0,0,0,0,0,0,0,0,0,1,0,0,0
-0.6700745670730588,0.7422937926197771,46.9,70.8,58.9,63.6,66.4,60.0,69.0,58.9,64.8,61.6,58.5,65.3,54.4,65.5,60.1,60.0,0,0,0,0,0,0,0,0,0,0,0,0,0,0,0,1,0,0,0
-0.6407142158273134,0.7677794563784518,46.9,70.8,58.7,63.6,66.8,60.0,69.0,58.9,64.6,61.6,57.5,64.9,53.4,65.5,59.9,60.0,0,0,0,0,0,0,0,0,0,0,0,0,0,0,0,1,0,0,0
-0.6349183009330568,0.7725792846952864,46.9,70.8,58.7,63.6,66.8,60.0,69.0,58.9,64.6,61.6,57.5,64.9,53.4,65.5,59.9,60.0,0,0,0,0,0,0,0,0,0,0,1,0,0,0,0,1,0,0,0
-0.6173161430474183,0.7867151832353685,47.1,69.9,58.5,63.6,66.8,59.6,69.0,58.9,64.6,61.6,57.1,64.9,53.4,65.3,60.1,60.0,0,0,0,0,0,0,0,0,0,0,1,0,0,0,0,1,0,0,0
-0.6054060212063678,0.7959167980932901,47.5,69.5,58.3,63.3,67.0,59.6,69.0,58.9,64.6,61.6,57.1,64.9,53.4,65.3,60.3,60.0,0,0,0,0,0,0,0,0,0,0,1,0,0,0,0,1,0,0,0
-0.5933587623585526,0.8049381213064312,47.9,69.3,57.9,63.3,67.0,60.0,68.8,58.9,64.4,61.6,56.9,64.4,53.2,65.3,59.5,60.0,0,0,0,0,0,0,0,0,0,0,1,0,0,0,0,1,0,0,0
-0.5913377442870061,0.8064240027315378,48.1,68.8,57.7,63.3,67.0,59.6,68.6,58.9,64.4,61.6,56.9,64.4,53.0,65.3,58.9,60.0,0,0,0,0,0,0,0,0,0,0,1,0,0,0,0,1,0,0,0
-0.5903258391147891,0.8071650411616079,48.1,68.8,57.7,63.3,67.0,59.6,68.6,58.9,64.4,61.6,56.9,64.4,53.0,65.3,58.9,60.0,0,0,0,0,0,0,0,0,0,0,0,0,0,0,0,1,0,0,0
-0.5872845581585515,0.8093805333392414,48.1,68.8,57.7,63.3,67.0,59.6,68.6,58.9,64.4,61.6,56.9,64.4,53.0,65.3,58.9,60.0,0,0,0,0,0,0,0,0,1,0,0,0,0,0,0,1,0,0,0
-0.5862689480090636,0.8101164858218514,48.1,68.8,57.7,63.3,67.0,59.6,68.6,58.9,64.4,61.6,56.9,64.4,53.0,65.3,58.9,60.0,0,0,0,0,0,0,0,0,0,0,0,0,0,0,0,1,0,0,0
-0.5729826744824125,0.8195674802863896,48.1,68.8,57.7,63.3,67.0,59.6,68.6,58.9,64.4,61.6,56.9,64.4,53.0,65.3,58.9,60.0,0,0,0,0,1,0,0,0,0,0,0,0,0,0,0,1,0,0,0
-0.57195429882166,0.8202854869247799,48.4,68.4,56.9,63.3,67.2,60.0,68.2,58.9,64.4,61.6,56.7,64.4,52.8,65.3,60.3,60.0,0,0,0,0,1,0,0,0,0,0,0,0,0,0,0,1,0,0,0
-0.5709250234253012,0.8210022031802469,48.4,68.4,56.9,63.3,67.2,60.0,68.2,58.9,64.4,61.6,56.7,64.4,52.8,65.3,60.3,60.0,0,0,0,0,0,0,0,0,0,0,0,0,0,0,0,1,0,0,0
-0.5678318150210765,0.8231445983846762,48.4,68.4,56.9,63.3,67.2,60.0,68.2,58.9,64.4,61.6,56.7,64.4,52.6,65.3,60.3,60.0,0,0,0,0,0,0,0,0,1,0,0,0,0,0,0,1,0,0,0
-0.5667989568878343,0.823856141854185,48.4,68.4,56.9,63.3,67.2,60.0,68.2,58.9,64.4,61.6,56.7,64.4,52.4,65.3,60.3,60.0,0,0,0,0,0,0,0,0,0,0,0,0,0,0,0,1,0,0,0
-0.5605831409121116,0.8280981476401886,48.4,68.4,56.9,63.3,67.2,60.0,68.2,58.9,64.4,61.6,56.7,64.4,52.4,65.3,60.3,60.0,0,0,0,0,0,0,0,0,1,0,0,0,0,0,0,1,0,0,0
-0.5564216049177785,0.8309001128780303,48.6,67.5,56.5,63.3,67.2,60.0,68.0,58.9,64.0,61.6,56.3,64.4,52.2,65.3,59.5,60.0,0,0,0,0,0,0,0,0,1,0,0,0,0,0,0,1,0,0,0
-0.5553790285709954,0.8315973392354845,48.6,67.5,56.5,63.3,67.2,60.0,68.0,58.9,64.0,61.6,56.3,64.4,52.2,65.3,59.5,60.0,0,0,0,0,0,0,0,0,0,0,0,0,0,0,0,1,0,0,0
-0.5480566236460854,0.8364412336067926,48.6,67.5,56.5,63.3,67.2,60.0,68.0,58.9,64.0,61.6,56.3,64.4,52.2,65.3,59.5,60.0,0,0,0,0,0,1,0,0,0,0,0,0,0,0,0,1,0,0,0
-0.5290349680903582,0.848600025063418,48.8,67.5,56.7,62.9,67.2,59.6,67.6,58.9,64.0,61.6,56.3,64.4,52.2,64.9,59.3,60.0,0,0,0,0,0,1,0,0,0,0,0,0,0,0,0,1,0,0,0
-0.512977207235599,0.8584022278959703,49.4,66.9,56.7,62.9,67.0,60.0,67.0,58.9,63.8,61.6,56.3,64.0,52.0,64.4,58.5,60.0,0,0,0,0,0,1,0,0,0,0,0,0,0,0,0,1,0,0,0
-0.5108223297397769,0.8596863075792395,49.4,66.9,56.7,62.9,67.0,60.0,67.0,58.9,63.8,61.6,56.3,64.0,52.0,64.4,58.5,60.0,0,0,0,0,0,1,1,0,0,0,0,0,0,0,0,1,0,0,0
-0.5097436847898218,0.8603263193793939,49.6,66.4,56.3,62.9,66.6,59.6,66.0,58.9,63.4,61.4,57.1,64.0,52.2,64.4,58.7,60.0,0,0,0,0,0,1,1,0,0,0,0,0,0,0,0,1,0,0,0
-0.5032550352395349,0.8641379343056608,49.6,66.4,56.3,62.9,66.6,59.6,66.0,58.9,63.4,61.4,57.1,64.0,52.2,64.4,58.7,60.0,0,0,0,0,0,1,0,0,0,0,0,0,0,0,0,1,0,0,0
-0.5000000000000004,0.8660254037844384,49.6,66.4,56.3,62.9,66.6,59.6,66.0,58.9,63.4,61.4,57.1,64.0,52.2,64.4,58.7,60.0,0,0,0,0,0,0,0,0,0,0,0,0,0,0,0,1,0,0,0
