Time on 07 Jun 2021,S4_Humidity,S4_Temperature,S6_Humidity,S6_Temperature,S12_Humidity,S12_Temperature,S18_Humidity,S18_Temperature,S19_Humidity,S19_Temperature,S24_Humidity,S24_Temperature,S25_Humidity,S25_Temperature,S26_Humidity,S26_Temperature,
09:42:05,63.0,71.6,66.0,71.6,57.0,69.8,60.0,69.8,58.0,73.4,61.0,69.8,62.0,69.8,65.0,69.8
09:42:30,63.0,71.6,67.0,71.6,61.0,69.8,64.0,69.8,59.0,73.4,61.0,69.8,63.0,69.8,65.0,69.8
09:42:48,63.0,71.6,67.0,71.6,57.0,69.8,64.0,69.8,59.0,73.4,61.0,69.8,63.0,69.8,65.0,69.8
09:43:15,63.0,71.6,67.0,71.6,57.0,69.8,64.0,69.8,59.0,73.4,61.0,69.8,63.0,69.8,65.0,69.8
09:43:32,63.0,71.6,67.0,71.6,57.0,69.8,64.0,69.8,59.0,73.4,61.0,69.8,63.0,69.8,65.0,69.8
09:43:55,63.0,71.6,67.0,71.6,57.0,69.8,60.0,69.8,59.0,73.4,61.0,69.8,63.0,69.8,65.0,69.8
09:44:07,63.0,71.6,66.0,71.6,57.0,69.8,64.0,69.8,59.0,73.4,61.0,69.8,63.0,69.8,65.0,69.8
09:44:22,63.0,71.6,67.0,71.6,57.0,69.8,64.0,69.8,59.0,73.4,61.0,69.8,63.0,69.8,65.0,69.8
09:44:36,63.0,71.6,66.0,71.6,57.0,69.8,64.0,69.8,59.0,73.4,61.0,69.8,63.0,69.8,65.0,69.8
09:44:54,63.0,71.6,67.0,71.6,57.0,69.8,64.0,69.8,59.0,73.4,61.0,69.8,63.0,69.8,65.0,69.8
09:45:08,63.0,71.6,66.0,71.6,57.0,69.8,64.0,69.8,59.0,73.4,61.0,69.8,63.0,69.8,65.0,69.8
09:45:26,63.0,71.6,67.0,71.6,57.0,69.8,64.0,69.8,59.0,73.4,61.0,69.8,63.0,69.8,65.0,69.8
09:45:38,63.0,71.6,66.0,71.6,57.0,69.8,64.0,69.8,59.0,73.4,61.0,69.8,63.0,69.8,65.0,69.8
09:45:53,63.0,71.6,66.0,71.6,57.0,69.8,64.0,69.8,59.0,73.4,61.0,69.8,62.0,69.8,65.0,69.8
09:46:40,63.0,71.6,66.0,71.6,57.0,69.8,64.0,69.8,58.0,73.4,61.0,69.8,63.0,69.8,65.0,69.8
09:47:10,63.0,73.4,66.0,71.6,57.0,69.8,64.0,69.8,59.0,73.4,61.0,69.8,63.0,69.8,65.0,69.8
09:47:28,63.0,71.6,66.0,71.6,57.0,69.8,60.0,69.8,58.0,73.4,61.0,69.8,63.0,69.8,65.0,69.8
09:47:50,63.0,73.4,66.0,71.6,57.0,69.8,64.0,69.8,58.0,73.4,61.0,69.8,63.0,69.8,65.0,69.8
09:48:15,62.0,71.6,66.0,71.6,57.0,69.8,64.0,69.8,58.0,73.4,61.0,69.8,63.0,69.8,65.0,69.8
09:48:45,62.0,73.4,66.0,71.6,57.0,69.8,60.0,69.8,59.0,73.4,61.0,69.8,63.0,69.8,65.0,69.8
09:49:02,62.0,73.4,66.0,71.6,57.0,69.8,64.0,69.8,58.0,73.4,61.0,69.8,63.0,69.8,65.0,69.8
09:49:27,62.0,73.4,66.0,71.6,57.0,69.8,60.0,69.8,59.0,73.4,61.0,69.8,63.0,69.8,65.0,69.8
09:49:54,62.0,73.4,66.0,71.6,57.0,69.8,60.0,69.8,59.0,73.4,61.0,69.8,63.0,69.8,65.0,69.8
09:50:19,62.0,73.4,66.0,71.6,57.0,69.8,63.0,69.8,59.0,73.4,61.0,69.8,63.0,69.8,65.0,69.8
09:50:39,62.0,73.4,66.0,71.6,57.0,69.8,60.0,69.8,58.0,73.4,61.0,69.8,63.0,69.8,65.0,69.8
09:50:59,62.0,73.4,66.0,71.6,57.0,69.8,60.0,69.8,59.0,73.4,61.0,69.8,63.0,69.8,65.0,69.8
09:51:24,62.0,73.4,66.0,71.6,57.0,69.8,64.0,69.8,58.0,73.4,61.0,69.8,63.0,69.8,65.0,69.8
09:51:41,62.0,73.4,66.0,71.6,57.0,69.8,64.0,69.8,58.0,73.4,61.0,69.8,63.0,69.8,65.0,69.8
09:51:58,62.0,73.4,66.0,71.6,57.0,69.8,64.0,69.8,58.0,73.4,61.0,69.8,63.0,69.8,65.0,69.8
09:52:13,60.0,73.4,66.0,71.6,57.0,69.8,64.0,69.8,59.0,73.4,61.0,69.8,62.0,69.8,65.0,69.8
09:52:46,60.0,73.4,66.0,71.6,57.0,69.8,64.0,69.8,58.0,75.2,61.0,69.8,62.0,69.8,65.0,69.8
09:53:31,59.0,75.2,66.0,71.6,57.0,69.8,64.0,69.8,58.0,75.2,62.0,71.6,62.0,69.8,65.0,69.8
09:53:48,57.0,75.2,66.0,71.6,57.0,69.8,63.0,69.8,58.0,73.4,61.0,69.8,62.0,69.8,65.0,69.8
09:54:10,56.0,75.2,66.0,71.6,57.0,69.8,63.0,69.8,58.0,73.4,61.0,69.8,62.0,69.8,65.0,69.8
09:54:25,55.0,77.0,65.0,71.6,57.0,69.8,60.0,69.8,58.0,75.2,61.0,69.8,62.0,69.8,65.0,69.8
09:54:40,55.0,77.0,65.0,71.6,57.0,69.8,63.0,69.8,58.0,75.2,61.0,69.8,62.0,69.8,65.0,69.8
09:54:55,54.0,77.0,65.0,71.6,57.0,69.8,63.0,69.8,58.0,75.2,62.0,71.6,62.0,69.8,65.0,69.8
09:55:09,52.0,77.0,65.0,73.4,57.0,69.8,60.0,69.8,58.0,75.2,62.0,71.6,62.0,69.8,65.0,69.8
09:55:39,52.0,77.0,65.0,73.4,57.0,69.8,63.0,69.8,58.0,75.2,61.0,71.6,62.0,69.8,64.0,69.8
09:56:14,52.0,77.0,65.0,73.4,58.0,71.6,63.0,69.8,58.0,75.2,61.0,71.6,62.0,69.8,64.0,69.8
09:56:32,51.0,77.0,64.0,73.4,58.0,71.6,64.0,69.8,58.0,75.2,61.0,71.6,62.0,69.8,65.0,71.6
09:56:54,51.0,77.0,63.0,73.4,58.0,71.6,-1.0,50.0,58.0,75.2,61.0,71.6,63.0,71.6,65.0,71.6
09:57:11,50.0,77.0,63.0,73.4,58.0,71.6,64.0,69.8,57.0,75.2,61.0,71.6,62.0,71.6,65.0,71.6
09:57:29,50.0,77.0,63.0,73.4,58.0,71.6,-1.0,50.0,56.0,75.2,60.0,71.6,62.0,71.6,65.0,71.6
09:58:14,51.0,78.8,62.0,73.4,58.0,71.6,63.0,69.8,57.0,75.2,60.0,71.6,61.0,71.6,65.0,71.6
09:58:36,51.0,78.8,62.0,73.4,57.0,71.6,63.0,69.8,56.0,75.2,60.0,71.6,62.0,71.6,65.0,71.6
09:58:59,50.0,78.8,62.0,73.4,57.0,71.6,63.0,69.8,56.0,75.2,60.0,71.6,61.0,71.6,64.0,71.6
09:59:34,50.0,78.8,62.0,73.4,57.0,71.6,60.0,69.8,57.0,75.2,59.0,71.6,62.0,71.6,64.0,71.6
10:00:06,49.0,78.8,-1.0,51.8,57.0,71.6,60.0,69.8,57.0,75.2,59.0,71.6,61.0,71.6,64.0,71.6
10:00:21,49.0,78.8,62.0,73.4,57.0,71.6,63.0,69.8,57.0,75.2,59.0,71.6,61.0,71.6,64.0,71.6
10:00:33,50.0,78.8,62.0,73.4,57.0,71.6,63.0,69.8,57.0,75.2,58.0,71.6,61.0,71.6,64.0,71.6
10:01:00,50.0,78.8,62.0,73.4,57.0,71.6,63.0,69.8,56.0,75.2,58.0,71.6,61.0,71.6,64.0,71.6
10:01:18,50.0,78.8,61.0,73.4,57.0,71.6,64.0,71.6,56.0,75.2,58.0,71.6,61.0,71.6,64.0,71.6
10:01:40,50.0,78.8,62.0,73.4,57.0,71.6,63.0,69.8,56.0,75.2,59.0,71.6,61.0,71.6,64.0,71.6
10:02:00,50.0,78.8,62.0,73.4,57.0,71.6,63.0,69.8,55.0,75.2,59.0,71.6,61.0,71.6,64.0,71.6
10:02:15,49.0,78.8,61.0,73.4,57.0,71.6,60.0,71.6,56.0,75.2,58.0,71.6,61.0,71.6,64.0,71.6
10:02:45,49.0,78.8,61.0,73.4,57.0,71.6,60.0,71.6,56.0,75.2,58.0,71.6,60.0,71.6,64.0,71.6
10:02:59,49.0,78.8,62.0,73.4,57.0,71.6,62.0,69.8,56.0,75.2,58.0,71.6,60.0,71.6,64.0,71.6
10:03:22,49.0,78.8,62.0,73.4,56.0,71.6,63.0,71.6,55.0,75.2,58.0,71.6,60.0,71.6,64.0,71.6
10:03:47,49.0,78.8,62.0,73.4,56.0,71.6,63.0,71.6,55.0,75.2,58.0,71.6,60.0,71.6,64.0,71.6
10:04:04,49.0,78.8,61.0,73.4,56.0,71.6,62.0,69.8,55.0,75.2,58.0,71.6,60.0,71.6,63.0,71.6
10:04:26,49.0,78.8,61.0,73.4,56.0,71.6,59.0,71.6,55.0,75.2,58.0,71.6,60.0,71.6,64.0,71.6
10:05:49,-1.0,55.4,61.0,73.4,56.0,71.6,59.0,71.6,55.0,75.2,58.0,71.6,60.0,71.6,64.0,71.6
10:06:17,48.0,78.8,61.0,73.4,56.0,71.6,62.0,71.6,54.0,75.2,58.0,71.6,59.0,71.6,63.0,71.6
10:06:36,48.0,78.8,62.0,73.4,56.0,71.6,59.0,71.6,55.0,75.2,57.0,71.6,59.0,71.6,63.0,71.6
10:07:04,48.0,78.8,62.0,73.4,55.0,71.6,62.0,71.6,55.0,75.2,57.0,71.6,59.0,71.6,63.0,71.6
10:07:21,48.0,78.8,62.0,73.4,55.0,71.6,62.0,71.6,-1.0,53.6,57.0,71.6,59.0,71.6,63.0,71.6
10:07:41,48.0,78.8,61.0,73.4,55.0,71.6,58.0,71.6,55.0,75.2,58.0,71.6,59.0,71.6,63.0,71.6
10:08:01,48.0,78.8,61.0,73.4,55.0,71.6,62.0,71.6,55.0,75.2,57.0,71.6,59.0,71.6,63.0,71.6
10:08:23,48.0,78.8,61.0,73.4,55.0,71.6,62.0,71.6,55.0,75.2,57.0,71.6,59.0,71.6,63.0,71.6
10:08:46,49.0,78.8,61.0,73.4,55.0,71.6,62.0,71.6,55.0,75.2,57.0,71.6,59.0,71.6,63.0,71.6
10:09:03,48.0,78.8,61.0,73.4,55.0,71.6,62.0,71.6,54.0,75.2,57.0,71.6,59.0,71.6,63.0,71.6
10:09:18,48.0,78.8,61.0,73.4,55.0,71.6,62.0,71.6,55.0,75.2,57.0,71.6,59.0,71.6,62.0,71.6
10:09:53,48.0,78.8,61.0,73.4,55.0,71.6,59.0,71.6,54.0,75.2,57.0,71.6,59.0,71.6,63.0,71.6
10:10:23,48.0,78.8,61.0,73.4,55.0,71.6,62.0,71.6,54.0,75.2,57.0,71.6,59.0,71.6,62.0,71.6
10:10:47,48.0,78.8,61.0,73.4,55.0,71.6,62.0,71.6,53.0,75.2,57.0,71.6,59.0,71.6,62.0,71.6
10:11:10,48.0,78.8,61.0,73.4,55.0,71.6,59.0,71.6,54.0,75.2,56.0,71.6,59.0,71.6,62.0,71.6
10:11:27,48.0,78.8,61.0,73.4,55.0,71.6,62.0,71.6,55.0,75.2,56.0,71.6,59.0,71.6,62.0,71.6
10:11:49,48.0,78.8,61.0,73.4,54.0,71.6,61.0,71.6,-1.0,53.6,57.0,71.6,59.0,71.6,63.0,71.6
10:12:09,48.0,78.8,61.0,73.4,55.0,71.6,62.0,71.6,54.0,75.2,56.0,71.6,59.0,71.6,63.0,71.6
10:12:37,48.0,78.8,61.0,73.4,55.0,71.6,62.0,71.6,53.0,75.2,57.0,71.6,59.0,71.6,62.0,71.6
10:13:12,48.0,78.8,61.0,73.4,55.0,71.6,62.0,71.6,54.0,75.2,56.0,71.6,59.0,71.6,62.0,71.6
10:13:29,48.0,78.8,61.0,73.4,55.0,71.6,62.0,71.6,54.0,75.2,56.0,71.6,59.0,71.6,62.0,71.6
10:13:51,48.0,78.8,61.0,73.4,55.0,71.6,58.0,71.6,54.0,75.2,56.0,71.6,59.0,71.6,63.0,71.6
10:14:11,48.0,78.8,61.0,73.4,55.0,71.6,62.0,71.6,54.0,75.2,56.0,71.6,59.0,71.6,62.0,71.6
10:14:26,48.0,78.8,61.0,73.4,55.0,71.6,62.0,71.6,53.0,75.2,56.0,71.6,59.0,71.6,63.0,71.6
10:14:53,48.0,78.8,61.0,73.4,54.0,71.6,58.0,71.6,53.0,75.2,56.0,71.6,59.0,71.6,62.0,71.6
10:15:05,48.0,78.8,61.0,73.4,54.0,71.6,61.0,71.6,54.0,75.2,56.0,71.6,59.0,71.6,62.0,71.6
10:15:23,48.0,78.8,61.0,73.4,54.0,71.6,58.0,71.6,54.0,75.2,56.0,71.6,59.0,71.6,62.0,71.6
10:15:48,48.0,78.8,61.0,73.4,55.0,71.6,58.0,71.6,54.0,77.0,56.0,71.6,59.0,71.6,62.0,71.6
10:16:33,48.0,78.8,61.0,73.4,55.0,71.6,57.0,71.6,54.0,75.2,56.0,71.6,59.0,71.6,62.0,71.6
10:16:53,49.0,78.8,60.0,73.4,55.0,71.6,62.0,71.6,53.0,75.2,57.0,71.6,59.0,71.6,62.0,71.6
10:17:30,49.0,78.8,60.0,73.4,55.0,71.6,58.0,71.6,53.0,75.2,56.0,71.6,58.0,71.6,62.0,71.6
10:17:55,48.0,77.0,61.0,73.4,55.0,71.6,62.0,71.6,53.0,77.0,56.0,71.6,58.0,71.6,62.0,71.6
10:18:17,48.0,77.0,61.0,73.4,55.0,71.6,61.0,71.6,54.0,75.2,56.0,71.6,58.0,71.6,62.0,71.6
10:18:30,48.0,77.0,61.0,73.4,54.0,71.6,61.0,71.6,54.0,75.2,56.0,71.6,58.0,71.6,62.0,71.6
10:19:10,49.0,78.8,61.0,73.4,54.0,71.6,58.0,71.6,54.0,77.0,56.0,71.6,59.0,71.6,62.0,71.6
10:19:42,48.0,78.8,61.0,73.4,54.0,71.6,61.0,71.6,53.0,77.0,56.0,71.6,58.0,71.6,62.0,71.6
10:20:22,48.0,78.8,60.0,73.4,54.0,71.6,62.0,71.6,53.0,75.2,56.0,71.6,59.0,71.6,62.0,71.6
10:21:12,48.0,78.8,60.0,73.4,54.0,71.6,58.0,71.6,54.0,77.0,56.0,71.6,59.0,71.6,62.0,71.6
10:21:27,47.0,77.0,61.0,73.4,54.0,71.6,61.0,71.6,53.0,77.0,56.0,71.6,58.0,71.6,62.0,71.6
10:21:49,48.0,77.0,61.0,73.4,54.0,71.6,58.0,71.6,53.0,75.2,56.0,71.6,58.0,71.6,62.0,71.6
10:22:17,49.0,78.8,61.0,73.4,-1.0,51.8,58.0,71.6,53.0,75.2,56.0,71.6,58.0,71.6,62.0,71.6
10:22:42,48.0,78.8,61.0,73.4,54.0,71.6,58.0,71.6,53.0,77.0,56.0,71.6,58.0,71.6,62.0,71.6
10:23:02,48.0,78.8,60.0,73.4,54.0,71.6,57.0,71.6,53.0,77.0,56.0,71.6,58.0,71.6,62.0,71.6
10:23:37,48.0,78.8,60.0,73.4,-1.0,51.8,61.0,71.6,53.0,77.0,55.0,71.6,58.0,71.6,62.0,71.6
10:23:54,47.0,77.0,61.0,73.4,53.0,71.6,61.0,71.6,53.0,77.0,56.0,71.6,58.0,71.6,62.0,71.6
10:24:11,48.0,78.8,60.0,73.4,53.0,71.6,60.0,71.6,53.0,77.0,56.0,71.6,58.0,71.6,62.0,71.6
10:24:31,48.0,78.8,60.0,73.4,53.0,71.6,61.0,71.6,53.0,77.0,56.0,71.6,58.0,71.6,61.0,71.6
10:24:58,48.0,78.8,60.0,73.4,54.0,71.6,61.0,71.6,53.0,77.0,56.0,71.6,59.0,71.6,61.0,71.6
10:25:26,48.0,78.8,60.0,73.4,53.0,71.6,57.0,71.6,52.0,75.2,56.0,71.6,58.0,71.6,61.0,71.6
10:25:51,48.0,78.8,60.0,73.4,54.0,71.6,61.0,71.6,52.0,77.0,55.0,71.6,58.0,71.6,61.0,71.6
10:26:08,48.0,78.8,60.0,73.4,54.0,71.6,57.0,71.6,53.0,77.0,55.0,71.6,58.0,71.6,61.0,71.6
10:26:38,48.0,78.8,60.0,73.4,54.0,71.6,57.0,71.6,53.0,77.0,55.0,71.6,58.0,71.6,62.0,71.6
10:26:53,48.0,78.8,60.0,73.4,53.0,71.6,60.0,71.6,53.0,75.2,55.0,71.6,58.0,71.6,62.0,71.6
10:27:18,48.0,78.8,60.0,73.4,53.0,71.6,57.0,71.6,53.0,77.0,55.0,71.6,58.0,71.6,62.0,71.6
10:27:32,47.0,77.0,61.0,73.4,53.0,71.6,60.0,71.6,53.0,75.2,55.0,71.6,58.0,71.6,62.0,71.6
10:27:50,47.0,77.0,61.0,73.4,53.0,71.6,60.0,71.6,53.0,77.0,55.0,71.6,58.0,71.6,62.0,71.6
10:28:04,47.0,77.0,61.0,73.4,53.0,71.6,60.0,71.6,52.0,77.0,56.0,71.6,58.0,71.6,61.0,71.6
10:28:17,47.0,77.0,60.0,73.4,53.0,71.6,57.0,71.6,52.0,77.0,55.0,71.6,58.0,71.6,62.0,71.6
10:28:57,48.0,78.8,60.0,73.4,54.0,71.6,61.0,71.6,52.0,77.0,56.0,71.6,58.0,71.6,62.0,71.6
10:29:27,48.0,78.8,60.0,73.4,54.0,71.6,61.0,71.6,52.0,77.0,55.0,71.6,58.0,71.6,62.0,71.6
10:30:07,48.0,78.8,60.0,73.4,54.0,71.6,57.0,71.6,52.0,77.0,55.0,71.6,58.0,71.6,61.0,71.6
10:30:19,48.0,78.8,60.0,73.4,54.0,71.6,61.0,71.6,53.0,77.0,55.0,71.6,58.0,71.6,62.0,71.6
10:30:46,48.0,78.8,60.0,73.4,53.0,71.6,61.0,71.6,52.0,77.0,55.0,71.6,58.0,71.6,61.0,71.6
10:31:19,48.0,78.8,-1.0,51.8,53.0,71.6,57.0,71.6,52.0,77.0,56.0,71.6,58.0,71.6,61.0,71.6
10:31:36,47.0,77.0,60.0,73.4,54.0,71.6,61.0,71.6,52.0,77.0,55.0,71.6,58.0,71.6,61.0,71.6
10:31:58,47.0,77.0,60.0,73.4,54.0,71.6,61.0,71.6,52.0,77.0,55.0,71.6,58.0,71.6,61.0,71.6
10:32:21,47.0,77.0,60.0,73.4,53.0,71.6,61.0,71.6,52.0,77.0,55.0,71.6,58.0,71.6,61.0,71.6
10:32:38,47.0,77.0,60.0,73.4,54.0,71.6,61.0,71.6,52.0,77.0,55.0,71.6,58.0,71.6,61.0,71.6
10:32:50,47.0,77.0,60.0,73.4,53.0,42.8,60.0,71.6,52.0,77.0,55.0,71.6,58.0,71.6,61.0,71.6
10:33:05,47.0,77.0,60.0,73.4,53.0,71.6,60.0,71.6,53.0,77.0,55.0,71.6,58.0,71.6,61.0,71.6
10:33:20,47.0,77.0,60.0,73.4,53.0,71.6,60.0,71.6,53.0,77.0,55.0,71.6,58.0,71.6,62.0,71.6
10:33:57,47.0,77.0,60.0,73.4,53.0,71.6,60.0,71.6,53.0,77.0,55.0,71.6,58.0,71.6,62.0,71.6
10:34:12,47.0,77.0,60.0,73.4,53.0,71.6,60.0,71.6,53.0,75.2,55.0,71.6,58.0,71.6,62.0,71.6
10:34:37,47.0,77.0,60.0,73.4,53.0,71.6,60.0,71.6,53.0,75.2,55.0,71.6,57.0,71.6,62.0,71.6
10:34:57,47.0,77.0,61.0,73.4,53.0,71.6,57.0,71.6,53.0,77.0,55.0,71.6,58.0,71.6,62.0,71.6
10:35:12,47.0,77.0,61.0,73.4,53.0,71.6,60.0,71.6,53.0,77.0,55.0,71.6,58.0,71.6,62.0,71.6
10:35:24,48.0,78.8,60.0,73.4,53.0,71.6,61.0,71.6,52.0,77.0,55.0,71.6,58.0,71.6,62.0,71.6
10:35:41,48.0,78.8,60.0,73.4,53.0,71.6,61.0,71.6,52.0,77.0,55.0,71.6,58.0,71.6,61.0,71.6
10:35:58,48.0,78.8,60.0,73.4,54.0,71.6,61.0,71.6,52.0,77.0,55.0,71.6,58.0,71.6,61.0,71.6
10:36:11,47.0,77.0,60.0,73.4,54.0,71.6,61.0,71.6,52.0,77.0,56.0,71.6,58.0,71.6,61.0,71.6
10:36:36,48.0,78.8,60.0,73.4,54.0,71.6,60.0,71.6,52.0,77.0,55.0,71.6,58.0,71.6,61.0,71.6
10:36:58,48.0,78.8,60.0,73.4,53.0,71.6,57.0,71.6,52.0,77.0,55.0,71.6,58.0,71.6,61.0,71.6
10:37:13,48.0,78.8,60.0,73.4,53.0,71.6,60.0,71.6,52.0,77.0,55.0,71.6,58.0,71.6,61.0,71.6
10:37:40,48.0,78.8,60.0,73.4,53.0,71.6,60.0,71.6,52.0,77.0,55.0,71.6,58.0,71.6,62.0,71.6
10:37:52,47.0,77.0,60.0,73.4,53.0,71.6,57.0,71.6,52.0,77.0,55.0,71.6,58.0,71.6,61.0,71.6
10:38:10,47.0,77.0,60.0,73.4,54.0,71.6,61.0,71.6,52.0,77.0,55.0,71.6,58.0,71.6,61.0,71.6
10:38:27,47.0,77.0,60.0,73.4,54.0,71.6,61.0,71.6,52.0,77.0,55.0,71.6,58.0,71.6,61.0,71.6
10:38:54,47.0,77.0,60.0,73.4,53.0,71.6,57.0,71.6,52.0,77.0,56.0,71.6,58.0,71.6,61.0,71.6
10:39:12,47.0,77.0,60.0,73.4,54.0,71.6,57.0,71.6,52.0,77.0,56.0,71.6,58.0,71.6,61.0,71.6
10:39:29,48.0,78.8,60.0,73.4,54.0,71.6,57.0,71.6,52.0,77.0,55.0,71.6,58.0,71.6,61.0,71.6
10:39:51,48.0,78.8,60.0,73.4,54.0,71.6,61.0,71.6,52.0,77.0,55.0,71.6,58.0,71.6,61.0,71.6
10:40:03,48.0,78.8,60.0,73.4,54.0,71.6,57.0,71.6,52.0,77.0,55.0,73.4,58.0,71.6,61.0,71.6
10:40:28,-1.0,55.4,60.0,73.4,53.0,71.6,57.0,71.6,52.0,77.0,55.0,71.6,58.0,71.6,61.0,71.6
10:40:53,48.0,78.8,60.0,73.4,54.0,71.6,61.0,71.6,52.0,77.0,55.0,73.4,58.0,71.6,61.0,71.6
10:41:26,47.0,78.8,60.0,73.4,54.0,71.6,61.0,71.6,52.0,77.0,55.0,73.4,58.0,71.6,61.0,71.6
10:41:38,48.0,78.8,60.0,73.4,54.0,71.6,61.0,71.6,52.0,77.0,55.0,71.6,58.0,71.6,62.0,71.6
10:42:08,48.0,78.8,60.0,73.4,54.0,71.6,60.0,71.6,53.0,77.0,55.0,73.4,58.0,71.6,62.0,71.6
10:42:22,47.0,77.0,-1.0,-1.0,53.0,71.6,57.0,71.6,53.0,77.0,55.0,71.6,57.0,71.6,61.0,71.6
10:43:17,47.0,77.0,60.0,73.4,53.0,71.6,60.0,71.6,53.0,77.0,55.0,71.6,58.0,71.6,61.0,71.6
10:43:40,47.0,77.0,60.0,73.4,53.0,71.6,57.0,71.6,53.0,77.0,55.0,71.6,58.0,71.6,61.0,71.6
10:44:04,47.0,77.0,60.0,73.4,53.0,71.6,60.0,71.6,53.0,77.0,55.0,71.6,58.0,71.6,61.0,71.6
10:44:19,47.0,77.0,61.0,73.4,53.0,71.6,57.0,71.6,53.0,77.0,55.0,71.6,58.0,71.6,61.0,71.6
10:44:31,47.0,77.0,61.0,73.4,53.0,71.6,60.0,71.6,53.0,77.0,55.0,71.6,58.0,71.6,61.0,71.6
10:44:51,47.0,77.0,61.0,73.4,53.0,71.6,60.0,71.6,53.0,77.0,55.0,71.6,58.0,71.6,61.0,71.6
10:45:14,47.0,77.0,61.0,73.4,53.0,71.6,60.0,71.6,53.0,77.0,55.0,71.6,58.0,71.6,61.0,71.6
10:45:33,48.0,78.8,61.0,73.4,53.0,71.6,57.0,71.6,53.0,77.0,55.0,71.6,58.0,71.6,61.0,71.6
10:45:58,48.0,78.8,61.0,73.4,53.0,71.6,61.0,71.6,53.0,77.0,55.0,71.6,58.0,71.6,61.0,71.6
10:46:11,48.0,78.8,60.0,73.4,54.0,71.6,61.0,71.6,53.0,77.0,55.0,71.6,59.0,71.6,61.0,71.6
10:46:30,48.0,78.8,60.0,73.4,54.0,71.6,57.0,71.6,52.0,77.0,55.0,71.6,59.0,71.6,61.0,71.6
10:47:10,48.0,78.8,60.0,73.4,54.0,71.6,57.0,71.6,53.0,77.0,55.0,73.4,59.0,71.6,61.0,71.6
10:47:28,47.0,78.8,60.0,73.4,54.0,71.6,61.0,71.6,53.0,77.0,56.0,73.4,59.0,71.6,61.0,71.6
10:47:55,47.0,78.8,60.0,73.4,54.0,71.6,57.0,71.6,53.0,77.0,55.0,73.4,59.0,71.6,61.0,71.6
10:48:10,47.0,78.8,60.0,73.4,54.0,71.6,61.0,71.6,53.0,77.0,55.0,73.4,59.0,71.6,61.0,71.6
10:48:25,47.0,78.8,60.0,73.4,54.0,71.6,61.0,71.6,53.0,77.0,55.0,73.4,59.0,71.6,62.0,71.6
10:48:42,47.0,78.8,60.0,73.4,54.0,71.6,61.0,71.6,53.0,77.0,55.0,73.4,59.0,71.6,62.0,71.6
10:49:07,47.0,78.8,60.0,73.4,54.0,71.6,57.0,71.6,52.0,77.0,55.0,73.4,59.0,71.6,62.0,71.6
10:49:27,47.0,78.8,60.0,73.4,54.0,71.6,61.0,71.6,53.0,77.0,55.0,73.4,59.0,71.6,62.0,71.6
10:49:44,46.0,78.8,60.0,73.4,54.0,71.6,61.0,71.6,53.0,77.0,56.0,73.4,59.0,71.6,62.0,71.6
10:50:06,46.0,78.8,60.0,73.4,54.0,71.6,58.0,71.6,52.0,77.0,55.0,73.4,59.0,71.6,62.0,71.6
10:50:34,46.0,78.8,60.0,73.4,54.0,71.6,61.0,71.6,52.0,77.0,55.0,73.4,59.0,71.6,61.0,71.6
10:50:59,-1.0,55.4,60.0,73.4,54.0,71.6,58.0,71.6,53.0,77.0,55.0,73.4,59.0,71.6,61.0,71.6
10:51:18,-1.0,55.4,60.0,73.4,54.0,71.6,58.0,71.6,53.0,77.0,55.0,73.4,59.0,71.6,61.0,71.6
10:51:38,45.0,80.6,60.0,73.4,54.0,71.6,61.0,71.6,53.0,77.0,56.0,73.4,59.0,71.6,61.0,71.6
10:51:53,45.0,80.6,60.0,73.4,54.0,71.6,58.0,71.6,53.0,77.0,56.0,73.4,59.0,71.6,61.0,71.6
10:52:08,45.0,80.6,60.0,73.4,54.0,71.6,61.0,71.6,53.0,77.0,55.0,73.4,-1.0,51.8,62.0,71.6
10:52:35,45.0,80.6,59.0,73.4,54.0,71.6,61.0,71.6,53.0,77.0,55.0,73.4,59.0,71.6,62.0,71.6
10:52:57,45.0,80.6,60.0,73.4,54.0,71.6,61.0,71.6,53.0,77.0,56.0,73.4,59.0,71.6,62.0,71.6
10:53:20,45.0,80.6,60.0,73.4,54.0,71.6,58.0,71.6,53.0,77.0,55.0,73.4,59.0,71.6,62.0,71.6
10:53:50,45.0,80.6,60.0,73.4,-1.0,51.8,58.0,71.6,53.0,77.0,55.0,73.4,59.0,71.6,62.0,71.6
10:54:27,45.0,80.6,59.0,73.4,54.0,71.6,58.0,71.6,53.0,77.0,55.0,73.4,59.0,71.6,62.0,71.6
10:54:45,45.0,80.6,59.0,75.2,54.0,71.6,61.0,71.6,53.0,77.0,55.0,73.4,59.0,71.6,62.0,71.6
10:55:02,45.0,80.6,59.0,75.2,54.0,71.6,61.0,71.6,53.0,77.0,55.0,73.4,59.0,71.6,-1.0,51.8
10:55:19,45.0,80.6,60.0,75.2,54.0,73.4,61.0,71.6,53.0,77.0,55.0,73.4,59.0,71.6,62.0,73.4
10:55:37,45.0,80.6,60.0,75.2,54.0,71.6,61.0,71.6,53.0,77.0,55.0,73.4,59.0,71.6,62.0,71.6
10:55:59,45.0,80.6,60.0,75.2,54.0,73.4,61.0,71.6,53.0,77.0,55.0,73.4,59.0,71.6,62.0,71.6
10:56:21,44.0,80.6,60.0,75.2,54.0,73.4,58.0,71.6,53.0,77.0,55.0,73.4,59.0,71.6,62.0,71.6
10:56:44,44.0,80.6,60.0,75.2,54.0,73.4,61.0,71.6,53.0,77.0,55.0,73.4,59.0,71.6,62.0,71.6
10:57:03,44.0,80.6,60.0,75.2,54.0,71.6,-1.0,51.8,53.0,77.0,55.0,73.4,59.0,71.6,62.0,71.6
10:57:18,44.0,80.6,60.0,75.2,54.0,73.4,61.0,71.6,53.0,77.0,55.0,73.4,59.0,71.6,62.0,73.4
10:57:43,44.0,80.6,61.0,75.2,54.0,73.4,61.0,71.6,53.0,77.0,55.0,73.4,59.0,71.6,62.0,71.6
10:58:10,44.0,80.6,61.0,75.2,54.0,73.4,58.0,71.6,53.0,77.0,55.0,73.4,59.0,71.6,62.0,73.4
10:58:23,44.0,80.6,60.0,75.2,54.0,73.4,61.0,71.6,53.0,77.0,55.0,73.4,59.0,71.6,62.0,73.4
10:58:40,43.0,80.6,60.0,75.2,54.0,73.4,61.0,71.6,53.0,77.0,55.0,73.4,59.0,71.6,62.0,73.4
10:59:00,43.0,80.6,60.0,75.2,54.0,73.4,61.0,71.6,53.0,77.0,55.0,73.4,59.0,71.6,61.0,73.4
10:59:22,43.0,80.6,60.0,75.2,54.0,73.4,58.0,71.6,53.0,77.0,55.0,73.4,59.0,71.6,62.0,73.4
10:59:37,43.0,80.6,60.0,75.2,54.0,73.4,58.0,71.6,54.0,77.0,55.0,73.4,59.0,71.6,62.0,71.6
10:59:54,43.0,80.6,60.0,75.2,54.0,73.4,58.0,71.6,53.0,77.0,55.0,73.4,-1.0,51.8,62.0,73.4
11:00:11,44.0,82.4,60.0,75.2,54.0,73.4,58.0,71.6,53.0,77.0,55.0,73.4,59.0,71.6,62.0,73.4
11:00:29,44.0,82.4,60.0,75.2,54.0,73.4,58.0,71.6,53.0,77.0,55.0,73.4,59.0,71.6,62.0,73.4
11:00:46,43.0,82.4,61.0,75.2,54.0,73.4,58.0,71.6,53.0,77.0,55.0,73.4,59.0,71.6,62.0,73.4
11:01:24,43.0,82.4,61.0,75.2,54.0,73.4,58.0,71.6,54.0,77.0,55.0,73.4,59.0,71.6,62.0,73.4
11:01:43,43.0,82.4,61.0,75.2,54.0,73.4,61.0,71.6,54.0,77.0,55.0,73.4,59.0,71.6,62.0,73.4
11:01:58,43.0,82.4,61.0,75.2,54.0,73.4,61.0,71.6,54.0,77.0,55.0,73.4,59.0,71.6,62.0,73.4
11:02:21,43.0,82.4,61.0,75.2,54.0,73.4,62.0,71.6,53.0,77.0,55.0,73.4,59.0,73.4,62.0,73.4
11:02:33,43.0,82.4,60.0,75.2,54.0,73.4,58.0,71.6,53.0,77.0,55.0,73.4,59.0,73.4,62.0,73.4
11:03:00,43.0,82.4,60.0,75.2,54.0,73.4,58.0,71.6,53.0,77.0,55.0,73.4,59.0,73.4,62.0,73.4
11:03:15,43.0,82.4,60.0,75.2,54.0,73.4,62.0,71.6,53.0,77.0,55.0,73.4,59.0,73.4,62.0,73.4
11:03:30,43.0,82.4,60.0,75.2,54.0,73.4,62.0,71.6,53.0,77.0,55.0,73.4,59.0,73.4,62.0,73.4
11:03:42,43.0,82.4,60.0,75.2,54.0,73.4,62.0,71.6,53.0,77.0,55.0,73.4,59.0,73.4,62.0,73.4
11:03:57,43.0,82.4,60.0,75.2,54.0,73.4,62.0,71.6,53.0,77.0,55.0,73.4,59.0,73.4,62.0,73.4
11:04:09,43.0,82.4,60.0,75.2,54.0,73.4,62.0,71.6,53.0,77.0,55.0,73.4,59.0,73.4,62.0,73.4
11:04:26,43.0,82.4,60.0,75.2,54.0,73.4,58.0,71.6,53.0,77.0,55.0,73.4,59.0,73.4,62.0,73.4
11:04:51,43.0,82.4,59.0,75.2,54.0,73.4,62.0,71.6,53.0,77.0,55.0,73.4,59.0,73.4,63.0,73.4
11:05:13,43.0,82.4,59.0,75.2,54.0,73.4,62.0,71.6,53.0,77.0,55.0,73.4,59.0,73.4,62.0,73.4
11:05:33,43.0,82.4,59.0,75.2,54.0,73.4,62.0,71.6,53.0,77.0,55.0,73.4,59.0,73.4,62.0,73.4
11:05:53,43.0,82.4,60.0,75.2,54.0,73.4,58.0,71.6,53.0,77.0,55.0,73.4,59.0,73.4,62.0,73.4
11:06:05,43.0,82.4,60.0,75.2,54.0,73.4,62.0,71.6,53.0,77.0,55.0,73.4,59.0,73.4,62.0,73.4
11:06:18,42.0,82.4,60.0,75.2,54.0,73.4,61.0,71.6,53.0,77.0,55.0,73.4,58.0,73.4,62.0,73.4
11:06:32,43.0,82.4,60.0,75.2,54.0,73.4,61.0,71.6,53.0,77.0,55.0,73.4,58.0,73.4,62.0,73.4
11:06:57,43.0,82.4,60.0,75.2,54.0,73.4,58.0,71.6,53.0,77.0,55.0,73.4,58.0,73.4,62.0,73.4
11:07:30,42.0,80.6,60.0,75.2,53.0,73.4,61.0,71.6,52.0,77.0,55.0,73.4,58.0,73.4,61.0,73.4
11:07:57,43.0,82.4,59.0,75.2,53.0,73.4,61.0,71.6,52.0,77.0,55.0,73.4,58.0,73.4,61.0,73.4
11:08:12,42.0,80.6,58.0,75.2,54.0,73.4,61.0,71.6,52.0,77.0,55.0,73.4,58.0,73.4,61.0,73.4
11:08:24,42.0,80.6,58.0,75.2,54.0,73.4,61.0,71.6,52.0,78.8,54.0,73.4,58.0,73.4,61.0,73.4
11:08:54,42.0,80.6,58.0,75.2,54.0,73.4,62.0,71.6,51.0,78.8,54.0,73.4,58.0,73.4,61.0,73.4
11:09:26,43.0,80.6,58.0,75.2,54.0,73.4,58.0,71.6,51.0,78.8,54.0,73.4,58.0,73.4,60.0,73.4
11:09:51,43.0,80.6,58.0,75.2,54.0,73.4,58.0,71.6,51.0,77.0,54.0,73.4,58.0,73.4,61.0,73.4
11:10:26,43.0,80.6,58.0,75.2,54.0,73.4,61.0,71.6,52.0,78.8,54.0,73.4,57.0,73.4,61.0,73.4
11:10:56,44.0,80.6,58.0,75.2,54.0,73.4,58.0,71.6,51.0,77.0,54.0,73.4,57.0,73.4,61.0,73.4
11:11:16,44.0,80.6,57.0,75.2,54.0,73.4,61.0,71.6,52.0,78.8,54.0,73.4,57.0,73.4,61.0,73.4
11:11:36,44.0,80.6,57.0,75.2,54.0,73.4,61.0,71.6,51.0,77.0,54.0,73.4,57.0,73.4,60.0,73.4
11:11:56,44.0,80.6,57.0,75.2,53.0,73.4,60.0,71.6,51.0,77.0,54.0,73.4,57.0,73.4,60.0,73.4
11:12:10,44.0,80.6,58.0,75.2,53.0,73.4,60.0,71.6,51.0,77.0,54.0,73.4,57.0,73.4,60.0,73.4
11:12:38,44.0,80.6,58.0,75.2,53.0,73.4,57.0,71.6,51.0,77.0,54.0,73.4,57.0,73.4,60.0,73.4
11:13:00,44.0,80.6,58.0,75.2,53.0,73.4,57.0,71.6,51.0,77.0,54.0,73.4,56.0,73.4,60.0,73.4
11:13:15,44.0,80.6,58.0,75.2,53.0,73.4,60.0,71.6,51.0,77.0,53.0,73.4,56.0,73.4,60.0,73.4
11:13:47,44.0,80.6,58.0,75.2,53.0,73.4,56.0,71.6,52.0,78.8,53.0,73.4,56.0,73.4,61.0,73.4
11:14:12,44.0,80.6,58.0,75.2,52.0,73.4,60.0,71.6,51.0,77.0,53.0,73.4,56.0,73.4,60.0,73.4
11:14:27,44.0,80.6,58.0,75.2,52.0,73.4,60.0,71.6,51.0,77.0,53.0,73.4,56.0,73.4,60.0,73.4
11:14:44,44.0,80.6,58.0,75.2,52.0,73.4,60.0,71.6,51.0,77.0,53.0,73.4,56.0,73.4,60.0,73.4
11:15:02,44.0,80.6,58.0,75.2,52.0,73.4,60.0,71.6,51.0,78.8,53.0,73.4,56.0,73.4,60.0,73.4
11:15:24,44.0,80.6,58.0,75.2,52.0,73.4,59.0,71.6,50.0,77.0,53.0,73.4,56.0,73.4,60.0,73.4
11:15:46,45.0,80.6,58.0,75.2,52.0,73.4,56.0,71.6,50.0,77.0,53.0,73.4,56.0,73.4,60.0,73.4
11:16:14,44.0,80.6,58.0,75.2,52.0,73.4,56.0,71.6,51.0,77.0,53.0,73.4,56.0,73.4,60.0,73.4
11:16:59,45.0,78.8,58.0,75.2,52.0,73.4,59.0,71.6,51.0,77.0,53.0,73.4,56.0,73.4,60.0,73.4
11:17:16,45.0,78.8,58.0,75.2,52.0,73.4,56.0,71.6,51.0,77.0,53.0,73.4,56.0,73.4,60.0,73.4
11:17:49,46.0,78.8,58.0,75.2,52.0,73.4,56.0,71.6,50.0,77.0,53.0,73.4,57.0,73.4,60.0,73.4
11:18:13,46.0,78.8,58.0,75.2,52.0,73.4,56.0,71.6,50.0,77.0,53.0,73.4,57.0,73.4,60.0,73.4
11:18:31,45.0,78.8,58.0,75.2,52.0,73.4,60.0,71.6,50.0,77.0,53.0,73.4,56.0,73.4,59.0,73.4
11:18:48,45.0,78.8,58.0,75.2,52.0,73.4,59.0,71.6,50.0,77.0,53.0,73.4,56.0,73.4,60.0,73.4
11:19:05,45.0,78.8,58.0,75.2,52.0,73.4,59.0,71.6,50.0,77.0,53.0,73.4,56.0,73.4,60.0,73.4
11:19:23,45.0,78.8,-1.0,53.6,52.0,73.4,59.0,71.6,51.0,77.0,53.0,73.4,56.0,73.4,59.0,73.4
11:19:42,45.0,78.8,58.0,75.2,52.0,73.4,59.0,71.6,51.0,77.0,53.0,73.4,56.0,73.4,59.0,73.4
11:19:57,45.0,78.8,58.0,75.2,52.0,73.4,59.0,71.6,50.0,77.0,53.0,73.4,-1.0,51.8,59.0,73.4
11:20:09,45.0,78.8,58.0,75.2,52.0,73.4,59.0,71.6,51.0,77.0,53.0,73.4,56.0,73.4,60.0,73.4
11:20:29,45.0,80.6,58.0,75.2,52.0,73.4,59.0,71.6,51.0,77.0,53.0,73.4,56.0,73.4,60.0,73.4
11:20:57,45.0,78.8,58.0,75.2,52.0,73.4,59.0,71.6,50.0,77.0,53.0,73.4,56.0,73.4,60.0,73.4
11:21:27,45.0,78.8,58.0,75.2,52.0,73.4,59.0,71.6,50.0,77.0,53.0,73.4,56.0,71.6,60.0,73.4
11:21:41,45.0,78.8,58.0,75.2,52.0,73.4,59.0,71.6,50.0,77.0,53.0,73.4,56.0,73.4,60.0,73.4
11:22:01,45.0,78.8,58.0,75.2,52.0,73.4,59.0,71.6,50.0,77.0,53.0,73.4,56.0,73.4,59.0,73.4
11:22:26,45.0,78.8,58.0,75.2,52.0,73.4,59.0,71.6,50.0,77.0,53.0,73.4,57.0,73.4,60.0,73.4
11:23:06,45.0,78.8,58.0,75.2,52.0,73.4,56.0,71.6,51.0,77.0,53.0,73.4,56.0,73.4,60.0,73.4
11:24:06,45.0,78.8,58.0,75.2,52.0,73.4,56.0,71.6,51.0,77.0,53.0,73.4,56.0,73.4,60.0,73.4
11:25:19,45.0,78.8,59.0,75.2,52.0,73.4,55.0,71.6,51.0,77.0,53.0,73.4,56.0,71.6,60.0,73.4
11:25:32,46.0,78.8,59.0,75.2,51.0,73.4,59.0,71.6,51.0,77.0,53.0,73.4,56.0,71.6,60.0,73.4
11:25:56,46.0,78.8,59.0,75.2,52.0,73.4,59.0,71.6,50.0,77.0,53.0,73.4,56.0,73.4,60.0,73.4
11:26:21,46.0,77.0,59.0,75.2,51.0,73.4,59.0,71.6,50.0,77.0,53.0,73.4,56.0,73.4,60.0,73.4
11:26:46,46.0,77.0,58.0,75.2,52.0,73.4,59.0,71.6,51.0,77.0,53.0,73.4,56.0,71.6,60.0,73.4
11:27:06,47.0,77.0,58.0,75.2,51.0,73.4,59.0,71.6,50.0,77.0,53.0,73.4,56.0,71.6,60.0,73.4
11:27:23,48.0,77.0,58.0,75.2,51.0,73.4,59.0,71.6,51.0,77.0,53.0,73.4,55.0,71.6,60.0,73.4
11:27:38,48.0,75.2,58.0,75.2,52.0,73.4,56.0,71.6,51.0,77.0,53.0,73.4,55.0,71.6,59.0,73.4
11:28:03,49.0,75.2,58.0,75.2,52.0,73.4,59.0,71.6,51.0,77.0,53.0,73.4,56.0,71.6,-1.0,51.8
11:28:25,50.0,75.2,58.0,75.2,52.0,73.4,58.0,71.6,50.0,77.0,53.0,73.4,55.0,71.6,60.0,73.4
11:29:03,51.0,75.2,58.0,75.2,51.0,73.4,55.0,71.6,51.0,77.0,53.0,73.4,55.0,71.6,60.0,73.4
11:29:35,52.0,73.4,58.0,75.2,51.0,73.4,58.0,71.6,51.0,77.0,53.0,73.4,55.0,71.6,-1.0,51.8
11:29:55,54.0,73.4,58.0,75.2,51.0,73.4,58.0,71.6,51.0,77.0,53.0,73.4,55.0,71.6,60.0,73.4
11:30:23,54.0,73.4,58.0,75.2,51.0,73.4,58.0,71.6,51.0,77.0,54.0,73.4,55.0,71.6,60.0,73.4
11:30:45,54.0,73.4,58.0,75.2,51.0,73.4,58.0,71.6,51.0,77.0,53.0,73.4,55.0,71.6,59.0,73.4
11:31:07,54.0,73.4,58.0,75.2,51.0,73.4,54.0,71.6,51.0,77.0,53.0,73.4,55.0,71.6,60.0,73.4
11:31:40,55.0,73.4,58.0,75.2,51.0,73.4,54.0,71.6,51.0,77.0,54.0,73.4,55.0,71.6,59.0,73.4
11:31:52,56.0,71.6,58.0,73.4,51.0,73.4,54.0,71.6,51.0,77.0,54.0,73.4,56.0,71.6,59.0,71.6
11:32:14,56.0,71.6,58.0,73.4,51.0,73.4,54.0,71.6,51.0,77.0,54.0,73.4,55.0,71.6,59.0,71.6
11:32:34,56.0,71.6,58.0,73.4,51.0,73.4,58.0,71.6,51.0,77.0,54.0,73.4,56.0,71.6,-1.0,51.8
11:32:59,56.0,71.6,58.0,73.4,51.0,73.4,58.0,71.6,51.0,77.0,53.0,73.4,56.0,71.6,59.0,73.4
11:33:16,56.0,71.6,58.0,73.4,51.0,71.6,58.0,71.6,52.0,77.0,54.0,73.4,56.0,71.6,59.0,71.6
11:33:34,56.0,71.6,58.0,73.4,51.0,71.6,58.0,71.6,51.0,77.0,54.0,73.4,-1.0,51.8,59.0,71.6
11:33:56,57.0,71.6,58.0,73.4,51.0,73.4,-1.0,51.8,52.0,77.0,54.0,71.6,56.0,71.6,59.0,71.6
11:34:13,57.0,71.6,58.0,73.4,51.0,71.6,57.0,71.6,52.0,77.0,54.0,71.6,-1.0,51.8,59.0,71.6
11:34:38,57.0,71.6,58.0,73.4,51.0,71.6,58.0,71.6,51.0,77.0,54.0,71.6,56.0,71.6,59.0,71.6
11:34:55,58.0,71.6,58.0,73.4,51.0,71.6,58.0,71.6,51.0,77.0,54.0,71.6,56.0,71.6,59.0,71.6
11:35:20,58.0,71.6,58.0,73.4,51.0,71.6,58.0,71.6,51.0,77.0,54.0,71.6,56.0,71.6,59.0,71.6
11:35:55,59.0,71.6,59.0,73.4,51.0,71.6,55.0,71.6,51.0,77.0,54.0,71.6,56.0,71.6,60.0,71.6
11:36:20,59.0,71.6,59.0,73.4,51.0,71.6,58.0,71.6,51.0,77.0,54.0,71.6,56.0,71.6,60.0,71.6
11:36:37,59.0,71.6,59.0,73.4,51.0,71.6,58.0,71.6,52.0,75.2,54.0,71.6,56.0,71.6,60.0,71.6
11:36:55,59.0,71.6,59.0,73.4,51.0,71.6,58.0,71.6,51.0,75.2,54.0,71.6,56.0,71.6,60.0,71.6
11:37:20,59.0,71.6,59.0,73.4,51.0,71.6,58.0,71.6,52.0,75.2,54.0,71.6,56.0,71.6,60.0,71.6
11:37:45,59.0,71.6,59.0,73.4,51.0,71.6,58.0,71.6,52.0,75.2,54.0,71.6,56.0,71.6,60.0,71.6
11:38:04,60.0,71.6,59.0,73.4,51.0,71.6,58.0,71.6,52.0,77.0,54.0,71.6,56.0,71.6,60.0,71.6
11:38:29,59.0,71.6,59.0,73.4,52.0,71.6,59.0,71.6,52.0,75.2,54.0,71.6,57.0,71.6,60.0,71.6
11:38:47,60.0,71.6,59.0,73.4,51.0,71.6,58.0,71.6,52.0,75.2,55.0,71.6,57.0,71.6,60.0,71.6
11:39:09,60.0,71.6,59.0,73.4,51.0,71.6,58.0,71.6,52.0,75.2,54.0,71.6,56.0,71.6,60.0,71.6
11:39:26,60.0,71.6,60.0,73.4,51.0,71.6,58.0,71.6,52.0,75.2,55.0,71.6,57.0,71.6,60.0,71.6
11:39:41,60.0,71.6,60.0,73.4,51.0,71.6,59.0,71.6,52.0,75.2,55.0,42.8,57.0,71.6,60.0,71.6
11:40:01,60.0,71.6,60.0,73.4,52.0,71.6,55.0,71.6,52.0,75.2,55.0,71.6,57.0,71.6,60.0,71.6
11:40:15,60.0,71.6,60.0,73.4,52.0,71.6,58.0,71.6,52.0,75.2,55.0,71.6,57.0,71.6,60.0,71.6
11:40:43,59.0,69.8,60.0,73.4,52.0,71.6,58.0,71.6,52.0,75.2,55.0,71.6,57.0,71.6,60.0,71.6
11:40:58,60.0,71.6,60.0,73.4,52.0,71.6,55.0,71.6,52.0,75.2,55.0,71.6,57.0,71.6,61.0,71.6
11:41:25,59.0,69.8,60.0,73.4,52.0,71.6,55.0,71.6,52.0,75.2,55.0,71.6,56.0,71.6,-1.0,51.8
11:41:45,60.0,71.6,60.0,73.4,52.0,71.6,58.0,71.6,52.0,75.2,55.0,71.6,57.0,71.6,61.0,71.6
11:42:02,60.0,71.6,60.0,73.4,52.0,71.6,58.0,71.6,52.0,75.2,55.0,71.6,57.0,71.6,61.0,71.6
11:42:19,59.0,69.8,60.0,73.4,52.0,71.6,55.0,71.6,52.0,75.2,55.0,71.6,57.0,71.6,61.0,71.6
11:42:37,60.0,71.6,60.0,73.4,52.0,71.6,58.0,71.6,53.0,75.2,55.0,71.6,57.0,71.6,61.0,71.6
11:43:04,59.0,69.8,60.0,73.4,52.0,71.6,58.0,71.6,53.0,75.2,55.0,71.6,57.0,71.6,61.0,71.6
11:43:26,60.0,71.6,60.0,73.4,52.0,71.6,59.0,71.6,53.0,75.2,55.0,71.6,57.0,71.6,61.0,71.6
11:43:46,60.0,69.8,60.0,73.4,52.0,71.6,55.0,71.6,53.0,75.2,55.0,71.6,57.0,71.6,-1.0,51.8
11:44:11,60.0,69.8,60.0,73.4,52.0,71.6,58.0,71.6,53.0,75.2,55.0,71.6,57.0,71.6,60.0,71.6
11:44:31,60.0,69.8,60.0,73.4,52.0,71.6,55.0,71.6,53.0,75.2,56.0,71.6,57.0,71.6,60.0,71.6
11:45:03,60.0,69.8,60.0,73.4,52.0,71.6,59.0,71.6,53.0,75.2,55.0,71.6,57.0,71.6,61.0,71.6
11:45:23,60.0,69.8,60.0,73.4,52.0,71.6,59.0,71.6,53.0,75.2,55.0,71.6,57.0,71.6,61.0,71.6
11:45:46,60.0,69.8,60.0,73.4,52.0,71.6,59.0,71.6,53.0,75.2,55.0,71.6,57.0,71.6,61.0,71.6
11:46:05,60.0,69.8,61.0,73.4,52.0,71.6,55.0,71.6,53.0,75.2,55.0,71.6,57.0,71.6,61.0,71.6
11:46:23,60.0,69.8,61.0,73.4,52.0,71.6,59.0,71.6,53.0,75.2,55.0,71.6,57.0,71.6,61.0,71.6
11:46:37,60.0,69.8,61.0,73.4,52.0,71.6,59.0,71.6,53.0,75.2,56.0,71.6,57.0,71.6,61.0,71.6
11:46:52,60.0,69.8,61.0,73.4,52.0,71.6,59.0,71.6,53.0,75.2,56.0,71.6,57.0,71.6,-1.0,51.8
11:47:12,60.0,69.8,60.0,73.4,52.0,71.6,59.0,71.6,53.0,75.2,56.0,71.6,57.0,71.6,61.0,71.6
11:47:32,60.0,69.8,61.0,73.4,52.0,71.6,59.0,71.6,53.0,75.2,55.0,71.6,57.0,71.6,61.0,71.6
11:47:52,61.0,69.8,60.0,73.4,52.0,71.6,59.0,71.6,53.0,75.2,55.0,71.6,57.0,71.6,61.0,71.6
11:48:27,61.0,69.8,61.0,73.4,52.0,71.6,55.0,71.6,53.0,75.2,55.0,71.6,57.0,71.6,61.0,71.6
11:48:41,61.0,69.8,61.0,73.4,52.0,71.6,58.0,69.8,53.0,75.2,56.0,71.6,57.0,71.6,61.0,71.6
11:48:59,61.0,69.8,61.0,73.4,52.0,71.6,58.0,69.8,53.0,75.2,56.0,71.6,57.0,71.6,61.0,71.6
11:49:26,60.0,69.8,61.0,73.4,52.0,71.6,58.0,69.8,53.0,75.2,56.0,71.6,57.0,71.6,61.0,71.6
11:49:56,61.0,69.8,61.0,73.4,52.0,71.6,54.0,69.8,53.0,75.2,56.0,71.6,57.0,71.6,61.0,71.6
11:50:16,61.0,69.8,61.0,73.4,52.0,71.6,59.0,71.6,53.0,75.2,56.0,71.6,58.0,71.6,61.0,71.6
11:50:41,61.0,69.8,61.0,73.4,52.0,71.6,55.0,71.6,53.0,75.2,56.0,71.6,57.0,71.6,61.0,71.6
11:50:53,61.0,69.8,61.0,73.4,52.0,71.6,58.0,69.8,53.0,75.2,56.0,71.6,56.0,69.8,61.0,71.6
11:51:13,61.0,69.8,61.0,73.4,52.0,71.6,58.0,69.8,53.0,75.2,56.0,71.6,58.0,71.6,61.0,71.6
11:51:38,61.0,69.8,61.0,73.4,52.0,71.6,56.0,71.6,53.0,75.2,56.0,71.6,58.0,71.6,61.0,71.6
11:52:00,61.0,69.8,61.0,73.4,53.0,71.6,55.0,69.8,53.0,75.2,56.0,71.6,57.0,69.8,61.0,71.6
11:52:22,61.0,69.8,61.0,73.4,53.0,71.6,56.0,71.6,53.0,75.2,56.0,71.6,58.0,71.6,61.0,71.6
11:52:40,61.0,69.8,61.0,71.6,53.0,71.6,55.0,69.8,53.0,75.2,56.0,71.6,58.0,71.6,61.0,71.6
11:53:15,61.0,69.8,61.0,73.4,53.0,71.6,55.0,69.8,53.0,75.2,56.0,71.6,57.0,69.8,61.0,71.6
11:53:27,61.0,69.8,61.0,73.4,53.0,71.6,58.0,69.8,53.0,75.2,56.0,71.6,58.0,71.6,61.0,71.6
11:53:42,61.0,69.8,61.0,71.6,53.0,71.6,55.0,69.8,53.0,75.2,56.0,71.6,57.0,69.8,61.0,71.6
11:54:09,62.0,69.8,61.0,71.6,53.0,71.6,55.0,69.8,53.0,75.2,56.0,71.6,57.0,69.8,61.0,71.6
11:54:29,62.0,69.8,61.0,71.6,53.0,71.6,58.0,69.8,53.0,75.2,56.0,71.6,57.0,69.8,61.0,71.6
11:54:46,62.0,69.8,61.0,73.4,53.0,71.6,58.0,69.8,53.0,75.2,56.0,71.6,57.0,69.8,61.0,71.6
11:55:16,62.0,69.8,61.0,73.4,53.0,71.6,58.0,69.8,53.0,75.2,56.0,71.6,57.0,69.8,61.0,71.6
11:55:34,62.0,69.8,61.0,73.4,53.0,71.6,58.0,69.8,53.0,75.2,57.0,71.6,57.0,69.8,61.0,71.6
11:55:53,62.0,69.8,61.0,73.4,53.0,71.6,58.0,69.8,53.0,75.2,56.0,71.6,57.0,69.8,60.0,69.8
11:56:26,62.0,69.8,61.0,73.4,53.0,71.6,59.0,69.8,53.0,75.2,56.0,71.6,57.0,69.8,60.0,69.8
11:56:58,62.0,69.8,61.0,73.4,53.0,71.6,55.0,69.8,53.0,75.2,56.0,71.6,57.0,69.8,61.0,71.6
11:57:18,62.0,69.8,61.0,71.6,53.0,71.6,58.0,69.8,53.0,75.2,56.0,71.6,57.0,69.8,60.0,69.8
11:57:30,62.0,69.8,61.0,73.4,53.0,71.6,58.0,69.8,53.0,75.2,57.0,71.6,57.0,69.8,61.0,71.6
11:57:50,62.0,69.8,61.0,73.4,53.0,71.6,59.0,69.8,53.0,75.2,56.0,71.6,57.0,69.8,60.0,69.8
11:58:07,62.0,69.8,61.0,71.6,53.0,71.6,58.0,69.8,53.0,75.2,56.0,71.6,57.0,69.8,61.0,71.6
11:58:27,62.0,69.8,61.0,71.6,53.0,71.6,59.0,69.8,53.0,75.2,56.0,71.6,57.0,69.8,60.0,69.8
11:58:39,62.0,69.8,61.0,71.6,53.0,71.6,59.0,69.8,53.0,75.2,57.0,71.6,57.0,69.8,60.0,69.8
11:59:12,62.0,69.8,61.0,73.4,53.0,71.6,55.0,69.8,53.0,75.2,57.0,71.6,57.0,69.8,60.0,69.8
11:59:32,62.0,69.8,61.0,71.6,53.0,71.6,55.0,69.8,53.0,75.2,57.0,71.6,57.0,69.8,60.0,69.8
11:59:52,62.0,69.8,61.0,71.6,53.0,71.6,55.0,69.8,53.0,75.2,57.0,71.6,57.0,69.8,60.0,69.8
12:00:21,62.0,69.8,61.0,71.6,53.0,71.6,59.0,69.8,53.0,75.2,57.0,71.6,57.0,69.8,60.0,69.8
12:00:34,62.0,69.8,61.0,71.6,53.0,71.6,55.0,69.8,53.0,75.2,57.0,71.6,58.0,69.8,60.0,69.8
12:00:51,62.0,69.8,61.0,73.4,53.0,71.6,55.0,69.8,53.0,75.2,56.0,69.8,58.0,69.8,60.0,69.8
12:01:18,62.0,69.8,61.0,71.6,52.0,69.8,59.0,69.8,53.0,75.2,57.0,71.6,57.0,69.8,60.0,69.8
12:01:36,62.0,69.8,61.0,73.4,53.0,71.6,59.0,69.8,54.0,75.2,56.0,69.8,57.0,69.8,60.0,69.8
12:02:01,62.0,69.8,61.0,71.6,53.0,71.6,55.0,69.8,54.0,75.2,57.0,71.6,57.0,69.8,60.0,69.8
12:02:56,62.0,69.8,61.0,71.6,53.0,71.6,55.0,69.8,54.0,75.2,57.0,71.6,58.0,69.8,60.0,69.8
12:03:31,62.0,69.8,62.0,71.6,53.0,71.6,55.0,69.8,54.0,75.2,57.0,71.6,58.0,69.8,60.0,69.8
12:03:48,62.0,69.8,62.0,71.6,52.0,69.8,59.0,69.8,53.0,75.2,56.0,69.8,58.0,69.8,60.0,69.8
12:04:03,62.0,69.8,62.0,71.6,52.0,69.8,59.0,69.8,54.0,75.2,56.0,69.8,58.0,69.8,60.0,69.8
12:04:20,62.0,69.8,62.0,71.6,53.0,71.6,59.0,69.8,54.0,75.2,57.0,71.6,58.0,69.8,60.0,69.8
12:04:32,62.0,69.8,61.0,71.6,53.0,69.8,59.0,69.8,54.0,75.2,57.0,71.6,58.0,69.8,60.0,69.8
12:04:50,62.0,69.8,61.0,71.6,52.0,69.8,59.0,69.8,54.0,75.2,57.0,71.6,58.0,69.8,61.0,69.8
12:05:04,62.0,69.8,61.0,71.6,52.0,69.8,55.0,69.8,54.0,75.2,56.0,69.8,58.0,69.8,61.0,69.8
12:05:24,62.0,69.8,61.0,71.6,53.0,71.6,59.0,69.8,54.0,75.2,57.0,71.6,58.0,69.8,61.0,71.6
12:06:04,62.0,69.8,62.0,71.6,52.0,69.8,59.0,69.8,54.0,75.2,56.0,69.8,58.0,69.8,61.0,71.6
12:06:24,62.0,69.8,62.0,71.6,52.0,69.8,59.0,69.8,54.0,75.2,56.0,69.8,58.0,69.8,60.0,69.8
12:06:39,62.0,69.8,61.0,71.6,54.0,71.6,59.0,69.8,54.0,75.2,56.0,69.8,58.0,69.8,60.0,69.8
12:06:51,62.0,69.8,61.0,71.6,53.0,71.6,59.0,69.8,54.0,75.2,56.0,69.8,58.0,69.8,60.0,69.8
12:07:08,62.0,69.8,61.0,71.6,52.0,69.8,59.0,69.8,54.0,75.2,56.0,69.8,58.0,69.8,60.0,69.8
12:07:26,62.0,69.8,61.0,71.6,53.0,69.8,59.0,69.8,54.0,75.2,56.0,69.8,58.0,69.8,61.0,69.8
12:07:45,62.0,69.8,61.0,71.6,53.0,69.8,59.0,69.8,54.0,75.2,57.0,71.6,58.0,69.8,61.0,69.8
12:08:10,61.0,69.8,61.0,71.6,53.0,69.8,56.0,69.8,54.0,75.2,56.0,69.8,58.0,69.8,60.0,69.8
12:08:50,61.0,69.8,61.0,71.6,53.0,69.8,56.0,69.8,54.0,73.4,56.0,69.8,58.0,69.8,61.0,69.8
12:09:08,61.0,69.8,62.0,71.6,53.0,69.8,56.0,69.8,54.0,75.2,57.0,71.6,58.0,69.8,61.0,69.8
12:09:43,61.0,69.8,62.0,71.6,53.0,69.8,56.0,69.8,54.0,75.2,56.0,69.8,58.0,69.8,61.0,69.8
12:10:03,61.0,69.8,61.0,71.6,54.0,71.6,59.0,69.8,54.0,73.4,57.0,71.6,58.0,69.8,61.0,69.8
12:10:20,61.0,69.8,62.0,71.6,53.0,69.8,59.0,69.8,54.0,75.2,57.0,71.6,58.0,69.8,61.0,69.8
12:10:32,61.0,69.8,62.0,71.6,54.0,71.6,59.0,69.8,54.0,73.4,56.0,69.8,58.0,69.8,61.0,69.8
12:10:52,61.0,69.8,62.0,71.6,53.0,69.8,59.0,69.8,54.0,75.2,57.0,71.6,58.0,69.8,61.0,69.8
12:11:14,61.0,69.8,62.0,71.6,53.0,69.8,59.0,69.8,54.0,75.2,56.0,69.8,58.0,69.8,61.0,69.8
12:11:32,61.0,69.8,61.0,71.6,53.0,69.8,59.0,69.8,54.0,75.2,56.0,69.8,58.0,69.8,61.0,69.8
12:11:49,60.0,69.8,62.0,71.6,53.0,69.8,59.0,69.8,54.0,75.2,57.0,71.6,58.0,69.8,61.0,69.8
12:12:16,60.0,69.8,62.0,71.6,53.0,69.8,56.0,69.8,54.0,75.2,56.0,69.8,58.0,69.8,61.0,69.8
12:13:04,60.0,69.8,62.0,71.6,54.0,71.6,56.0,69.8,54.0,75.2,56.0,69.8,58.0,69.8,61.0,69.8
12:13:29,60.0,69.8,61.0,71.6,53.0,69.8,56.0,69.8,54.0,75.2,57.0,69.8,58.0,69.8,61.0,69.8
12:13:51,60.0,69.8,62.0,71.6,53.0,69.8,59.0,69.8,54.0,75.2,57.0,69.8,58.0,69.8,61.0,69.8
12:14:13,60.0,69.8,62.0,71.6,54.0,71.6,56.0,69.8,54.0,75.2,56.0,69.8,58.0,69.8,61.0,69.8
12:14:36,60.0,69.8,62.0,71.6,54.0,71.6,56.0,69.8,54.0,73.4,56.0,69.8,58.0,69.8,61.0,69.8
12:15:01,60.0,69.8,62.0,71.6,53.0,69.8,56.0,69.8,54.0,75.2,57.0,69.8,58.0,69.8,61.0,69.8
12:15:36,60.0,69.8,62.0,71.6,53.0,69.8,56.0,69.8,54.0,75.2,57.0,69.8,58.0,69.8,61.0,69.8
12:15:55,61.0,71.6,62.0,71.6,53.0,69.8,56.0,69.8,54.0,75.2,57.0,69.8,58.0,69.8,61.0,69.8
12:16:36,61.0,71.6,62.0,71.6,54.0,71.6,60.0,69.8,55.0,73.4,57.0,69.8,58.0,69.8,61.0,69.8
12:17:00,60.0,71.6,62.0,71.6,53.0,69.8,56.0,69.8,55.0,75.2,57.0,69.8,58.0,69.8,61.0,69.8
12:17:18,61.0,71.6,62.0,71.6,53.0,69.8,60.0,69.8,55.0,75.2,58.0,71.6,58.0,69.8,61.0,69.8
12:17:35,61.0,71.6,62.0,71.6,53.0,69.8,60.0,69.8,55.0,75.2,58.0,71.6,58.0,69.8,61.0,69.8
12:18:15,61.0,71.6,62.0,71.6,53.0,69.8,60.0,69.8,55.0,75.2,57.0,69.8,58.0,69.8,62.0,69.8
12:18:37,61.0,71.6,62.0,73.4,54.0,71.6,60.0,69.8,55.0,75.2,57.0,69.8,58.0,69.8,62.0,69.8
12:18:55,61.0,71.6,62.0,73.4,54.0,71.6,60.0,69.8,55.0,75.2,57.0,69.8,59.0,69.8,61.0,69.8
12:19:12,61.0,71.6,62.0,73.4,54.0,71.6,60.0,69.8,55.0,75.2,57.0,69.8,58.0,69.8,62.0,69.8
12:19:42,60.0,71.6,62.0,73.4,53.0,69.8,57.0,69.8,55.0,75.2,57.0,69.8,58.0,69.8,61.0,69.8
12:20:04,60.0,71.6,62.0,73.4,53.0,69.8,60.0,69.8,55.0,75.2,58.0,71.6,58.0,69.8,62.0,69.8
12:20:29,60.0,71.6,62.0,71.6,54.0,71.6,57.0,69.8,55.0,75.2,58.0,71.6,59.0,69.8,62.0,69.8
12:20:49,60.0,71.6,62.0,71.6,55.0,71.6,57.0,69.8,-1.0,53.6,57.0,69.8,59.0,69.8,61.0,69.8
12:21:06,60.0,71.6,63.0,71.6,53.0,69.8,60.0,69.8,55.0,75.2,58.0,71.6,59.0,69.8,62.0,69.8
12:21:18,60.0,71.6,62.0,71.6,55.0,71.6,60.0,69.8,55.0,75.2,58.0,71.6,59.0,69.8,62.0,69.8
12:21:38,60.0,71.6,63.0,73.4,54.0,71.6,57.0,69.8,55.0,75.2,58.0,71.6,59.0,69.8,62.0,69.8
12:21:51,60.0,71.6,63.0,73.4,54.0,71.6,60.0,69.8,55.0,75.2,58.0,71.6,59.0,69.8,62.0,69.8
12:22:03,60.0,71.6,63.0,73.4,55.0,71.6,60.0,69.8,55.0,75.2,58.0,71.6,59.0,69.8,62.0,69.8
12:22:18,60.0,71.6,63.0,73.4,55.0,71.6,57.0,69.8,55.0,75.2,58.0,71.6,59.0,69.8,62.0,69.8
12:22:42,60.0,71.6,63.0,73.4,55.0,71.6,60.0,69.8,55.0,75.2,58.0,71.6,59.0,69.8,62.0,69.8
12:23:07,60.0,71.6,63.0,73.4,55.0,71.6,57.0,69.8,55.0,75.2,58.0,71.6,60.0,71.6,62.0,69.8
12:23:35,59.0,71.6,63.0,73.4,55.0,71.6,60.0,69.8,55.0,75.2,-1.0,51.8,59.0,69.8,62.0,69.8
12:23:55,59.0,71.6,63.0,73.4,55.0,71.6,57.0,69.8,55.0,75.2,58.0,71.6,60.0,71.6,62.0,69.8
12:24:27,59.0,71.6,63.0,73.4,55.0,71.6,60.0,69.8,55.0,75.2,58.0,71.6,59.0,69.8,63.0,71.6
12:24:42,59.0,71.6,63.0,73.4,55.0,71.6,60.0,69.8,55.0,75.2,58.0,71.6,59.0,69.8,62.0,69.8
12:25:07,59.0,71.6,63.0,73.4,55.0,71.6,-1.0,50.0,55.0,75.2,58.0,71.6,59.0,69.8,63.0,71.6
12:25:21,59.0,71.6,63.0,73.4,55.0,71.6,57.0,69.8,55.0,75.2,58.0,71.6,59.0,69.8,62.0,69.8
12:25:39,59.0,71.6,63.0,73.4,55.0,71.6,60.0,69.8,55.0,75.2,-1.0,51.8,59.0,69.8,62.0,69.8
12:26:04,58.0,71.6,63.0,73.4,55.0,71.6,57.0,69.8,55.0,75.2,58.0,71.6,59.0,69.8,63.0,71.6
12:26:21,58.0,71.6,63.0,73.4,55.0,71.6,60.0,69.8,55.0,75.2,58.0,71.6,59.0,69.8,63.0,71.6
12:27:03,58.0,71.6,63.0,73.4,55.0,71.6,57.0,69.8,55.0,75.2,58.0,71.6,59.0,69.8,63.0,71.6
12:27:21,58.0,73.4,63.0,73.4,55.0,71.6,60.0,69.8,55.0,75.2,58.0,71.6,60.0,71.6,63.0,71.6
12:27:38,58.0,73.4,63.0,73.4,55.0,71.6,60.0,69.8,55.0,75.2,59.0,71.6,60.0,71.6,63.0,71.6
12:27:58,58.0,73.4,63.0,73.4,55.0,71.6,58.0,71.6,55.0,75.2,59.0,71.6,60.0,71.6,63.0,71.6
12:28:28,58.0,73.4,63.0,73.4,-1.0,51.8,60.0,69.8,55.0,75.2,59.0,71.6,60.0,71.6,63.0,71.6
12:28:40,58.0,73.4,63.0,73.4,55.0,71.6,60.0,69.8,55.0,75.2,59.0,71.6,60.0,71.6,63.0,71.6
12:29:00,58.0,73.4,63.0,73.4,55.0,71.6,61.0,69.8,55.0,75.2,59.0,71.6,60.0,71.6,63.0,71.6
12:29:30,58.0,73.4,63.0,73.4,55.0,71.6,61.0,69.8,55.0,75.2,59.0,71.6,60.0,71.6,63.0,71.6
12:29:45,57.0,73.4,63.0,73.4,55.0,71.6,58.0,71.6,55.0,75.2,59.0,71.6,60.0,71.6,63.0,71.6
12:30:17