0,1,2,3,4,5,6,7,8,9,10,11,12,13,14,15,16,17,18,19,20,21,22,23,24,25,26,27,28,29,30,31,32,33,34,35
17:54:41,52.0,70.7,53.6,70.3,52.8,70.7,52.8,70.5,54.1,70.7,54.2,70.3,53.0,70.3,52.9,70.9,0,0,0,0,0,0,0,0,0,0,0,0,0,0,0,0,0,0,0
17:54:43,51.9,70.9,53.6,70.3,52.7,70.7,52.7,70.5,54.1,70.7,54.2,70.3,53.1,70.3,52.9,71.1,0,0,0,0,0,0,0,0,0,0,0,0,0,0,0,0,0,0,0
17:54:43,51.9,70.9,53.6,70.3,52.7,70.7,52.7,70.5,54.1,70.7,54.2,70.3,53.1,70.3,52.9,71.1,0,0,0,0,0,0,0,0,0,0,0,0,0,0,0,0,0,0,0
17:54:43,51.9,70.9,53.6,70.3,52.7,70.7,52.7,70.5,54.1,70.7,54.2,70.3,53.1,70.3,52.9,71.1,0,0,0,0,0,0,0,0,0,0,0,0,0,0,0,0,0,0,0
17:54:43,51.9,70.9,53.6,70.3,52.7,70.7,52.7,70.5,54.1,70.7,54.2,70.3,53.1,70.3,52.9,71.1,1,0,0,1,1,0,0,0,0,0,0,0,0,0,0,0,0,0,0
17:54:48,51.9,70.9,53.6,70.3,52.7,70.7,52.7,70.5,54.1,70.7,54.2,70.3,53.1,70.3,52.9,71.1,1,0,0,1,0,0,0,0,0,0,0,0,0,0,0,0,0,0,0
17:55:11,51.9,70.9,53.6,70.3,52.7,70.7,52.7,70.5,54.1,70.7,54.2,70.3,53.1,70.3,52.9,71.1,1,0,0,1,1,0,0,0,0,0,0,0,0,0,0,0,0,0,0
17:55:33,51.5,71.4,53.9,70.3,52.7,70.5,52.8,70.5,54.3,70.7,54.2,70.3,53.1,70.3,53.0,71.1,1,0,0,1,1,0,0,0,0,0,0,0,0,0,0,0,0,0,0
17:55:38,51.5,71.4,54.0,70.3,52.9,70.7,53.0,70.5,54.3,70.7,54.1,70.5,53.2,70.3,53.0,71.1,1,0,0,1,1,0,0,0,0,0,0,0,0,0,0,0,0,0,0
17:55:43,51.5,71.4,54.0,70.3,52.9,70.7,53.0,70.5,54.3,70.7,54.1,70.5,53.2,70.3,53.0,71.1,1,0,0,1,0,0,0,0,0,0,0,0,0,0,0,0,0,0,0
17:56:01,51.5,71.4,54.0,70.3,52.9,70.7,53.0,70.5,54.3,70.7,54.1,70.5,53.2,70.3,53.0,71.1,1,0,0,1,1,0,0,0,0,0,0,0,0,0,0,0,0,0,0
17:56:18,51.4,71.6,54.3,70.5,52.9,70.7,53.1,70.5,54.4,70.7,54.1,70.5,53.2,70.5,53.2,71.1,1,0,0,1,1,0,0,0,0,0,0,0,0,0,0,0,0,0,0
17:56:23,51.3,71.8,54.4,70.5,53.1,70.7,53.4,70.5,54.4,70.7,54.1,70.5,53.2,70.5,53.2,71.1,1,0,0,1,1,0,0,0,0,0,0,0,0,0,0,0,0,0,0
17:56:28,51.3,71.8,54.4,70.5,53.1,70.7,53.4,70.5,54.4,70.7,54.1,70.5,53.2,70.5,53.2,71.1,1,0,0,1,0,0,0,0,0,0,0,0,0,0,0,0,0,0,0
17:56:38,51.3,71.8,54.4,70.5,53.1,70.7,53.4,70.5,54.4,70.7,54.1,70.5,53.2,70.5,53.2,71.1,1,0,0,1,0,0,0,1,0,0,0,0,0,0,0,0,0,0,0
17:56:43,51.3,71.8,54.4,70.5,53.1,70.7,53.4,70.5,54.4,70.7,54.1,70.5,53.2,70.5,53.2,71.1,1,0,0,1,0,0,0,0,0,0,0,0,0,0,0,0,0,0,0
17:56:45,51.3,71.8,54.4,70.5,53.1,70.7,53.4,70.5,54.4,70.7,54.1,70.5,53.2,70.5,53.2,71.1,1,0,0,1,0,0,0,0,0,0,0,0,0,0,0,0,0,0,0
17:57:05,51.0,72.3,54.4,70.5,53.1,70.7,53.6,70.5,54.5,70.7,54.1,70.5,53.2,70.5,53.3,71.1,1,0,0,1,0,0,0,0,0,0,0,0,0,0,0,0,0,0,0
17:57:08,51.0,72.3,54.7,70.5,53.2,70.9,53.6,70.5,54.6,70.9,54.1,70.7,53.2,70.7,53.3,70.9,1,0,0,1,0,0,0,0,0,0,0,0,0,0,0,0,0,0,0
17:57:33,51.0,72.3,54.7,70.5,53.2,70.9,53.6,70.5,54.6,70.9,54.1,70.7,53.2,70.7,53.3,70.9,1,0,0,1,0,0,1,0,0,0,0,0,0,0,0,0,0,0,0
17:57:35,51.0,72.3,54.7,70.5,53.2,70.9,53.6,70.5,54.6,70.9,54.1,70.7,53.2,70.7,53.3,70.9,1,0,0,1,0,0,0,0,0,0,0,0,0,0,0,0,0,0,0
17:57:38,51.0,72.5,54.9,70.7,53.3,70.7,53.9,70.5,54.6,70.9,54.1,70.7,53.2,70.9,53.4,71.1,1,0,0,1,0,0,0,0,0,0,0,0,0,0,0,0,0,0,0
17:58:05,51.0,72.5,54.9,70.7,53.3,70.7,53.9,70.5,54.6,70.9,54.1,70.7,53.2,70.9,53.4,71.1,1,0,0,1,0,0,1,0,0,0,0,0,0,0,0,0,0,0,0
17:58:22,50.8,72.9,55.1,70.7,53.3,70.9,54.1,70.5,54.7,70.9,54.1,70.7,53.3,70.9,53.4,71.1,1,0,0,1,0,0,1,0,0,0,0,0,0,0,0,0,0,0,0
17:58:48,50.9,73.0,55.5,70.9,53.4,70.9,54.1,70.5,54.7,70.9,54.2,70.9,53.3,71.1,53.7,71.1,1,0,0,1,0,0,1,0,0,0,0,0,0,0,0,0,0,0,0
17:58:50,50.9,73.0,55.5,70.9,53.4,70.9,54.1,70.5,54.7,70.9,54.2,70.9,53.3,71.1,53.7,71.1,1,0,0,1,0,0,0,0,0,0,0,0,0,0,0,0,0,0,0
17:58:53,50.9,73.0,55.5,70.9,53.7,70.9,54.3,70.5,54.8,71.1,54.3,71.1,53.3,71.1,53.7,71.1,1,0,0,1,0,0,0,0,0,0,0,0,0,0,0,0,0,0,0
17:59:15,50.9,73.0,55.5,70.9,53.7,70.9,54.3,70.5,54.8,71.1,54.3,71.1,53.3,71.1,53.7,71.1,1,0,0,1,0,0,0,0,0,0,0,0,0,0,0,0,0,0,0
17:59:23,50.8,73.2,55.6,70.9,53.7,70.9,54.6,70.5,54.9,71.1,54.2,71.2,53.4,71.2,53.8,71.1,1,0,0,1,0,0,0,0,0,0,0,0,0,0,0,0,0,0,0
17:59:44,50.8,73.2,55.6,70.9,53.7,70.9,54.6,70.5,54.9,71.1,54.2,71.2,53.4,71.2,53.8,71.1,1,0,0,1,0,0,0,1,0,0,0,0,0,0,0,0,0,0,0
17:59:53,50.8,73.4,55.8,70.9,53.8,70.9,54.7,70.7,54.9,71.1,54.2,71.2,53.4,71.2,53.9,71.1,1,0,0,1,0,0,0,1,0,0,0,0,0,0,0,0,0,0,0
18:00:07,50.8,73.4,55.8,70.9,53.8,70.9,54.7,70.7,54.9,71.1,54.2,71.2,53.4,71.2,53.9,71.1,1,0,0,1,1,0,0,1,0,0,0,0,0,0,0,0,0,0,0
18:00:13,50.7,73.6,56.0,70.9,53.9,70.9,54.7,70.7,54.9,71.1,54.2,71.2,53.4,71.2,54.2,71.1,1,0,0,1,1,0,0,1,0,0,0,0,0,0,0,0,0,0,0
18:00:37,50.7,73.6,56.0,70.9,53.9,70.9,54.7,70.7,54.9,71.1,54.2,71.2,53.4,71.2,54.2,71.1,1,0,0,1,1,0,0,1,0,0,0,0,0,0,0,0,0,0,0
18:00:57,50.7,73.8,56.1,71.1,54.2,71.1,54.9,70.7,55.1,71.1,54.2,71.4,53.4,71.4,54.2,71.1,1,0,0,1,1,0,0,1,0,0,0,0,0,0,0,0,0,0,0
18:01:03,50.6,73.9,56.1,71.1,54.2,71.1,55.0,70.7,55.0,71.1,54.2,71.4,53.4,71.4,54.3,71.1,1,0,0,1,1,0,0,1,0,0,0,0,0,0,0,0,0,0,0
18:01:14,50.6,73.9,56.1,71.1,54.2,71.1,55.0,70.7,55.0,71.1,54.2,71.4,53.4,71.4,54.3,71.1,1,0,0,1,0,0,0,1,0,0,0,0,0,0,0,0,0,0,0
18:01:29,50.6,73.9,56.2,71.1,54.2,70.9,55.2,70.7,55.1,71.1,54.2,71.5,53.4,71.6,54.3,71.1,1,0,0,1,0,0,0,1,0,0,0,0,0,0,0,0,0,0,0
18:01:53,50.6,74.1,56.3,71.2,54.3,71.1,55.2,70.7,55.1,71.1,54.3,71.6,53.4,71.6,54.5,71.1,1,0,0,1,0,0,0,1,0,0,0,0,0,0,0,0,0,0,0
18:01:58,50.4,74.3,56.4,71.2,54.4,71.1,55.4,70.9,55.1,71.2,54.3,71.7,53.4,71.6,54.6,71.2,1,0,0,1,0,0,0,0,0,0,0,0,0,0,0,0,0,0,0
18:02:11,50.4,74.3,56.4,71.2,54.4,71.1,55.4,70.9,55.1,71.2,54.3,71.7,53.4,71.6,54.6,71.2,1,0,0,1,0,0,0,0,0,1,0,0,0,0,0,0,0,0,0
18:02:18,50.4,74.3,56.3,71.2,54.5,71.1,55.3,70.7,55.2,71.2,54.3,71.8,53.4,71.8,54.7,71.2,1,0,0,1,0,0,0,0,0,1,0,0,0,0,0,0,0,0,0
18:02:23,50.4,74.3,56.3,71.2,54.5,71.1,55.3,70.7,55.2,71.2,54.3,71.8,53.4,71.8,54.7,71.2,1,0,0,1,0,0,0,0,0,0,0,0,0,0,0,0,0,0,0
18:02:28,50.4,74.3,56.3,71.2,54.5,71.1,55.3,70.7,55.2,71.2,54.3,71.8,53.4,71.8,54.7,71.2,1,0,0,1,0,0,0,0,0,0,0,0,0,0,0,0,0,0,0
18:02:33,50.5,74.5,56.2,71.6,54.5,71.1,55.6,70.9,55.2,71.2,54.3,71.6,53.4,71.8,54.8,71.2,1,0,0,1,0,0,0,0,0,0,0,0,0,0,0,0,0,0,0
18:02:38,50.5,74.5,56.2,71.6,54.5,71.1,55.6,70.9,55.2,71.2,54.3,71.6,53.4,71.8,54.8,71.2,1,1,0,0,0,0,0,0,0,0,0,0,0,0,0,0,0,0,0
18:02:48,50.5,74.5,56.2,71.6,54.5,71.1,55.6,70.9,55.2,71.2,54.3,71.6,53.4,71.8,54.8,71.2,1,0,0,1,0,0,0,0,0,0,0,0,0,0,0,0,0,0,0
18:03:08,50.5,74.5,56.2,71.4,54.7,71.1,55.6,70.7,55.3,71.2,54.3,72.0,53.5,72.0,55.0,71.2,1,0,0,1,0,0,0,0,0,0,0,0,0,0,0,0,0,0,0
18:03:18,50.5,74.5,56.2,71.4,54.7,71.1,55.6,70.7,55.3,71.2,54.3,72.0,53.5,72.0,55.0,71.2,1,1,0,0,0,0,0,0,0,0,0,0,0,0,0,0,0,0,0
18:03:38,50.5,74.7,56.1,71.6,54.7,71.1,55.7,70.9,55.4,71.2,54.2,72.1,53.5,72.0,55.0,71.2,1,1,0,0,0,0,0,0,0,0,0,0,0,0,0,0,0,0,0
18:03:53,50.5,74.7,56.1,71.6,54.7,71.1,55.7,70.9,55.4,71.2,54.2,72.1,53.5,72.0,55.1,71.2,1,0,0,1,0,0,0,0,0,0,0,0,0,0,0,0,0,0,0
18:04:08,50.5,74.8,56.1,71.6,54.8,71.1,55.8,70.9,55.4,71.4,54.2,72.0,53.5,72.0,55.1,71.2,1,0,0,1,0,0,0,0,0,0,0,0,0,0,0,0,0,0,0
18:04:15,50.5,74.8,56.1,71.6,54.8,71.1,55.8,70.9,55.4,71.4,54.2,72.0,53.5,72.0,55.1,71.2,1,1,0,0,0,0,0,0,0,0,0,0,0,0,0,0,0,0,0
18:04:27,50.3,75.0,56.1,71.6,55.0,71.2,55.9,70.9,55.4,71.4,54.2,72.1,53.5,72.1,55.1,71.2,1,1,0,0,0,0,0,0,0,0,0,0,0,0,0,0,0,0,0
18:04:38,50.3,75.2,56.0,71.6,55.0,71.1,56.0,70.9,55.5,71.4,54.2,72.1,53.5,72.1,55.2,71.2,1,1,0,0,0,0,0,0,0,0,0,0,0,0,0,0,0,0,0
18:04:52,50.3,75.2,56.0,71.6,55.0,71.1,56.0,70.9,55.5,71.4,54.2,72.1,53.5,72.1,55.2,71.2,1,0,0,1,0,0,0,0,0,0,0,0,0,0,0,0,0,0,0
18:05:08,50.3,75.2,56.2,71.6,55.1,71.2,56.1,70.9,55.6,71.6,54.2,72.3,53.5,72.3,55.2,71.2,1,0,0,1,0,0,0,0,0,0,0,0,0,0,0,0,0,0,0
18:05:09,50.3,75.2,56.2,71.6,55.1,71.2,56.1,70.9,55.6,71.6,54.2,72.3,53.5,72.3,55.2,71.2,1,1,0,0,0,0,0,0,0,0,0,0,0,0,0,0,0,0,0
18:05:29,50.2,75.2,56.1,71.6,55.2,71.2,56.2,71.1,55.6,71.6,54.2,72.3,53.4,72.3,55.3,71.4,1,1,0,0,0,0,0,0,0,0,0,0,0,0,0,0,0,0,0
18:05:38,50.2,75.2,56.1,71.8,55.3,71.2,56.3,71.1,55.7,71.6,54.2,72.3,53.5,72.5,55.3,71.4,1,1,0,0,0,0,0,0,0,0,0,0,0,0,0,0,0,0,0
18:05:41,50.2,75.2,56.1,71.8,55.3,71.2,56.3,71.1,55.7,71.6,54.2,72.3,53.5,72.5,55.3,71.4,1,0,0,1,0,0,0,0,0,0,0,0,0,0,0,0,0,0,0
18:06:09,50.2,75.2,56.1,71.8,55.3,71.2,56.3,71.1,55.7,71.6,54.2,72.3,53.5,72.3,55.5,71.4,1,0,0,1,0,0,0,0,0,0,0,0,0,0,0,0,0,0,0
18:06:19,50.2,75.2,56.1,71.8,55.3,71.2,56.3,71.1,55.7,71.6,54.2,72.3,53.5,72.3,55.5,71.4,1,1,0,0,0,0,0,0,0,0,0,0,0,0,0,0,0,0,0
18:06:31,50.1,75.2,56.1,71.8,55.4,71.4,56.5,71.1,55.7,71.6,54.2,72.5,53.5,72.5,55.5,71.4,1,1,0,0,0,0,0,0,0,0,0,0,0,0,0,0,0,0,0
18:06:39,50.2,75.4,56.2,72.0,55.4,71.2,56.5,71.1,55.7,71.7,54.2,72.5,53.5,72.5,55.5,71.4,1,1,0,0,0,0,0,0,0,0,0,0,0,0,0,0,0,0,0
18:06:53,50.2,75.4,56.2,72.0,55.4,71.2,56.5,71.1,55.8,71.7,54.2,72.5,53.5,72.5,55.5,71.4,1,0,0,1,0,0,0,0,0,0,0,0,0,0,0,0,0,0,0
18:07:09,50.0,75.4,56.2,72.0,55.5,71.2,56.5,71.2,55.8,71.8,54.2,72.7,53.4,72.5,55.6,71.4,1,0,0,1,0,0,0,0,0,0,0,0,0,0,0,0,0,0,0
18:07:16,50.0,75.4,56.2,72.0,55.5,71.2,56.5,71.2,55.8,71.8,54.2,72.7,53.4,72.5,55.6,71.4,1,1,0,0,0,0,0,0,0,0,0,0,0,0,0,0,0,0,0
18:07:33,50.0,75.6,56.0,72.0,55.7,71.4,56.7,71.2,55.9,71.8,54.2,72.7,53.4,72.5,55.6,71.6,1,1,0,0,0,0,0,0,0,0,0,0,0,0,0,0,0,0,0
18:07:39,50.0,75.6,56.1,72.0,55.7,71.4,56.7,71.2,55.9,71.8,54.2,72.7,53.4,72.7,55.7,71.6,1,1,0,0,0,0,0,0,0,0,0,0,0,0,0,0,0,0,0
18:08:00,50.0,75.6,56.1,72.0,55.7,71.4,56.7,71.2,55.9,71.8,54.2,72.7,53.4,72.7,55.7,71.6,1,0,0,1,0,0,0,0,0,0,0,0,0,0,0,0,0,0,0
18:08:09,50.0,75.6,56.1,72.1,55.7,71.4,56.8,71.2,55.9,71.8,54.2,72.7,53.4,72.9,55.7,71.6,1,0,0,1,0,0,0,0,0,0,0,0,0,0,0,0,0,0,0
18:08:15,50.0,75.6,56.1,72.1,55.7,71.4,56.8,71.2,55.9,71.8,54.2,72.7,53.4,72.9,55.7,71.6,1,1,0,0,0,0,0,0,0,0,0,0,0,0,0,0,0,0,0
18:08:30,50.0,75.6,56.1,72.1,55.8,71.4,56.8,71.2,56.0,72.0,54.2,72.7,53.4,72.9,55.8,71.6,1,1,0,0,0,0,0,0,0,0,0,0,0,0,0,0,0,0,0
18:08:39,50.0,75.6,56.0,72.1,55.8,71.6,56.9,71.2,56.0,72.0,54.0,72.9,53.4,72.9,55.8,71.6,1,1,0,0,0,0,0,0,0,0,0,0,0,0,0,0,0,0,0
18:08:50,50.0,75.6,56.0,72.1,55.8,71.6,56.9,71.2,56.0,72.0,54.0,72.9,53.4,72.9,55.8,71.6,1,0,0,1,0,0,0,0,0,0,0,0,0,0,0,0,0,0,0
18:09:09,50.1,75.6,56.1,72.1,56.0,71.6,57.0,71.2,56.0,72.0,54.1,72.9,53.4,72.9,55.9,71.6,1,0,0,1,0,0,0,0,0,0,0,0,0,0,0,0,0,0,0
18:09:12,50.1,75.6,56.1,72.1,56.0,71.6,57.0,71.2,56.0,72.0,54.1,72.9,53.4,72.9,55.9,71.6,1,1,0,0,0,0,0,0,0,0,0,0,0,0,0,0,0,0,0
18:09:39,50.0,75.7,56.0,72.3,56.0,71.6,56.9,71.2,56.1,72.0,54.1,73.0,53.4,72.9,55.9,71.6,1,1,0,0,0,0,0,0,0,0,0,0,0,0,0,0,0,0,0
18:09:57,50.0,75.7,56.0,72.3,56.0,71.6,57.0,71.2,56.1,72.0,54.1,73.0,53.3,72.9,55.9,71.6,1,0,0,1,0,0,0,0,0,0,0,0,0,0,0,0,0,0,0
18:10:09,49.9,75.7,55.8,72.5,56.1,71.6,57.1,71.4,56.2,72.0,54.1,73.0,53.3,73.0,56.0,71.8,1,0,0,1,0,0,0,0,0,0,0,0,0,0,0,0,0,0,0
18:10:24,49.9,75.7,55.8,72.5,56.1,71.6,57.1,71.4,56.2,72.0,54.1,73.0,53.3,73.0,56.0,71.8,1,1,0,0,0,0,0,0,0,0,0,0,0,0,0,0,0,0,0
18:10:39,50.0,75.9,55.8,72.5,56.2,71.8,57.2,71.4,56.2,72.0,54.0,73.0,53.3,73.0,56.1,71.8,1,1,0,0,0,0,0,0,0,0,0,0,0,0,0,0,0,0,0
18:10:57,50.0,75.9,55.8,72.5,56.2,71.8,57.2,71.4,56.3,72.1,54.0,73.0,53.3,73.0,56.1,71.8,1,0,0,1,0,0,0,0,0,0,0,0,0,0,0,0,0,0,0
18:11:09,50.1,75.9,55.7,72.5,56.2,71.6,57.3,71.4,56.3,72.1,53.9,73.2,53.3,73.2,56.1,71.8,1,0,0,1,0,0,0,0,0,0,0,0,0,0,0,0,0,0,0
18:11:24,50.1,75.9,55.7,72.5,56.2,71.6,57.3,71.4,56.3,72.1,53.9,73.2,53.3,73.2,56.1,71.8,1,1,0,0,0,0,0,0,0,0,0,0,0,0,0,0,0,0,0
18:11:39,50.1,75.9,55.7,72.5,56.3,71.8,57.3,71.6,56.3,72.0,53.8,73.2,53.1,73.2,56.2,72.0,1,1,0,0,0,0,0,0,0,0,0,0,0,0,0,0,0,0,0
18:11:46,50.1,75.9,55.7,72.5,56.3,71.8,57.3,71.6,56.3,72.0,53.8,73.2,53.1,73.2,56.2,72.0,1,0,0,1,0,0,0,0,0,0,0,0,0,0,0,0,0,0,0
18:12:09,50.1,75.9,55.7,72.5,56.3,71.8,57.3,71.4,56.3,72.1,53.8,73.2,53.1,73.4,56.2,72.0,1,0,0,1,0,0,0,0,0,0,0,0,0,0,0,0,0,0,0
18:12:16,50.1,75.9,55.7,72.5,56.3,71.8,57.3,71.4,56.3,72.1,53.8,73.2,53.1,73.4,56.2,72.0,1,1,0,0,0,0,0,0,0,0,0,0,0,0,0,0,0,0,0
18:12:34,50.1,75.9,55.7,72.7,56.4,71.8,57.3,71.6,56.5,72.1,53.8,73.2,53.1,73.4,56.2,72.0,1,1,0,0,0,0,0,0,0,0,0,0,0,0,0,0,0,0,0
18:12:39,49.9,75.9,55.6,72.5,56.4,71.8,57.4,71.6,56.4,72.1,53.8,73.2,53.1,73.4,56.2,72.0,1,1,0,0,0,0,0,0,0,0,0,0,0,0,0,0,0,0,0
18:12:53,49.9,75.9,55.6,72.5,56.4,71.8,57.4,71.6,56.4,72.1,53.8,73.2,53.1,73.4,56.2,72.0,1,0,0,1,0,0,0,0,0,0,0,0,0,0,0,0,0,0,0
18:13:09,49.9,75.9,55.6,72.7,56.4,71.8,57.4,71.6,56.5,72.1,53.8,73.2,53.0,73.4,56.2,72.0,1,0,0,1,0,0,0,0,0,0,0,0,0,0,0,0,0,0,0
18:13:16,49.9,75.9,55.6,72.7,56.4,71.8,57.4,71.6,56.5,72.1,53.8,73.2,53.0,73.4,56.2,72.0,1,1,0,0,0,0,0,0,0,0,0,0,0,0,0,0,0,0,0
18:13:30,50.0,75.9,55.6,72.7,56.4,71.8,57.4,71.6,56.5,72.1,53.8,73.3,53.1,73.4,56.2,72.0,1,1,0,0,0,0,0,0,0,0,0,0,0,0,0,0,0,0,0
18:13:39,50.0,75.9,55.4,72.7,56.5,71.8,57.5,71.6,56.5,72.3,53.7,73.4,53.1,73.5,56.3,72.0,1,1,0,0,0,0,0,0,0,0,0,0,0,0,0,0,0,0,0
18:13:43,50.0,75.9,55.4,72.7,56.5,71.8,57.5,71.6,56.5,72.3,53.7,73.4,53.0,73.5,56.3,72.0,1,0,0,1,0,0,0,0,0,0,0,0,0,0,0,0,0,0,0
18:14:00,50.0,75.9,55.4,72.7,56.5,71.8,57.5,71.6,56.5,72.3,53.9,73.4,53.0,73.6,56.3,72.0,1,0,0,1,0,0,0,0,0,0,0,0,0,0,0,0,0,0,0
18:14:09,49.9,76.0,55.3,72.9,56.5,72.0,57.5,71.6,56.5,72.3,53.9,73.6,53.0,73.6,56.3,72.0,1,0,0,1,0,0,0,0,0,0,0,0,0,0,0,0,0,0,0
18:14:32,49.9,76.0,55.3,72.9,56.5,72.0,57.5,71.6,56.5,72.3,53.9,73.6,53.0,73.6,56.3,72.0,1,1,0,0,0,0,0,0,0,0,0,0,0,0,0,0,0,0,0
18:14:39,49.8,76.1,55.3,72.9,56.5,72.0,57.5,71.6,56.5,72.3,53.8,73.6,53.0,73.6,56.4,72.0,1,1,0,0,0,0,0,0,0,0,0,0,0,0,0,0,0,0,0
18:15:02,49.8,76.1,55.3,72.9,56.5,72.0,57.5,71.6,56.6,72.3,53.8,73.6,53.0,73.6,56.4,72.0,1,0,0,1,0,0,0,0,0,0,0,0,0,0,0,0,0,0,0
18:15:09,49.9,75.9,55.2,72.9,56.6,72.0,57.5,71.6,56.6,72.3,53.7,73.6,53.0,73.6,56.4,72.0,1,0,0,1,0,0,0,0,0,0,0,0,0,0,0,0,0,0,0
18:15:32,49.9,75.9,55.2,72.9,56.6,72.0,57.5,71.6,56.6,72.3,53.7,73.6,53.0,73.6,56.4,72.0,1,1,0,0,0,0,0,0,0,0,0,0,0,0,0,0,0,0,0
18:15:39,49.9,76.0,55.1,72.9,56.5,72.0,57.5,71.6,56.6,72.5,53.7,73.8,53.0,73.8,56.4,72.0,1,1,0,0,0,0,0,0,0,0,0,0,0,0,0,0,0,0,0
18:15:52,49.9,76.0,55.1,72.9,56.5,72.0,57.5,71.6,56.6,72.5,53.7,73.8,53.0,73.8,56.4,72.0,1,0,0,1,0,0,0,0,0,0,0,0,0,0,0,0,0,0,0
18:16:09,49.9,76.1,55.1,72.9,56.5,72.0,57.5,71.6,56.6,72.5,53.7,73.8,52.9,73.8,56.4,72.0,1,0,0,1,0,0,0,0,0,0,0,0,0,0,0,0,0,0,0
18:16:19,49.9,76.1,55.1,72.9,56.5,72.0,57.5,71.6,56.6,72.5,53.7,73.8,52.9,73.8,56.4,72.0,1,1,0,0,0,0,0,0,0,0,0,0,0,0,0,0,0,0,0
18:16:37,50.0,76.1,55.1,72.9,56.5,72.0,57.5,71.6,56.6,72.5,53.7,73.8,52.9,73.8,56.4,72.0,1,1,0,0,0,0,0,0,0,0,0,0,0,0,0,0,0,0,0
18:16:39,49.9,76.1,55.1,73.0,56.5,72.0,57.5,71.6,56.6,72.5,53.7,73.8,52.9,73.8,56.4,72.0,1,1,0,0,0,0,0,0,0,0,0,0,0,0,0,0,0,0,0
18:16:57,49.9,76.1,55.1,73.0,56.5,72.0,57.5,71.6,56.6,72.5,53.7,73.8,52.9,73.8,56.4,72.0,1,0,0,1,0,0,0,0,0,0,0,0,0,0,0,0,0,0,0
18:17:09,49.8,76.1,55.1,73.0,56.4,72.0,57.4,71.6,56.6,72.5,53.7,73.8,52.8,73.8,56.4,72.0,1,0,0,1,0,0,0,0,0,0,0,0,0,0,0,0,0,0,0
18:17:14,49.8,76.1,55.1,73.0,56.4,72.0,57.4,71.6,56.6,72.5,53.7,73.8,52.8,73.8,56.4,72.0,1,1,0,0,0,0,0,0,0,0,0,0,0,0,0,0,0,0,0
18:17:26,49.9,76.1,55.0,73.0,56.4,72.0,57.4,71.8,56.6,72.5,53.8,73.8,52.8,73.8,56.4,72.1,1,1,0,0,0,0,0,0,0,0,0,0,0,0,0,0,0,0,0
18:17:39,49.9,76.1,55.0,73.0,56.5,72.1,57.4,71.8,56.6,72.5,53.5,73.9,52.8,73.9,56.4,72.1,1,1,0,0,0,0,0,0,0,0,0,0,0,0,0,0,0,0,0
18:17:56,49.9,76.1,55.0,73.0,56.5,72.1,57.4,71.8,56.6,72.5,53.5,73.9,52.8,73.9,56.4,72.1,1,0,0,1,0,0,0,0,0,0,0,0,0,0,0,0,0,0,0
18:18:09,49.9,76.1,54.9,73.0,56.4,72.0,57.5,71.8,56.7,72.7,53.5,73.9,52.8,73.9,56.4,72.1,1,0,0,1,0,0,0,0,0,0,0,0,0,0,0,0,0,0,0
18:18:23,49.9,76.1,54.9,73.0,56.4,72.0,57.5,71.8,56.7,72.7,53.5,73.9,52.8,73.9,56.4,72.1,1,1,0,0,0,0,0,0,0,0,0,0,0,0,0,0,0,0,0
18:18:39,49.8,76.1,54.8,73.2,56.4,72.1,57.6,71.8,56.6,72.5,53.5,73.9,52.8,73.9,56.4,72.1,1,1,0,0,0,0,0,0,0,0,0,0,0,0,0,0,0,0,0
18:18:53,49.8,76.1,54.8,73.2,56.4,72.1,57.6,71.8,56.6,72.5,53.5,73.9,52.8,73.9,56.4,72.1,1,0,0,1,0,0,0,0,0,0,0,0,0,0,0,0,0,0,0
18:19:09,49.8,76.1,54.8,73.2,56.4,72.1,57.6,71.8,56.7,72.7,53.5,73.9,52.7,73.9,56.4,72.1,1,0,0,1,0,0,0,0,0,0,0,0,0,0,0,0,0,0,0
18:19:18,49.8,76.1,54.8,73.2,56.4,72.1,57.6,71.8,56.7,72.7,53.5,73.9,52.7,73.9,56.4,72.1,1,1,0,0,0,0,0,0,0,0,0,0,0,0,0,0,0,0,0
18:19:33,49.9,76.1,54.6,73.2,56.4,72.1,57.5,71.8,56.7,72.7,53.5,73.9,52.7,74.1,56.4,72.1,1,1,0,0,0,0,0,0,0,0,0,0,0,0,0,0,0,0,0
18:19:39,49.8,76.1,54.7,73.2,56.3,72.1,57.6,71.8,56.6,72.7,53.5,74.1,52.7,74.1,56.5,72.1,1,1,0,0,0,0,0,0,0,0,0,0,0,0,0,0,0,0,0
18:19:53,49.8,76.1,54.7,73.2,56.3,72.1,57.6,71.8,56.6,72.7,53.5,74.1,52.7,74.1,56.5,72.1,1,0,0,1,0,0,0,0,0,0,0,0,0,0,0,0,0,0,0
18:20:09,49.7,76.1,54.7,73.4,56.3,72.1,57.6,71.8,56.7,72.9,53.6,73.9,52.7,74.1,56.4,72.1,1,0,0,1,0,0,0,0,0,0,0,0,0,0,0,0,0,0,0
18:20:10,49.7,76.1,54.7,73.4,56.3,72.1,57.6,71.8,56.7,72.9,53.6,73.9,52.7,74.1,56.4,72.1,1,1,0,0,0,0,0,0,0,0,0,0,0,0,0,0,0,0,0
18:20:32,49.7,76.3,54.6,73.4,56.3,72.3,57.6,72.0,56.7,72.7,53.6,74.1,52.7,74.1,56.5,72.1,1,1,0,0,0,0,0,0,0,0,0,0,0,0,0,0,0,0,0
18:20:39,49.7,76.3,54.7,73.4,56.2,72.3,57.6,72.0,56.7,72.9,53.6,74.1,52.7,74.1,56.5,72.3,1,1,0,0,0,0,0,0,0,0,0,0,0,0,0,0,0,0,0
18:21:05,49.7,76.3,54.7,73.4,56.2,72.3,57.6,72.0,56.7,72.9,53.6,74.1,52.7,74.1,56.5,72.3,1,0,0,1,0,0,0,0,0,0,0,0,0,0,0,0,0,0,0
18:21:09,49.7,76.3,54.6,73.4,56.2,72.3,57.5,71.8,56.7,72.9,53.7,74.1,52.7,74.3,56.5,72.3,1,0,0,1,0,0,0,0,0,0,0,0,0,0,0,0,0,0,0
18:21:35,49.7,76.3,54.6,73.4,56.2,72.3,57.5,71.8,56.7,72.9,53.7,74.1,52.7,74.3,56.5,72.3,1,1,0,0,0,0,0,0,0,0,0,0,0,0,0,0,0,0,0
18:21:39,49.9,76.3,54.7,73.4,56.2,72.3,57.5,72.0,56.7,72.9,53.8,74.1,52.7,74.3,56.5,72.3,1,1,0,0,0,0,0,0,0,0,0,0,0,0,0,0,0,0,0
18:22:00,49.9,76.3,54.7,73.4,56.2,72.3,57.5,72.0,56.7,72.9,53.8,74.1,52.7,74.3,56.5,72.3,1,0,0,1,0,0,0,0,0,0,0,0,0,0,0,0,0,0,0
18:22:09,49.8,76.3,54.7,73.4,56.2,72.3,57.4,71.6,56.7,72.9,53.8,74.1,52.7,74.3,56.5,72.3,1,0,0,1,0,0,0,0,0,0,0,0,0,0,0,0,0,0,0
18:22:17,49.8,76.3,54.7,73.4,56.2,72.3,57.4,71.6,56.7,72.9,53.8,74.1,52.7,74.3,56.5,72.3,1,1,0,0,0,0,0,0,0,0,0,0,0,0,0,0,0,0,0
18:22:32,49.7,76.3,54.6,73.4,56.2,72.3,57.4,71.8,56.6,72.9,53.8,74.1,52.7,74.3,56.5,72.3,1,1,0,0,0,0,0,0,0,0,0,0,0,0,0,0,0,0,0
18:22:39,49.8,76.3,54.6,73.4,56.2,72.3,57.4,72.0,56.6,72.9,53.8,74.3,52.8,74.3,56.5,72.5,1,1,0,0,0,0,0,0,0,0,0,0,0,0,0,0,0,0,0
18:22:49,49.8,76.3,54.6,73.4,56.2,72.3,57.4,72.0,56.6,72.9,53.8,74.3,52.8,74.3,56.5,72.5,1,0,0,1,0,0,0,0,0,0,0,0,0,0,0,0,0,0,0
18:23:09,49.8,76.3,54.7,73.6,56.2,72.3,57.4,72.0,56.7,73.0,53.9,74.3,52.8,74.5,56.5,72.5,1,0,0,1,0,0,0,0,0,0,0,0,0,0,0,0,0,0,0
18:23:33,49.9,76.3,54.7,73.6,56.2,72.3,57.4,72.0,56.7,73.0,53.9,74.3,52.8,74.5,56.5,72.5,1,1,0,0,0,0,0,0,0,0,0,0,0,0,0,0,0,0,0
18:23:39,49.9,76.5,54.7,73.6,56.2,72.3,57.4,72.0,56.7,73.0,53.9,74.3,52.8,74.5,56.5,72.5,1,1,0,0,0,0,0,0,0,0,0,0,0,0,0,0,0,0,0
18:24:08,49.9,76.5,54.7,73.6,56.2,72.3,57.4,72.0,56.7,73.0,53.9,74.3,52.8,74.5,56.5,72.5,1,0,0,1,0,0,0,0,0,0,0,0,0,0,0,0,0,0,0
18:24:09,50.0,76.5,54.6,73.6,56.2,72.3,57.3,72.0,56.7,73.0,53.9,74.3,52.8,74.5,56.5,72.5,1,0,0,1,0,0,0,0,0,0,0,0,0,0,0,0,0,0,0
18:24:31,50.0,76.5,54.6,73.6,56.2,72.3,57.3,72.0,56.7,73.0,53.9,74.3,52.8,74.5,56.5,72.5,1,1,0,0,0,0,0,0,0,0,0,0,0,0,0,0,0,0,0
18:24:40,50.1,76.5,54.6,73.6,56.2,72.3,57.3,72.0,56.7,73.0,53.9,74.5,52.8,74.5,56.5,72.5,1,1,0,0,0,0,0,0,0,0,0,0,0,0,0,0,0,0,0
18:24:46,50.1,76.5,54.6,73.6,56.2,72.3,57.3,72.0,56.7,73.0,53.9,74.5,52.8,74.5,56.5,72.5,1,0,0,1,0,0,0,0,0,0,0,0,0,0,0,0,0,0,0
18:25:10,49.9,76.5,54.6,73.6,56.2,72.5,57.3,72.1,56.7,73.0,53.9,74.3,52.8,74.6,56.5,72.5,1,0,0,1,0,0,0,0,0,0,0,0,0,0,0,0,0,0,0
18:25:13,49.9,76.5,54.6,73.6,56.2,72.5,57.3,72.1,56.7,73.0,53.9,74.3,52.8,74.6,56.5,72.5,1,1,0,0,0,0,0,0,0,0,0,0,0,0,0,0,0,0,0
18:25:38,49.9,76.5,54.6,73.6,56.2,72.5,57.3,72.0,56.7,73.0,53.9,74.5,52.8,74.6,56.5,72.5,1,1,0,0,0,0,0,0,0,0,0,0,0,0,0,0,0,0,0
18:25:40,50.0,76.5,54.5,73.8,56.2,72.5,57.3,72.0,56.7,73.0,53.9,74.5,52.8,74.7,56.5,72.5,1,1,0,0,0,0,0,0,0,0,0,0,0,0,0,0,0,0,0
18:25:53,50.0,76.5,54.5,73.8,56.2,72.5,57.3,72.0,56.7,73.0,53.9,74.5,52.8,74.7,56.5,72.5,1,0,0,1,0,0,0,0,0,0,0,0,0,0,0,0,0,0,0
18:26:10,50.0,76.5,54.5,73.8,56.2,72.3,57.3,72.1,56.7,73.0,53.9,74.5,52.8,74.7,56.5,72.5,1,0,0,1,0,0,0,0,0,0,0,0,0,0,0,0,0,0,0
18:26:25,50.0,76.5,54.5,73.8,56.2,72.3,57.3,72.1,56.7,73.0,53.9,74.5,52.8,74.7,56.5,72.5,1,1,0,0,0,0,0,0,0,0,0,0,0,0,0,0,0,0,0
18:26:37,50.0,76.6,54.5,73.8,56.3,72.5,57.3,72.1,56.7,73.0,53.9,74.5,52.8,74.7,56.5,72.5,1,1,0,0,0,0,0,0,0,0,0,0,0,0,0,0,0,0,0
18:26:40,49.8,76.6,54.5,73.8,56.3,72.5,57.3,72.1,56.7,73.0,53.9,74.5,52.8,74.7,56.5,72.5,1,1,0,0,0,0,0,0,0,0,0,0,0,0,0,0,0,0,0
18:27:07,49.8,76.6,54.4,73.8,56.3,72.5,57.3,72.1,56.7,73.0,53.9,74.5,52.8,74.7,56.5,72.5,1,0,0,1,0,0,0,0,0,0,0,0,0,0,0,0,0,0,0
18:27:10,49.9,76.8,54.4,73.8,56.3,72.5,57.2,72.1,56.7,73.2,53.9,74.7,52.8,74.7,56.5,72.7,1,0,0,1,0,0,0,0,0,0,0,0,0,0,0,0,0,0,0
18:27:32,49.9,76.8,54.4,73.8,56.3,72.5,57.2,72.1,56.7,73.2,53.9,74.7,52.8,74.7,56.5,72.7,1,1,0,0,0,0,0,0,0,0,0,0,0,0,0,0,0,0,0
18:27:40,50.0,76.8,54.5,73.9,56.3,72.5,57.3,72.1,56.7,73.2,53.9,74.7,52.8,74.7,56.5,72.7,1,1,0,0,0,0,0,0,0,0,0,0,0,0,0,0,0,0,0
18:27:57,50.0,76.8,54.5,73.9,56.3,72.5,57.3,72.1,56.7,73.2,53.9,74.7,52.8,74.7,56.5,72.7,1,0,0,1,0,0,0,0,0,0,0,0,0,0,0,0,0,0,0
18:28:10,50.0,76.8,54.5,73.9,56.3,72.5,57.3,72.3,56.7,73.2,53.9,74.7,52.8,74.8,56.5,72.7,1,0,0,1,0,0,0,0,0,0,0,0,0,0,0,0,0,0,0
18:28:19,50.0,76.8,54.5,73.9,56.3,72.5,57.3,72.3,56.7,73.2,53.9,74.7,52.8,74.8,56.5,72.7,1,1,0,0,0,0,0,0,0,0,0,0,0,0,0,0,0,0,0
18:28:36,50.0,76.8,54.5,73.9,56.3,72.7,57.2,72.1,56.6,73.2,53.9,74.7,52.8,74.8,56.5,72.7,1,1,0,0,0,0,0,0,0,0,0,0,0,0,0,0,0,0,0
18:28:40,49.9,76.8,54.5,73.9,56.3,72.7,57.2,72.1,56.6,73.2,53.9,74.8,52.8,74.8,56.5,72.7,1,1,0,0,0,0,0,0,0,0,0,0,0,0,0,0,0,0,0
18:28:51,49.9,76.8,54.5,73.9,56.3,72.7,57.2,72.1,56.6,73.2,53.9,74.8,52.8,74.8,56.5,72.7,1,0,0,1,0,0,0,0,0,0,0,0,0,0,0,0,0,0,0
18:29:03,49.9,76.8,54.5,73.9,56.3,72.7,57.2,72.3,56.6,73.2,53.9,74.8,52.8,74.8,56.5,72.7,1,0,0,1,0,0,0,0,0,0,0,0,0,0,0,0,0,0,0
18:29:10,49.7,77.0,54.5,73.9,56.3,72.7,57.2,72.3,56.6,73.2,53.9,74.8,52.8,74.8,56.5,72.7,1,0,0,1,0,0,0,0,0,0,0,0,0,0,0,0,0,0,0
18:29:21,49.7,77.0,54.5,73.9,56.3,72.7,57.2,72.3,56.6,73.2,53.9,74.8,52.8,74.8,56.5,72.7,1,1,0,0,0,0,0,0,0,0,0,0,0,0,0,0,0,0,0
18:29:40,49.8,77.0,54.4,73.9,56.3,72.7,57.2,72.3,56.6,73.3,53.9,74.8,52.8,74.8,56.5,72.7,1,1,0,0,0,0,0,0,0,0,0,0,0,0,0,0,0,0,0
18:29:41,49.8,77.0,54.4,73.9,56.3,72.7,57.2,72.3,56.6,73.3,53.9,74.8,52.8,74.8,56.5,72.7,1,0,0,1,0,0,0,0,0,0,0,0,0,0,0,0,0,0,0
18:29:58,49.6,77.0,54.5,74.1,56.3,72.7,57.2,72.3,56.6,73.4,53.9,74.8,52.8,75.0,56.5,72.7,1,0,0,1,0,0,0,0,0,0,0,0,0,0,0,0,0,0,0
18:30:10,49.8,76.8,54.5,73.9,56.3,72.7,57.3,72.3,56.6,73.4,53.8,74.8,52.7,75.0,56.5,72.7,1,0,0,1,0,0,0,0,0,0,0,0,0,0,0,0,0,0,0
18:30:13,49.8,76.8,54.5,73.9,56.3,72.7,57.3,72.3,56.6,73.4,53.8,74.8,52.7,75.0,56.5,72.7,0,0,0,1,0,0,0,0,0,0,0,0,0,0,0,0,0,0,0
18:30:37,49.8,76.8,54.4,74.0,56.3,72.7,57.3,72.3,56.6,73.4,53.9,74.8,52.7,75.0,56.5,72.7,0,0,0,1,0,0,0,0,0,0,0,0,0,0,0,0,0,0,0
18:30:40,49.8,76.6,54.4,74.1,56.3,72.7,57.3,72.3,56.6,73.4,53.8,74.8,52.7,75.0,56.5,72.7,0,0,0,1,0,0,0,0,0,0,0,0,0,0,0,0,0,0,0
18:30:40,49.8,76.6,54.4,74.1,56.3,72.7,57.3,72.3,56.6,73.4,53.8,74.8,52.7,75.0,56.5,72.7,0,1,0,0,0,0,0,0,0,0,0,0,0,0,0,0,0,0,0
18:30:57,49.8,76.6,54.4,74.1,56.3,72.7,57.3,72.3,56.6,73.4,53.8,74.8,52.7,75.0,56.5,72.7,0,0,0,1,0,0,0,0,0,0,0,0,0,0,0,0,0,0,0
18:31:10,50.4,76.5,54.4,74.1,56.3,72.7,57.3,72.5,56.6,73.4,53.9,74.8,52.7,75.0,56.5,72.7,0,0,0,1,0,0,0,0,0,0,0,0,0,0,0,0,0,0,0
18:31:25,50.4,76.5,54.4,74.1,56.3,72.7,57.3,72.5,56.6,73.4,53.9,74.8,52.7,75.0,56.5,72.7,0,1,0,0,0,0,0,0,0,0,0,0,0,0,0,0,0,0,0
18:31:39,50.5,76.5,54.4,74.1,56.3,72.7,57.2,72.3,56.6,73.4,53.9,74.8,52.7,75.0,56.5,72.7,0,1,0,0,0,0,0,0,0,0,0,0,0,0,0,0,0,0,0
18:31:40,50.6,76.3,54.3,74.1,56.4,72.7,57.1,72.4,56.6,73.5,53.9,74.8,52.7,75.0,56.5,72.9,0,1,0,0,0,0,0,0,0,0,0,0,0,0,0,0,0,0,0
18:31:52,50.6,76.3,54.3,74.1,56.4,72.7,57.1,72.4,56.6,73.5,53.9,74.8,52.7,75.0,56.5,72.9,0,0,0,1,0,0,0,0,0,0,0,0,0,0,0,0,0,0,0
18:32:10,50.7,76.3,54.2,74.1,56.4,72.7,57.0,72.5,56.6,73.6,53.9,74.8,52.7,75.0,56.5,72.9,0,0,0,1,0,0,0,0,0,0,0,0,0,0,0,0,0,0,0
18:32:16,50.7,76.3,54.2,74.1,56.4,72.7,57.0,72.5,56.6,73.6,53.9,74.8,52.7,75.0,56.5,72.9,0,1,0,0,0,0,0,0,0,0,0,0,0,0,0,0,0,0,0
18:32:36,50.7,75.9,54.0,74.1,56.4,72.9,56.9,72.3,56.6,73.4,53.8,74.8,52.7,75.0,56.5,72.9,0,1,0,0,0,0,0,0,0,0,0,0,0,0,0,0,0,0,0
18:32:40,50.7,75.9,54.0,74.1,56.4,72.9,56.7,72.5,56.5,73.4,53.8,74.8,52.7,74.8,56.5,72.9,0,1,0,0,0,0,0,0,0,0,0,0,0,0,0,0,0,0,0
18:33:01,50.7,75.9,54.0,74.1,56.4,72.9,56.7,72.5,56.5,73.4,53.8,74.8,52.7,74.8,56.5,72.9,0,0,0,1,0,0,0,0,0,0,0,0,0,0,0,0,0,0,0
18:33:10,50.7,75.7,53.9,74.1,56.4,72.9,56.7,72.5,56.4,73.4,53.7,74.8,52.7,74.8,56.5,72.9,0,0,0,1,0,0,0,0,0,0,0,0,0,0,0,0,0,0,0
18:33:23,50.7,75.7,53.9,74.1,56.4,72.9,56.7,72.5,56.4,73.4,53.7,74.8,52.7,74.8,56.5,72.9,0,1,0,0,0,0,0,0,0,0,0,0,0,0,0,0,0,0,0
18:33:38,50.8,75.6,53.8,74.1,56.4,72.7,56.5,72.5,56.3,73.4,53.7,74.8,52.7,74.8,56.5,72.9,0,1,0,0,0,0,0,0,0,0,0,0,0,0,0,0,0,0,0
18:33:40,50.8,75.6,53.6,74.1,56.4,72.7,56.4,72.3,56.3,73.4,53.7,74.7,52.7,74.8,56.4,72.9,0,1,0,0,0,0,0,0,0,0,0,0,0,0,0,0,0,0,0
18:33:55,50.8,75.6,53.6,74.1,56.4,72.7,56.4,72.3,56.3,73.4,53.7,74.7,52.7,74.8,56.4,72.9,0,0,0,1,0,0,0,0,0,0,0,0,0,0,0,0,0,0,0
18:34:10,50.8,75.6,53.3,74.1,56.3,72.7,56.1,72.5,56.2,73.4,53.6,74.7,52.7,74.7,56.4,72.9,0,0,0,1,0,0,0,0,0,0,0,0,0,0,0,0,0,0,0
18:34:35,50.8,75.4,53.2,74.1,56.2,72.9,56.1,72.5,56.1,73.4,53.5,74.7,52.6,74.7,56.3,72.9,0,0,0,1,0,0,0,0,0,0,0,0,0,0,0,0,0,0,0
18:34:40,50.9,75.2,52.9,73.9,56.2,72.9,55.9,72.3,56.0,73.4,53.4,74.6,52.7,74.7,56.2,72.9,0,0,0,1,0,0,0,0,0,0,0,0,0,0,0,0,0,0,0
18:34:52,50.9,75.2,52.9,73.9,56.2,72.9,55.9,72.3,56.0,73.4,53.3,74.6,52.7,74.7,56.2,72.9,0,0,0,1,0,0,0,0,0,0,0,0,0,0,0,0,0,0,0
18:35:10,50.9,75.2,52.7,73.9,56.1,72.7,55.8,72.3,55.9,73.4,53.2,74.5,52.6,74.7,56.1,72.9,0,0,0,1,0,0,0,0,0,0,0,0,0,0,0,0,0,0,0
18:35:27,50.9,75.2,52.6,73.9,56.0,72.9,55.7,72.5,55.8,73.4,53.3,74.5,52.6,74.7,56.0,72.9,0,0,0,1,0,0,0,0,0,1,0,0,0,0,0,0,0,0,0
18:35:40,50.9,75.2,52.4,73.9,55.9,72.7,55.6,72.3,55.7,73.4,53.5,74.5,52.6,74.7,56.0,72.9,0,0,0,1,0,0,0,0,0,1,0,0,0,0,0,0,0,0,0
18:35:44,50.9,75.2,52.4,73.9,55.9,72.7,55.6,72.3,55.7,73.4,53.5,74.5,52.6,74.7,56.0,72.9,0,0,0,1,0,0,0,0,0,0,0,0,0,0,0,0,0,0,0
18:35:50,51.0,74.8,52.2,73.9,55.9,72.7,55.5,72.5,55.5,73.4,53.7,74.5,52.4,74.5,55.9,72.9,0,0,0,1,0,0,0,0,0,0,0,0,0,0,0,0,0,0,0
18:35:59,51.0,74.8,52.2,73.9,55.9,72.7,55.5,72.5,55.5,73.4,53.7,74.5,52.4,74.5,55.9,72.9,0,0,0,1,0,0,0,1,0,0,0,0,0,0,0,0,0,0,0
18:36:20,51.0,74.8,52.3,73.9,55.8,72.7,55.2,72.3,55.5,73.2,53.7,74.3,52.4,74.5,55.4,72.9,0,0,0,1,0,0,0,1,0,0,0,0,0,0,0,0,0,0,0
18:36:30,51.0,74.8,52.3,73.9,55.8,72.7,55.2,72.3,55.5,73.2,53.7,74.3,52.4,74.5,55.4,72.9,0,0,0,1,1,0,0,1,0,0,0,0,0,0,0,0,0,0,0
18:36:31,51.0,74.8,52.3,73.9,55.8,72.7,55.2,72.3,55.5,73.2,53.7,74.3,52.4,74.5,55.4,72.9,0,0,0,1,0,0,0,1,0,0,0,0,0,0,0,0,0,0,0
18:36:54,51.1,74.7,52.2,73.9,55.7,72.9,55.2,72.3,55.3,73.4,53.7,74.3,52.4,74.5,55.2,72.9,0,0,0,1,0,0,0,1,0,0,0,0,0,0,0,0,0,0,0
18:37:09,51.0,74.7,52.0,73.9,55.4,72.9,55.1,72.5,55.2,73.2,53.5,74.1,52.3,74.3,55.3,72.9,0,0,0,1,0,0,0,1,0,0,0,0,0,0,0,0,0,0,0
18:37:30,50.9,74.7,52.0,73.8,55.4,72.7,54.9,72.3,55.2,73.2,53.4,74.3,52.2,74.3,55.0,72.9,0,0,0,1,0,0,0,1,0,0,0,0,0,0,0,0,0,0,0
18:37:40,50.9,74.7,52.0,73.8,55.4,72.7,54.9,72.3,55.2,73.2,53.4,74.3,52.2,74.3,55.0,72.9,0,0,0,1,0,0,0,1,0,0,0,0,0,0,0,0,0,0,0
18:37:43,50.9,74.7,52.0,73.8,55.4,72.7,54.9,72.3,55.2,73.2,53.4,74.3,52.2,74.3,55.0,72.9,0,0,0,1,0,0,0,1,0,0,0,0,0,0,0,0,0,0,0
18:37:50,50.9,74.5,51.8,73.9,55.1,72.7,54.8,72.3,55.1,73.2,53.4,74.1,52.2,74.3,54.9,72.9,0,0,0,1,0,0,0,1,0,0,0,0,0,0,0,0,0,0,0
18:38:00,50.9,74.5,51.8,73.9,55.1,72.7,54.8,72.3,55.1,73.2,53.4,74.1,52.2,74.3,54.9,72.9,0,0,0,1,0,0,0,0,0,0,0,0,0,0,0,0,0,0,0
18:38:01,50.9,74.5,51.8,73.9,55.1,72.7,54.8,72.3,55.1,73.2,53.4,74.1,52.2,74.3,54.9,72.9,0,0,0,1,0,0,1,0,0,0,0,0,0,0,0,0,0,0,0
18:38:21,50.9,74.5,51.8,73.8,55.1,72.7,54.6,72.3,55.0,73.2,53.3,74.1,52.2,74.3,54.8,72.9,0,0,0,1,0,0,1,0,0,0,0,0,0,0,0,0,0,0,0
18:38:45,50.9,74.5,51.6,73.6,55.1,72.7,54.5,72.3,55.1,73.2,53.3,74.1,52.2,74.3,54.8,72.9,0,0,0,1,0,0,1,0,0,0,0,0,0,0,0,0,0,0,0
18:39:00,50.8,74.3,51.7,73.6,55.0,72.7,54.3,72.3,55.0,73.2,53.3,74.1,52.2,74.3,54.8,72.9,0,0,0,1,0,0,1,0,0,0,0,0,0,0,0,0,0,0,0
18:39:10,50.9,74.3,51.7,73.8,55.0,72.7,54.2,72.5,55.0,73.2,53.2,74.1,52.1,74.1,54.8,72.9,0,0,0,1,0,0,0,0,0,0,0,0,0,0,0,0,0,0,0
18:39:12,50.9,74.3,51.7,73.8,55.0,72.7,54.2,72.5,55.0,73.2,53.2,74.1,52.1,74.1,54.8,72.9,0,0,0,1,0,0,0,0,0,0,0,0,0,0,0,0,0,0,0
18:39:30,51.0,74.3,51.6,73.8,54.8,72.7,54.2,72.3,55.0,73.2,53.1,74.1,52.1,74.3,54.8,72.9,0,0,0,1,0,0,0,0,0,0,0,0,0,0,0,0,0,0,0
18:39:44,50.9,74.3,51.6,73.7,54.7,72.7,54.1,72.3,54.9,73.2,53.1,73.9,52.0,73.9,54.8,72.9,0,0,0,1,0,0,0,0,0,0,0,0,0,0,0,0,0,0,0
18:40:14,51.0,74.3,51.5,73.6,54.6,72.7,54.1,72.3,54.9,73.2,53.1,73.9,52.0,74.1,54.7,72.9,0,0,0,1,0,0,0,0,0,0,0,0,0,0,0,0,0,0,0
18:40:34,50.8,74.3,51.5,73.6,54.4,72.7,53.9,72.3,54.9,73.2,53.1,73.9,52.0,73.9,54.7,72.9,0,0,0,1,0,0,0,0,0,0,0,0,0,0,0,0,0,0,0
18:40:40,50.8,74.1,51.5,73.6,54.4,72.7,53.9,72.3,54.9,73.2,53.1,73.9,51.9,73.9,54.7,72.9,0,0,0,1,0,0,0,0,0,0,0,0,0,0,0,0,0,0,0
18:40:56,50.8,74.1,51.5,73.6,54.4,72.7,53.9,72.3,54.9,73.2,53.1,73.9,51.9,73.9,54.7,72.9,0,0,0,1,0,0,1,0,0,0,0,0,0,0,0,0,0,0,0
18:41:14,50.9,74.1,51.6,73.6,54.2,72.7,53.8,72.3,54.9,73.0,53.0,73.9,51.8,73.9,54.7,72.9,0,0,0,1,0,0,1,0,0,0,0,0,0,0,0,0,0,0,0
18:41:29,50.8,74.1,51.5,73.6,54.2,72.7,53.7,72.3,54.9,73.2,53.1,73.8,51.8,73.8,54.7,72.9,0,0,0,1,0,0,1,0,0,0,0,0,0,0,0,0,0,0,0
18:42:10,50.7,74.1,51.5,73.6,54.1,72.7,53.6,72.3,54.9,73.0,53.0,73.8,51.8,73.8,54.7,72.9,0,0,0,1,0,0,1,0,0,0,0,0,0,0,0,0,0,0,0
18:42:19,50.7,74.1,51.5,73.6,54.1,72.7,53.6,72.3,54.9,73.0,53.0,73.8,51.8,73.8,54.7,72.9,0,0,0,1,0,0,0,0,0,0,0,0,0,0,0,0,0,0,0
18:42:20,50.8,74.1,51.5,73.4,54.1,72.7,53.6,72.3,54.8,73.0,53.0,73.8,51.8,73.8,54.6,72.9,0,0,0,1,0,0,0,0,0,0,0,0,0,0,0,0,0,0,0
18:42:36,50.8,74.1,51.5,73.4,54.1,72.7,53.6,72.3,54.8,73.0,53.0,73.8,51.8,73.8,54.6,72.9,0,0,0,1,0,0,1,0,0,0,0,0,0,0,0,0,0,0,0
18:42:56,50.8,74.1,51.5,73.4,53.9,72.7,53.5,72.3,54.9,73.0,53.0,73.8,51.7,73.8,54.6,72.9,0,0,0,1,0,0,1,0,0,0,0,0,0,0,0,0,0,0,0
18:43:21,51.0,74.1,51.5,73.4,53.8,72.7,53.6,72.3,54.8,73.0,53.0,73.8,51.7,73.8,54.6,72.9,0,0,0,1,0,0,1,0,0,0,0,0,0,0,0,0,0,0,0
18:44:03,51.0,74.1,51.5,73.4,53.7,72.7,53.6,72.3,54.9,73.0,53.1,73.6,51.7,73.8,54.5,72.9,0,0,0,1,0,0,1,0,0,0,0,0,0,0,0,0,0,0,0
18:44:21,50.6,74.1,51.5,73.4,53.7,72.7,53.5,72.3,54.9,73.0,53.2,73.6,51.7,73.8,54.5,72.9,0,0,0,1,0,0,1,0,0,0,0,0,0,0,0,0,0,0,0
18:44:28,50.6,74.1,51.5,73.4,53.7,72.7,53.5,72.3,54.9,73.0,53.2,73.6,51.7,73.8,54.5,72.9,0,0,0,1,0,0,0,0,0,0,0,0,0,0,0,0,0,0,0
18:44:31,50.6,74.1,51.6,73.4,53.7,72.7,53.5,72.3,54.9,73.0,53.1,73.4,51.6,73.8,54.5,72.9,0,0,0,1,0,0,0,0,0,0,0,0,0,0,0,0,0,0,0
18:44:48,50.6,74.1,51.6,73.4,53.7,72.7,53.5,72.3,54.9,73.0,53.1,73.4,51.6,73.8,54.5,72.9,0,0,0,1,0,0,0,0,0,0,0,0,0,0,0,0,0,0,0
18:45:01,50.3,74.1,51.6,73.4,53.6,72.7,53.5,72.3,54.9,73.0,53.4,73.6,51.5,73.8,54.5,72.9,0,0,0,1,0,0,0,0,0,0,0,0,0,0,0,0,0,0,0
18:45:05,50.3,74.1,51.6,73.4,53.6,72.7,53.5,72.3,54.9,73.0,53.4,73.6,51.5,73.8,54.5,72.9,0,0,0,1,0,0,0,1,0,0,0,0,0,0,0,0,0,0,0
18:45:31,50.2,74.1,51.5,73.4,53.6,72.5,53.4,72.3,54.9,73.0,53.4,73.4,51.5,73.6,54.4,72.9,0,0,0,1,0,0,0,1,0,0,0,0,0,0,0,0,0,0,0
18:45:41,50.2,74.1,51.5,73.4,53.6,72.5,53.4,72.3,54.9,73.0,53.4,73.4,51.5,73.6,54.4,72.9,0,0,0,1,0,0,0,0,0,0,0,0,0,0,0,0,0,0,0
18:45:45,50.2,74.1,51.5,73.4,53.6,72.5,53.4,72.3,54.9,73.0,53.4,73.4,51.5,73.6,54.4,72.9,0,0,0,1,1,0,0,0,0,0,0,0,0,0,0,0,0,0,0
18:46:05,50.0,73.9,51.6,73.4,53.5,72.7,53.3,72.3,54.8,73.0,53.1,73.4,51.5,73.6,54.4,72.9,0,0,0,1,1,0,0,0,0,0,0,0,0,0,0,0,0,0,0
18:46:20,50.0,73.9,51.5,73.4,53.5,72.5,53.2,72.3,54.9,73.0,53.0,73.4,51.4,73.6,54.4,72.9,0,0,0,1,1,0,0,0,0,0,0,0,0,0,0,0,0,0,0
18:46:41,49.9,73.9,51.5,73.4,53.4,72.7,53.2,72.3,54.9,72.9,52.9,73.4,51.3,73.6,54.4,72.9,0,0,0,1,1,0,0,0,0,0,0,0,0,0,0,0,0,0,0
18:46:45,49.9,73.9,51.5,73.4,53.4,72.7,53.2,72.3,54.9,72.9,52.9,73.4,51.3,73.6,54.4,72.9,0,0,0,1,0,0,0,0,0,0,0,0,0,0,0,0,0,0,0
18:46:51,50.0,73.9,51.4,73.2,53.4,72.7,53.1,72.3,54.8,72.9,52.9,73.4,51.3,73.6,54.4,72.9,0,0,0,1,0,0,0,0,0,0,0,0,0,0,0,0,0,0,0
18:46:57,50.0,73.9,51.4,73.2,53.4,72.7,53.1,72.3,54.8,72.9,52.8,73.4,51.3,73.6,54.4,72.9,0,0,0,1,1,0,0,0,0,0,0,0,0,0,0,0,0,0,0
18:47:17,50.0,73.9,51.4,73.2,53.3,72.7,53.1,72.3,54.8,73.0,52.8,73.4,51.3,73.6,54.3,72.9,0,0,0,1,1,0,0,0,0,0,0,0,0,0,0,0,0,0,0
18:47:31,49.9,73.9,51.5,73.4,53.2,72.5,53.0,72.3,54.8,73.0,52.8,73.4,51.2,73.4,54.2,72.9,0,0,0,1,1,0,0,0,0,0,0,0,0,0,0,0,0,0,0
18:47:46,49.8,73.9,51.5,73.2,53.2,72.5,53.0,72.3,54.8,73.0,52.8,73.4,51.2,73.4,54.2,72.9,0,0,0,1,1,0,0,0,0,0,0,0,0,0,0,0,0,0,0
18:48:03,49.8,73.9,51.4,73.4,53.1,72.5,52.9,72.3,54.8,72.9,52.8,73.4,51.1,73.4,54.1,72.9,0,0,0,1,1,0,0,0,0,0,0,0,0,0,0,0,0,0,0
18:48:18,49.7,73.8,51.4,73.2,53.0,72.7,52.8,72.3,54.7,72.9,52.7,73.2,51.1,73.4,54.0,72.9,0,0,0,1,1,0,0,0,0,0,0,0,0,0,0,0,0,0,0
18:48:33,49.9,73.8,51.5,73.2,53.0,72.5,52.8,72.3,54.6,72.9,52.7,73.2,51.1,73.4,53.8,72.9,0,0,0,1,1,0,0,0,0,0,0,0,0,0,0,0,0,0,0
18:48:58,49.9,73.8,51.4,73.0,52.8,72.5,52.8,72.3,54.6,72.9,52.7,73.4,51.0,73.4,53.9,72.9,0,0,0,1,1,0,0,0,0,0,0,0,0,0,0,0,0,0,0
18:49:21,49.8,73.6,51.4,73.2,52.8,72.5,52.8,72.3,54.6,72.9,52.9,73.2,51.0,73.2,53.6,72.9,0,0,0,1,1,0,0,0,0,0,0,0,0,0,0,0,0,0,0
18:49:28,49.8,73.6,51.4,73.2,52.8,72.5,52.8,72.3,54.6,72.9,52.9,73.2,51.0,73.2,53.6,72.9,0,0,0,1,1,0,0,1,0,0,0,0,0,0,0,0,0,0,0
18:49:31,49.8,73.6,51.4,73.0,52.8,72.7,52.7,72.3,54.7,72.9,52.8,73.2,50.9,73.4,53.6,72.9,0,0,0,1,1,0,0,1,0,0,0,0,0,0,0,0,0,0,0
18:49:48,49.8,73.6,51.4,73.0,52.8,72.7,52.7,72.3,54.7,72.9,52.8,73.2,50.9,73.4,53.6,72.9,0,0,0,1,1,0,1,1,0,0,0,0,0,0,0,0,0,0,0
18:50:01,49.6,73.6,51.4,73.0,52.8,72.5,52.7,72.3,54.6,72.9,52.9,73.2,50.8,73.2,53.2,72.9,0,0,0,1,1,0,1,1,0,0,0,0,0,0,0,0,0,0,0
18:50:12,49.6,73.6,51.4,73.0,52.8,72.5,52.7,72.3,54.6,72.9,52.9,73.2,50.8,73.2,53.2,72.9,0,0,0,1,1,0,0,1,0,0,0,0,0,0,0,0,0,0,0
18:50:27,49.7,73.4,51.4,73.0,52.9,72.5,52.6,72.1,54.6,72.9,52.9,73.2,50.8,73.2,53.2,72.9,0,0,0,1,1,0,0,1,0,0,0,0,0,0,0,0,0,0,0
18:50:42,49.7,73.4,51.4,73.0,52.9,72.5,52.5,72.1,54.4,72.9,52.7,73.2,50.8,73.2,53.1,72.9,0,0,0,1,1,0,0,1,0,0,0,0,0,0,0,0,0,0,0
18:50:57,49.6,73.4,51.3,73.0,52.7,72.5,52.5,72.3,54.4,72.9,52.6,73.2,50.7,73.2,53.1,72.9,0,0,0,1,1,0,0,1,0,0,0,0,0,0,0,0,0,0,0
18:51:01,49.6,73.4,51.3,73.0,52.5,72.5,52.4,72.1,54.4,72.9,52.7,73.2,50.7,73.2,53.0,72.9,0,0,0,1,1,0,0,1,0,0,0,0,0,0,0,0,0,0,0
18:51:09,49.6,73.4,51.3,73.0,52.5,72.5,52.4,72.1,54.4,72.9,52.7,73.2,50.7,73.2,53.0,72.9,0,0,0,1,1,0,0,0,0,0,0,0,0,0,0,0,0,0,0
18:51:26,49.6,73.4,51.3,73.0,52.4,72.5,52.4,72.1,54.4,72.9,52.6,73.2,50.7,73.2,53.0,72.9,0,0,0,1,1,0,0,0,0,0,0,0,0,0,0,0,0,0,0
18:51:31,49.5,73.2,51.3,73.0,52.4,72.5,52.3,72.1,54.5,72.9,52.5,73.2,50.7,73.2,53.1,72.7,0,0,0,1,1,0,0,0,0,0,0,0,0,0,0,0,0,0,0
18:51:38,49.5,73.2,51.3,73.0,52.4,72.5,52.3,72.1,54.5,72.9,52.5,73.2,50.7,73.2,53.1,72.7,0,0,0,1,0,0,0,0,0,0,0,0,0,0,0,0,0,0,0
18:51:41,49.4,73.2,51.3,73.0,52.3,72.5,52.3,72.1,54.5,72.9,52.5,73.0,50.6,73.0,53.0,72.7,0,0,0,1,0,0,0,0,0,0,0,0,0,0,0,0,0,0,0
18:51:51,49.4,73.2,51.3,73.0,52.3,72.5,52.3,72.1,54.5,72.9,52.5,73.0,50.6,73.0,53.0,72.7,0,0,0,0,0,0,0,0,0,0,0,0,0,0,0,0,0,0,0
