Sensor Time,Motor Time,S4_Humidity,S4_Temperature,S6_Humidity,S6_Temperature,S12_Humidity,S12_Temperature,S18_Humidity,S18_Temperature,S19_Humidity,S19_Temperature,S24_Humidity,S24_Temperature,S25_Humidity,S25_Temperature,S26_Humidity,S26_Temperature,lamp,heater,fan,ac,Bedroom 2 to Bathroom,Bedroom 1 to Living Room,Living Room to Kitchen,Living Room to Bathroom,Bedroom 1 to Bathroom,Living Room to Outside,Bedroom 1 to Outside,Bedroom 1 Left Window,Living Room Left Window,Bedroom 2 Right Window,Kitchen Right Window,Bedroom 2 Back Window,Living Room Front Window,Kitchen Front Window,Bedroom 1 Back Window
10:08:02,10:08:31,55.1,71.1,57.5,69.6,56.4,69.8,56.4,69.8,57.4,69.8,56.6,69.6,56.7,69.8,56.1,70.0,0,0,0,0,0,0,0,0,0,0,0,0,0,0,0,0,0,0,0
10:08:37,10:08:31,55.1,71.2,57.5,69.6,56.5,69.8,56.4,69.8,57.4,69.8,56.6,69.6,56.6,69.8,56.4,70.2,0,0,0,0,0,0,0,0,0,0,0,0,0,0,0,0,0,0,0
10:08:37,10:08:31,55.1,71.2,57.5,69.6,56.5,69.8,56.4,69.8,57.4,69.8,56.6,69.6,56.6,69.8,56.4,70.2,0,0,0,0,0,0,0,0,0,0,0,0,0,0,0,0,0,0,0
10:08:37,10:08:31,55.1,71.2,57.5,69.6,56.5,69.8,56.4,69.8,57.4,69.8,56.6,69.6,56.6,69.8,56.4,70.2,0,0,0,0,0,0,0,0,0,0,0,0,0,0,0,0,0,0,0
10:08:37,10:08:31,55.1,71.2,57.5,69.6,56.5,69.8,56.4,69.8,57.4,69.8,56.6,69.6,56.6,69.8,56.4,70.2,0,0,0,0,0,0,0,0,0,0,0,0,0,0,0,0,0,0,0
10:08:37,10:08:31,55.1,71.2,57.5,69.6,56.5,69.8,56.4,69.8,57.4,69.8,56.6,69.6,56.6,69.8,56.4,70.2,0,0,0,0,0,0,0,0,0,0,0,0,0,0,0,0,0,0,0
10:08:37,10:08:31,55.1,71.2,57.5,69.6,56.5,69.8,56.4,69.8,57.4,69.8,56.6,69.6,56.6,69.8,56.4,70.2,1,0,0,0,0,1,0,0,1,0,0,0,0,0,0,0,0,0,0
10:08:37,10:08:36,55.1,71.2,57.5,69.6,56.5,69.8,56.4,69.8,57.4,69.8,56.6,69.6,56.6,69.8,56.4,70.2,1,0,0,0,0,0,0,0,0,0,0,0,0,0,0,0,0,0,0
10:08:37,10:08:51,55.1,71.2,57.5,69.6,56.5,69.8,56.4,69.8,57.4,69.8,56.6,69.6,56.6,69.8,56.4,70.2,1,0,0,0,0,0,0,0,0,0,0,0,0,0,0,0,0,0,0
10:09:09,10:08:51,54.9,71.4,57.5,69.6,56.5,69.8,56.5,69.8,57.5,69.8,56.6,69.8,56.6,69.8,56.4,70.2,1,0,0,0,0,0,0,0,0,0,0,0,0,0,0,0,0,0,0
10:09:09,10:09:06,54.9,71.4,57.5,69.6,56.5,69.8,56.5,69.8,57.5,69.8,56.6,69.8,56.6,69.8,56.4,70.2,1,0,0,0,0,0,1,0,0,0,0,0,0,0,0,0,0,0,0
10:09:09,10:09:11,54.9,71.4,57.5,69.6,56.5,69.8,56.5,69.8,57.5,69.8,56.6,69.8,56.6,69.8,56.4,70.2,1,0,0,0,0,0,0,0,0,0,0,0,0,0,0,0,0,0,0
10:09:29,10:09:11,54.5,71.8,57.5,69.8,56.5,70.0,56.6,69.8,57.5,69.8,,,56.6,70.0,56.5,70.2,1,0,0,0,0,0,0,0,0,0,0,0,0,0,0,0,0,0,0
10:09:29,10:09:41,54.5,71.8,57.5,69.8,56.5,70.0,56.6,69.8,57.5,69.8,,,56.6,70.0,56.5,70.2,1,0,0,0,0,0,0,1,0,0,0,0,0,0,0,0,0,0,0
10:09:46,10:09:41,54.6,72.0,57.5,69.8,56.6,70.0,56.7,69.8,57.5,69.8,56.6,69.8,56.6,70.0,56.6,70.2,1,0,0,0,0,0,0,1,0,0,0,0,0,0,0,0,0,0,0
10:09:46,10:09:46,54.6,72.0,57.5,69.8,56.6,70.0,56.7,69.8,57.5,69.8,56.6,69.8,56.6,70.0,56.6,70.2,1,0,0,0,0,0,0,0,0,0,0,0,0,0,0,0,0,0,0
10:10:04,10:10:01,54.7,72.1,57.6,69.8,56.7,70.0,56.7,69.8,57.5,69.8,56.6,70.0,56.6,70.2,56.6,70.2,1,0,0,0,0,0,0,0,0,0,0,0,0,0,0,0,0,0,0
10:10:04,10:10:16,54.7,72.1,57.6,69.8,56.7,70.0,56.7,69.8,57.5,69.8,56.6,70.0,56.6,70.2,56.6,70.2,1,0,0,0,1,0,0,0,0,0,0,0,0,0,0,0,0,0,0
10:10:21,10:10:16,54.6,72.5,,,56.7,70.0,56.8,69.8,57.6,70.0,56.7,70.0,56.6,70.2,56.7,70.2,1,0,0,0,1,0,0,0,0,0,0,0,0,0,0,0,0,0,0
10:10:21,10:10:21,54.6,72.5,,,56.7,70.0,56.8,69.8,57.6,70.0,56.7,70.0,56.6,70.2,56.7,70.2,1,0,0,0,0,0,0,0,0,0,0,0,0,0,0,0,0,0,0
10:10:51,10:10:26,54.5,72.7,57.7,70.0,56.9,70.0,56.9,69.8,57.7,70.0,56.7,70.0,56.6,70.2,56.8,70.2,1,0,0,0,0,0,1,0,0,0,0,0,0,0,0,0,0,0,0
10:10:51,10:10:31,54.5,72.7,57.7,70.0,56.9,70.0,56.9,69.8,57.7,70.0,56.7,70.0,56.6,70.2,56.8,70.2,1,0,0,0,0,0,0,0,0,0,0,0,0,0,0,0,0,0,0
10:10:51,10:11:01,54.5,72.7,57.7,70.0,56.9,70.0,56.9,69.8,57.7,70.0,56.7,70.0,56.6,70.2,56.8,70.2,1,0,0,0,0,0,0,1,0,0,0,0,0,0,0,0,0,0,0
10:11:21,10:11:01,54.5,72.9,57.7,70.0,56.9,70.0,57.2,69.8,57.7,70.2,56.9,70.2,56.7,70.3,56.9,70.2,1,0,0,0,0,0,0,1,0,0,0,0,0,0,0,0,0,0,0
10:11:21,10:11:06,54.5,72.9,57.7,70.0,56.9,70.0,57.2,69.8,57.7,70.2,56.9,70.2,56.7,70.3,56.9,70.2,1,0,0,0,0,0,0,0,0,0,0,0,0,0,0,0,0,0,0
10:11:21,10:11:16,54.5,72.9,57.7,70.0,56.9,70.0,57.2,69.8,57.7,70.2,56.9,70.2,56.7,70.3,56.9,70.2,1,0,0,0,0,0,0,0,0,0,0,0,0,0,0,0,0,0,0
10:11:21,10:11:26,54.5,72.9,57.7,70.0,56.9,70.0,57.2,69.8,57.7,70.2,56.9,70.2,56.7,70.3,56.9,70.2,1,0,0,0,0,0,1,0,0,0,0,0,0,0,0,0,0,0,0
10:11:46,10:11:26,53.9,73.4,57.7,70.0,56.9,70.0,57.3,70.0,57.8,70.2,56.9,70.2,56.7,70.3,57.2,70.2,1,0,0,0,0,0,1,0,0,0,0,0,0,0,0,0,0,0,0
10:11:46,10:11:31,53.9,73.4,57.7,70.0,56.9,70.0,57.3,70.0,57.8,70.2,56.9,70.2,56.7,70.3,57.2,70.2,1,0,0,0,0,0,0,0,0,0,0,0,0,0,0,0,0,0,0
10:11:46,10:12:31,53.9,73.4,57.7,70.0,56.9,70.0,57.3,70.0,57.8,70.2,56.9,70.2,56.7,70.3,57.2,70.2,1,0,0,0,0,0,0,0,0,0,0,0,0,0,0,0,0,0,0
10:12:15,10:12:31,53.9,73.4,57.9,70.2,57.2,70.2,57.3,70.0,57.8,70.2,56.9,70.3,56.7,70.5,57.2,70.3,1,0,0,0,0,0,0,0,0,0,0,0,0,0,0,0,0,0,0
10:12:30,10:12:31,54.3,73.6,58.0,70.2,57.2,70.2,57.4,70.0,57.8,70.2,56.9,70.3,56.7,70.5,57.2,70.3,1,0,0,0,0,0,0,0,0,0,0,0,0,0,0,0,0,0,0
10:12:55,10:12:31,54.0,73.8,58.1,70.2,57.3,70.2,57.5,70.0,57.9,70.3,,,56.8,70.7,57.2,70.3,1,0,0,0,0,0,0,0,0,0,0,0,0,0,0,0,0,0,0
10:12:55,10:13:31,54.0,73.8,58.1,70.2,57.3,70.2,57.5,70.0,57.9,70.3,,,56.8,70.7,57.2,70.3,1,0,0,0,0,0,1,0,0,0,0,0,0,0,0,0,0,0,0
10:13:15,10:13:31,53.7,74.1,58.2,70.3,57.3,70.2,57.6,70.0,57.9,70.3,56.9,70.5,56.8,70.9,57.5,70.3,1,0,0,0,0,0,1,0,0,0,0,0,0,0,0,0,0,0,0
10:13:35,10:13:31,53.8,74.1,58.3,70.3,57.4,70.2,57.7,70.0,57.9,70.3,56.9,70.5,56.7,70.9,57.6,70.3,1,0,0,0,0,0,1,0,0,0,0,0,0,0,0,0,0,0,0
10:13:35,10:13:36,53.8,74.1,58.3,70.3,57.4,70.2,57.7,70.0,57.9,70.3,56.9,70.5,56.7,70.9,57.6,70.3,1,0,0,0,0,0,0,0,0,0,0,0,0,0,0,0,0,0,0
10:13:49,10:13:36,53.6,74.3,58.3,70.5,57.5,70.2,57.8,70.0,57.9,70.3,56.9,70.5,56.7,71.1,57.6,70.3,1,0,0,0,0,0,0,0,0,0,0,0,0,0,0,0,0,0,0
10:13:49,10:13:46,53.6,74.3,58.3,70.5,57.5,70.2,57.8,70.0,57.9,70.3,56.9,70.5,56.7,71.1,57.6,70.3,1,0,0,0,0,0,0,1,0,0,0,0,0,0,0,0,0,0,0
10:13:49,10:13:51,53.6,74.3,58.3,70.5,57.5,70.2,57.8,70.0,57.9,70.3,56.9,70.5,56.7,71.1,57.6,70.3,1,0,0,0,0,1,0,0,0,0,0,0,0,0,0,0,0,0,0
10:14:09,10:13:51,53.6,74.5,58.4,70.5,57.6,70.2,58.0,70.2,58.0,70.3,57.0,70.7,56.8,71.1,57.7,70.3,1,0,0,0,0,1,0,0,0,0,0,0,0,0,0,0,0,0,0
10:14:09,10:14:11,53.6,74.5,58.4,70.5,57.6,70.2,58.0,70.2,58.0,70.3,57.0,70.7,56.8,71.1,57.7,70.3,1,0,0,0,1,1,0,0,0,0,0,0,0,0,0,0,0,0,0
10:14:34,10:14:11,53.7,74.7,58.5,70.7,57.6,70.3,58.0,70.2,58.0,70.3,57.1,70.7,56.8,71.1,57.9,70.5,1,0,0,0,1,1,0,0,0,0,0,0,0,0,0,0,0,0,0
10:14:34,10:14:31,53.7,74.7,58.5,70.7,57.6,70.3,58.0,70.2,58.0,70.3,57.1,70.7,56.8,71.1,57.9,70.5,1,0,0,0,1,1,0,0,0,0,0,0,0,0,0,0,0,0,0
10:14:34,10:14:51,53.7,74.7,58.5,70.7,57.6,70.3,58.0,70.2,58.0,70.3,57.1,70.7,56.8,71.1,57.9,70.5,1,0,0,0,0,1,0,0,0,0,0,0,0,0,0,0,0,0,0
10:14:51,10:14:51,53.6,74.8,58.6,70.7,57.8,70.3,58.1,70.2,58.1,70.5,,,56.9,71.1,58.0,70.3,1,0,0,0,0,1,0,0,0,0,0,0,0,0,0,0,0,0,0
10:15:09,10:15:01,53.6,75.0,58.6,70.7,58.0,70.3,58.3,70.2,58.1,70.5,57.3,70.9,56.9,71.1,58.0,70.5,1,0,0,0,0,1,0,1,0,0,0,0,0,0,0,0,0,0,0
10:15:09,10:15:06,53.6,75.0,58.6,70.7,58.0,70.3,58.3,70.2,58.1,70.5,57.3,70.9,56.9,71.1,58.0,70.5,1,0,0,0,0,1,0,0,0,0,0,0,0,0,0,0,0,0,0
10:15:09,10:15:16,53.6,75.0,58.6,70.7,58.0,70.3,58.3,70.2,58.1,70.5,57.3,70.9,56.9,71.1,58.0,70.5,1,0,0,0,0,0,0,0,0,0,0,0,0,0,0,0,0,0,0
10:15:26,10:15:16,53.5,75.2,58.6,70.7,58.1,70.3,58.3,70.2,58.2,70.5,57.2,71.1,56.9,71.2,58.2,70.5,1,0,0,0,0,0,0,0,0,0,0,0,0,0,0,0,0,0,0
10:15:26,10:15:46,53.5,75.2,58.6,70.7,58.1,70.3,58.3,70.2,58.2,70.5,57.2,71.1,56.9,71.2,58.2,70.5,1,0,0,0,0,0,1,0,0,0,0,0,0,0,0,0,0,0,0
10:15:48,10:15:46,53.3,75.2,58.8,70.9,58.2,70.3,58.4,70.2,58.2,70.7,57.2,71.1,57.0,71.2,58.2,70.7,1,0,0,0,0,0,1,0,0,0,0,0,0,0,0,0,0,0,0
10:15:48,10:15:51,53.3,75.2,58.8,70.9,58.2,70.3,58.4,70.2,58.2,70.7,57.2,71.1,57.0,71.2,58.2,70.7,1,0,0,0,0,0,0,0,0,0,0,0,0,0,0,0,0,0,0
10:16:08,10:15:51,53.4,75.4,58.7,70.9,58.2,70.3,58.5,70.2,58.2,70.7,57.3,71.1,57.0,71.4,58.3,70.7,1,0,0,0,0,0,0,0,0,0,0,0,0,0,0,0,0,0,0
10:16:08,10:16:21,53.4,75.4,58.7,70.9,58.2,70.3,58.5,70.2,58.2,70.7,57.3,71.1,57.0,71.4,58.3,70.7,1,0,0,0,0,0,0,0,0,0,0,0,0,0,0,0,0,0,0
10:16:20,10:16:21,53.3,75.6,58.8,70.9,58.2,70.5,58.6,70.3,58.2,70.7,57.4,71.2,57.1,71.4,58.3,70.7,1,0,0,0,0,0,0,0,0,0,0,0,0,0,0,0,0,0,0
10:16:32,10:16:21,53.2,75.6,58.8,70.9,58.3,70.5,58.6,70.3,58.2,70.7,57.3,71.2,57.1,71.6,58.4,70.7,1,0,0,0,0,0,0,0,0,0,0,0,0,0,0,0,0,0,0
10:16:32,10:16:52,53.2,75.6,58.8,70.9,58.3,70.5,58.6,70.3,58.2,70.7,57.3,71.2,57.1,71.6,58.4,70.7,1,0,0,0,0,0,0,0,0,1,0,0,0,0,0,0,0,0,0
10:16:47,10:16:52,53.1,75.7,58.9,71.1,58.4,70.5,58.7,70.3,58.3,70.7,57.5,71.2,57.1,71.6,58.4,70.7,1,0,0,0,0,0,0,0,0,1,0,0,0,0,0,0,0,0,0
10:16:59,10:16:52,53.1,75.7,58.9,71.1,58.5,70.5,58.8,70.3,58.3,70.9,57.5,71.4,57.1,71.6,58.5,70.7,1,0,0,0,0,0,0,0,0,1,0,0,0,0,0,0,0,0,0
10:16:59,10:16:57,53.1,75.7,58.9,71.1,58.5,70.5,58.8,70.3,58.3,70.9,57.5,71.4,57.1,71.6,58.5,70.7,1,0,0,0,0,0,0,0,0,0,0,0,0,0,0,0,0,0,0
10:16:59,10:17:02,53.1,75.7,58.9,71.1,58.5,70.5,58.8,70.3,58.3,70.9,57.5,71.4,57.1,71.6,58.5,70.7,1,0,0,0,0,0,0,0,0,0,0,0,0,0,0,0,0,0,0
10:17:17,10:17:02,52.9,75.9,59.0,71.1,58.6,70.5,58.8,70.3,58.3,70.9,57.5,71.4,57.1,71.8,58.5,70.7,1,0,0,0,0,0,0,0,0,0,0,0,0,0,0,0,0,0,0
10:17:17,10:17:07,52.9,75.9,59.0,71.1,58.6,70.5,58.8,70.3,58.3,70.9,57.5,71.4,57.1,71.8,58.5,70.7,1,0,0,0,0,0,0,0,0,0,0,0,0,0,0,0,0,0,0
10:17:17,10:17:12,52.9,75.9,59.0,71.1,58.6,70.5,58.8,70.3,58.3,70.9,57.5,71.4,57.1,71.8,58.5,70.7,1,0,0,0,0,0,0,1,0,0,0,0,0,0,0,0,0,0,0
10:17:17,10:17:22,52.9,75.9,59.0,71.1,58.6,70.5,58.8,70.3,58.3,70.9,57.5,71.4,57.1,71.8,58.5,70.7,1,0,0,0,0,0,0,0,0,0,0,0,0,0,0,0,0,0,0
10:17:34,10:17:22,53.1,75.9,59.0,71.2,58.7,70.7,59.0,70.5,58.4,70.9,57.5,71.4,57.1,71.8,58.6,70.7,1,0,0,0,0,0,0,0,0,0,0,0,0,0,0,0,0,0,0
10:17:34,10:18:52,53.1,75.9,59.0,71.2,58.7,70.7,59.0,70.5,58.4,70.9,57.5,71.4,57.1,71.8,58.6,70.7,1,0,0,0,0,0,0,1,0,0,0,0,0,0,0,0,0,0,0
10:17:51,10:18:52,53.0,76.1,59.1,71.2,58.8,70.7,59.1,70.5,58.5,71.1,57.5,71.4,57.2,71.8,58.6,70.7,1,0,0,0,0,0,0,1,0,0,0,0,0,0,0,0,0,0,0
10:18:03,10:18:52,53.1,76.3,59.1,71.4,58.9,70.7,59.1,70.5,58.5,71.1,57.6,71.6,57.2,72.0,58.7,70.9,1,0,0,0,0,0,0,1,0,0,0,0,0,0,0,0,0,0,0
10:18:23,10:18:52,53.1,76.3,59.1,71.4,58.9,70.7,59.2,70.5,58.5,71.1,57.6,71.6,57.2,72.0,58.8,70.9,1,0,0,0,0,0,0,1,0,0,0,0,0,0,0,0,0,0,0
10:18:38,10:18:52,53.1,76.5,59.1,71.4,59.1,70.9,59.3,70.5,58.6,71.1,57.7,71.6,57.2,72.0,58.8,71.1,1,0,0,0,0,0,0,1,0,0,0,0,0,0,0,0,0,0,0
10:18:55,10:18:52,52.9,76.5,59.1,71.6,59.1,70.7,59.4,70.5,58.6,71.1,57.7,71.6,57.3,72.0,58.9,71.1,1,0,0,0,0,0,0,1,0,0,0,0,0,0,0,0,0,0,0
10:18:55,10:19:02,52.9,76.5,59.1,71.6,59.1,70.7,59.4,70.5,58.6,71.1,57.7,71.6,57.3,72.0,58.9,71.1,1,0,0,0,0,0,0,0,0,0,0,0,0,0,0,0,0,0,0
10:19:13,10:19:02,53.1,76.6,59.1,71.6,59.2,70.9,59.4,70.5,58.6,71.2,57.8,71.8,57.3,72.1,58.9,71.1,1,0,0,0,0,0,0,0,0,0,0,0,0,0,0,0,0,0,0
10:19:13,10:23:02,53.1,76.6,59.1,71.6,59.2,70.9,59.4,70.5,58.6,71.2,57.8,71.8,57.3,72.1,58.9,71.1,1,0,0,0,0,0,0,0,0,0,0,0,0,0,0,0,0,0,0
10:19:30,10:23:02,53.2,76.6,59.2,71.6,59.3,70.9,59.6,70.7,58.6,71.1,57.8,71.8,57.3,72.1,58.9,71.1,1,0,0,0,0,0,0,0,0,0,0,0,0,0,0,0,0,0,0
10:19:47,10:23:02,52.9,76.8,59.2,71.6,59.5,70.9,59.6,70.5,58.7,71.2,57.9,71.8,57.3,72.1,58.9,71.1,1,0,0,0,0,0,0,0,0,0,0,0,0,0,0,0,0,0,0
10:20:04,10:23:02,53.1,77.0,59.2,71.6,59.4,71.1,59.8,70.7,58.7,71.2,57.9,72.0,57.3,72.3,59.1,71.1,1,0,0,0,0,0,0,0,0,0,0,0,0,0,0,0,0,0,0
10:20:29,10:23:02,53.2,77.0,59.3,71.8,59.6,71.1,59.8,70.7,58.7,71.2,57.9,72.0,57.4,72.3,59.1,71.2,1,0,0,0,0,0,0,0,0,0,0,0,0,0,0,0,0,0,0
10:20:44,10:23:02,52.8,77.0,59.4,71.8,59.7,71.1,59.9,70.7,58.8,71.2,57.9,72.1,57.4,72.3,59.1,71.2,1,0,0,0,0,0,0,0,0,0,0,0,0,0,0,0,0,0,0
10:20:56,10:23:02,52.7,77.2,59.4,71.8,59.7,71.1,59.9,70.7,58.8,71.2,57.9,72.1,57.4,72.5,59.2,71.2,1,0,0,0,0,0,0,0,0,0,0,0,0,0,0,0,0,0,0
10:21:21,10:23:02,52.7,77.2,59.4,72.0,59.8,71.1,60.1,70.7,58.8,71.4,58.0,72.3,57.5,72.5,59.2,71.2,1,0,0,0,0,0,0,0,0,0,0,0,0,0,0,0,0,0,0
10:21:38,10:23:02,52.7,77.4,59.5,72.1,59.9,71.1,60.1,70.9,58.9,71.4,58.0,72.3,57.5,72.7,59.2,71.2,1,0,0,0,0,0,0,0,0,0,0,0,0,0,0,0,0,0,0
10:21:56,10:23:02,52.7,77.4,59.4,72.1,60.0,71.2,60.3,70.9,58.9,71.4,58.0,72.3,57.5,72.7,59.3,71.2,1,0,0,0,0,0,0,0,0,0,0,0,0,0,0,0,0,0,0
10:22:15,10:23:02,52.7,77.5,59.5,72.1,60.1,71.2,60.4,70.9,58.9,71.4,58.0,72.3,57.5,72.9,59.3,71.4,1,0,0,0,0,0,0,0,0,0,0,0,0,0,0,0,0,0,0
10:22:45,10:23:02,52.7,77.5,59.5,72.1,60.1,71.2,60.4,71.1,59.0,71.6,58.0,72.3,57.5,72.9,59.3,71.4,1,0,0,0,0,0,0,0,0,0,0,0,0,0,0,0,0,0,0
10:23:03,10:23:02,52.6,77.7,59.5,72.3,60.2,71.2,60.4,71.1,59.0,71.6,58.1,72.5,57.5,72.9,59.4,71.4,1,0,0,0,0,0,0,0,0,0,0,0,0,0,0,0,0,0,0
10:23:03,10:27:02,52.6,77.7,59.5,72.3,60.2,71.2,60.4,71.1,59.0,71.6,58.1,72.5,57.5,72.9,59.4,71.4,1,0,0,0,0,1,0,0,0,0,0,0,0,0,0,0,0,0,0
10:23:22,10:27:02,52.7,77.9,59.5,72.3,60.3,71.2,60.6,71.1,59.0,71.6,58.1,72.5,57.5,72.9,59.4,71.4,1,0,0,0,0,1,0,0,0,0,0,0,0,0,0,0,0,0,0
10:23:45,10:27:02,52.7,77.9,59.5,72.5,60.4,71.2,60.7,71.1,59.0,71.6,58.1,72.7,57.6,73.0,59.4,71.4,1,0,0,0,0,1,0,0,0,0,0,0,0,0,0,0,0,0,0
10:24:02,10:27:02,52.5,77.9,59.5,72.5,60.4,71.4,60.8,71.1,59.1,71.8,58.1,72.7,57.6,73.0,59.5,71.6,1,0,0,0,0,1,0,0,0,0,0,0,0,0,0,0,0,0,0
10:24:22,10:27:02,52.5,78.1,59.5,72.5,60.5,71.4,60.8,71.1,59.1,71.8,58.1,72.7,57.6,73.0,59.5,71.6,1,0,0,0,0,1,0,0,0,0,0,0,0,0,0,0,0,0,0
10:24:37,10:27:02,52.6,78.1,59.6,72.5,60.6,71.4,60.8,71.2,59.1,72.0,58.2,72.9,57.7,73.2,59.5,71.6,1,0,0,0,0,1,0,0,0,0,0,0,0,0,0,0,0,0,0
10:24:59,10:27:02,52.6,78.1,59.6,72.7,60.6,71.6,61.0,71.2,59.1,72.0,58.3,72.9,57.7,73.2,59.6,71.6,1,0,0,0,0,1,0,0,0,0,0,0,0,0,0,0,0,0,0
10:25:29,10:27:02,52.5,78.3,,,60.7,71.6,61.1,71.2,59.2,72.0,58.3,72.9,57.6,73.2,59.6,71.6,1,0,0,0,0,1,0,0,0,0,0,0,0,0,0,0,0,0,0
10:25:44,10:27:02,52.3,78.3,59.6,72.7,60.8,71.6,61.1,71.2,59.2,72.0,58.2,73.0,57.6,73.4,59.6,71.8,1,0,0,0,0,1,0,0,0,0,0,0,0,0,0,0,0,0,0
10:25:56,10:27:02,52.2,78.4,59.6,72.9,60.8,71.6,61.2,71.4,59.3,72.0,58.2,73.0,57.6,73.4,59.7,71.8,1,0,0,0,0,1,0,0,0,0,0,0,0,0,0,0,0,0,0
10:26:23,10:27:02,52.2,78.3,59.6,72.9,60.9,71.8,61.1,71.4,59.3,72.0,58.2,73.2,57.6,73.4,59.7,71.8,1,0,0,0,0,1,0,0,0,0,0,0,0,0,0,0,0,0,0
10:26:38,10:27:02,52.2,78.4,59.6,72.9,60.9,71.8,61.2,71.4,59.3,72.1,58.2,73.2,57.7,73.6,59.7,71.8,1,0,0,0,0,1,0,0,0,0,0,0,0,0,0,0,0,0,0
10:26:50,10:27:02,52.2,78.4,59.6,72.9,61.0,71.8,61.3,71.4,59.3,72.1,58.2,73.2,57.7,73.6,59.7,72.0,1,0,0,0,0,1,0,0,0,0,0,0,0,0,0,0,0,0,0
10:27:13,10:27:02,52.2,78.4,59.6,73.0,61.0,71.8,61.3,71.4,59.3,72.1,58.2,73.2,57.7,73.8,59.7,72.0,1,0,0,0,0,1,0,0,0,0,0,0,0,0,0,0,0,0,0
10:27:13,10:27:12,52.2,78.4,59.6,73.0,61.0,71.8,61.3,71.4,59.3,72.1,58.2,73.2,57.7,73.8,59.7,72.0,1,0,0,0,0,0,0,0,0,0,0,0,0,0,0,0,0,0,0
10:27:13,10:30:12,52.2,78.4,59.6,73.0,61.0,71.8,61.3,71.4,59.3,72.1,58.2,73.2,57.7,73.8,59.7,72.0,1,0,0,0,0,0,0,0,0,0,0,0,0,0,0,0,0,0,0
10:27:25,10:30:12,52.2,78.6,59.6,73.0,61.1,71.8,61.4,71.6,59.3,72.1,58.2,73.2,57.7,73.6,59.7,72.0,1,0,0,0,0,0,0,0,0,0,0,0,0,0,0,0,0,0,0
10:27:45,10:30:12,52.1,78.4,59.6,73.0,61.1,71.8,61.5,71.6,59.4,72.3,58.2,73.2,57.7,73.8,59.8,72.0,1,0,0,0,0,0,0,0,0,0,0,0,0,0,0,0,0,0,0
10:27:59,10:30:12,52.0,78.6,59.6,73.2,61.1,71.8,61.5,71.6,59.4,72.1,58.2,73.2,57.7,73.8,59.7,72.0,1,0,0,0,0,0,0,0,0,0,0,0,0,0,0,0,0,0,0
10:28:12,10:30:12,52.0,78.6,59.6,73.2,61.2,72.0,61.5,71.6,59.4,72.3,58.2,73.4,57.7,73.8,59.8,72.0,1,0,0,0,0,0,0,0,0,0,0,0,0,0,0,0,0,0,0
10:28:31,10:30:12,52.1,78.6,59.6,73.2,61.2,72.0,61.6,71.6,59.4,72.3,58.2,73.4,57.7,73.8,59.7,72.1,1,0,0,0,0,0,0,0,0,0,0,0,0,0,0,0,0,0,0
10:28:56,10:30:12,51.9,78.6,59.6,73.2,61.2,72.0,61.6,71.6,59.4,72.3,58.2,73.4,57.7,73.9,59.7,72.1,1,0,0,0,0,0,0,0,0,0,0,0,0,0,0,0,0,0,0
10:29:08,10:30:12,51.8,78.6,59.5,73.4,61.3,72.0,61.7,71.6,59.5,72.5,58.2,73.4,57.7,73.9,59.7,72.1,1,0,0,0,0,0,0,0,0,0,0,0,0,0,0,0,0,0,0
10:29:38,10:30:12,51.9,78.6,59.5,73.4,61.3,72.0,61.7,71.6,59.5,72.3,58.2,73.6,57.6,73.9,59.7,72.1,1,0,0,0,0,0,0,0,0,0,0,0,0,0,0,0,0,0,0
10:29:56,10:30:12,51.8,78.6,59.5,73.4,61.3,72.0,61.7,71.8,59.6,72.7,58.1,73.6,57.6,73.9,59.8,72.1,1,0,0,0,0,0,0,0,0,0,0,0,0,0,0,0,0,0,0
10:30:15,10:30:12,51.7,78.6,59.5,73.4,61.4,72.0,61.8,71.8,59.5,72.5,58.1,73.6,57.5,74.1,59.8,72.1,1,0,0,0,0,0,0,0,0,0,0,0,0,0,0,0,0,0,0
10:30:15,10:33:12,51.7,78.6,59.5,73.4,61.4,72.0,61.8,71.8,59.5,72.5,58.1,73.6,57.5,74.1,59.8,72.1,1,0,0,0,0,1,0,0,0,0,0,0,0,0,0,0,0,0,0
10:30:38,10:33:12,51.8,78.6,59.4,73.4,61.4,72.1,61.8,71.8,59.5,72.7,58.1,73.6,57.5,74.1,59.8,72.1,1,0,0,0,0,1,0,0,0,0,0,0,0,0,0,0,0,0,0
10:30:58,10:33:12,51.8,78.6,59.3,73.6,61.4,72.1,61.8,71.8,59.6,72.7,58.1,73.9,57.4,74.1,59.8,72.3,1,0,0,0,0,1,0,0,0,0,0,0,0,0,0,0,0,0,0
10:31:22,10:33:12,52.0,78.4,59.3,73.6,61.4,72.1,61.9,71.8,59.7,72.7,58.0,73.8,57.2,74.3,59.8,72.3,1,0,0,0,0,1,0,0,0,0,0,0,0,0,0,0,0,0,0
10:31:45,10:33:12,51.9,78.4,59.2,73.6,61.5,72.3,61.9,71.8,59.6,72.7,58.0,73.9,57.2,74.3,59.8,72.3,1,0,0,0,0,1,0,0,0,0,0,0,0,0,0,0,0,0,0
10:32:00,10:33:12,52.0,78.4,59.2,73.6,61.5,72.3,61.9,71.8,59.7,72.9,58.0,73.9,57.1,74.3,59.8,72.3,1,0,0,0,0,1,0,0,0,0,0,0,0,0,0,0,0,0,0
10:32:14,10:33:12,52.1,78.4,59.2,73.6,61.5,72.3,61.9,72.0,59.7,72.9,57.9,73.9,57.1,74.3,59.8,72.3,1,0,0,0,0,1,0,0,0,0,0,0,0,0,0,0,0,0,0
10:32:39,10:33:12,52.0,78.4,59.1,73.8,61.5,72.3,61.9,71.8,59.7,72.9,57.9,73.9,57.0,74.3,59.8,72.3,1,0,0,0,0,1,0,0,0,0,0,0,0,0,0,0,0,0,0
10:32:56,10:33:12,52.0,78.4,59.0,73.8,61.5,72.3,62.0,72.0,59.7,72.9,57.9,73.9,57.0,74.5,59.9,72.3,1,0,0,0,0,1,0,0,0,0,0,0,0,0,0,0,0,0,0
10:33:09,10:33:12,52.0,78.3,59.0,73.8,61.5,72.3,62.0,72.0,59.7,72.9,57.9,74.1,56.9,74.5,59.8,72.5,1,0,0,0,0,1,0,0,0,0,0,0,0,0,0,0,0,0,0
10:33:33,10:33:12,51.6,78.4,59.0,73.8,61.5,72.3,62.0,72.0,59.7,72.9,57.9,74.1,56.9,74.5,59.8,72.5,1,0,0,0,0,1,0,0,0,0,0,0,0,0,0,0,0,0,0
10:33:33,10:33:22,51.6,78.4,59.0,73.8,61.5,72.3,62.0,72.0,59.7,72.9,57.9,74.1,56.9,74.5,59.8,72.5,1,0,0,0,0,0,0,0,0,0,0,0,0,0,0,0,0,0,0
10:33:33,10:36:52,51.6,78.4,59.0,73.8,61.5,72.3,62.0,72.0,59.7,72.9,57.9,74.1,56.9,74.5,59.8,72.5,1,0,0,0,0,0,0,1,0,0,0,0,0,0,0,0,0,0,0
10:33:48,10:36:52,51.6,78.3,59.0,73.9,61.5,72.3,62.0,72.0,59.7,73.0,57.8,74.1,56.8,74.5,59.8,72.5,1,0,0,0,0,0,0,1,0,0,0,0,0,0,0,0,0,0,0
10:34:00,10:36:52,51.7,78.3,58.9,73.9,61.5,72.3,62.0,72.0,59.7,72.9,57.7,74.1,56.8,74.5,59.8,72.5,1,0,0,0,0,0,0,1,0,0,0,0,0,0,0,0,0,0,0
10:34:20,10:36:52,51.9,78.3,58.9,73.9,61.5,72.5,62.0,72.0,59.7,72.9,57.5,74.1,56.6,74.5,59.8,72.5,1,0,0,0,0,0,0,1,0,0,0,0,0,0,0,0,0,0,0
10:34:45,10:36:52,51.9,78.3,58.8,73.9,61.5,72.5,62.0,72.1,59.7,73.0,57.4,74.1,56.6,74.7,59.8,72.5,1,0,0,0,0,0,0,1,0,0,0,0,0,0,0,0,0,0,0
10:35:00,10:36:52,51.9,78.3,58.5,73.9,61.5,72.5,62.1,72.0,59.8,73.0,57.0,74.1,56.4,74.7,59.8,72.5,1,0,0,0,0,0,0,1,0,0,0,0,0,0,0,0,0,0,0
10:35:17,10:36:52,51.9,78.3,58.5,73.9,61.5,72.5,62.1,72.0,59.8,73.0,56.8,74.1,56.3,74.7,59.8,72.7,1,0,0,0,0,0,0,1,0,0,0,0,0,0,0,0,0,0,0
10:35:37,10:36:52,51.9,78.3,58.3,73.9,61.4,72.5,62.1,72.1,59.7,73.0,56.7,74.1,56.3,74.7,59.8,72.7,1,0,0,0,0,0,0,1,0,0,0,0,0,0,0,0,0,0,0
10:35:57,10:36:52,51.5,78.1,58.2,73.9,61.4,72.5,62.0,72.0,59.7,73.0,56.9,74.1,56.1,74.7,59.9,72.7,1,0,0,0,0,0,0,1,0,0,0,0,0,0,0,0,0,0,0
10:36:14,10:36:52,51.4,78.1,58.2,73.9,61.4,72.5,62.1,72.1,59.7,73.0,56.7,74.3,56.0,74.7,59.9,72.7,1,0,0,0,0,0,0,1,0,0,0,0,0,0,0,0,0,0,0
10:36:29,10:36:52,51.5,78.1,58.1,73.9,61.4,72.5,62.0,72.1,59.7,73.2,56.6,74.3,56.0,74.7,59.9,72.7,1,0,0,0,0,0,0,1,0,0,0,0,0,0,0,0,0,0,0
10:36:49,10:36:52,51.4,78.1,58.0,74.1,61.4,72.5,62.1,72.1,59.7,73.2,56.1,74.3,55.9,74.7,59.9,72.7,1,0,0,0,0,0,0,1,0,0,0,0,0,0,0,0,0,0,0
10:37:16,10:36:52,51.4,78.1,57.9,74.1,61.4,72.5,62.0,72.1,59.7,73.2,56.1,74.3,55.8,74.7,59.9,72.7,1,0,0,0,0,0,0,1,0,0,0,0,0,0,0,0,0,0,0
10:37:16,10:37:02,51.4,78.1,57.9,74.1,61.4,72.5,62.0,72.1,59.7,73.2,56.1,74.3,55.8,74.7,59.9,72.7,1,0,0,0,0,0,0,0,0,0,0,0,0,0,0,0,0,0,0
10:37:16,10:38:02,51.4,78.1,57.9,74.1,61.4,72.5,62.0,72.1,59.7,73.2,56.1,74.3,55.8,74.7,59.9,72.7,1,0,0,0,0,0,0,1,0,0,0,0,0,0,0,0,0,0,0
10:37:33,10:38:02,51.5,77.9,57.7,74.1,61.4,72.7,62.0,72.1,59.7,73.2,56.0,74.3,55.7,74.7,59.9,72.9,1,0,0,0,0,0,0,1,0,0,0,0,0,0,0,0,0,0,0
10:37:48,10:38:02,51.6,77.9,57.7,74.1,61.3,72.7,62.0,72.3,59.6,73.2,56.0,74.3,55.7,74.8,59.9,72.9,1,0,0,0,0,0,0,1,0,0,0,0,0,0,0,0,0,0,0
10:38:23,10:38:02,51.4,77.9,57.5,74.3,61.3,72.7,62.0,72.3,59.5,73.4,55.9,74.3,55.5,74.8,59.9,72.7,1,0,0,0,0,0,0,1,0,0,0,0,0,0,0,0,0,0,0
10:38:23,10:38:12,51.4,77.9,57.5,74.3,61.3,72.7,62.0,72.3,59.5,73.4,55.9,74.3,55.5,74.8,59.9,72.7,1,0,0,0,0,0,0,0,0,0,0,0,0,0,0,0,0,0,0
10:38:23,10:41:12,51.4,77.9,57.5,74.3,61.3,72.7,62.0,72.3,59.5,73.4,55.9,74.3,55.5,74.8,59.9,72.7,1,0,0,0,0,0,0,0,0,0,0,0,0,0,0,0,0,0,0
10:38:48,10:41:12,51.5,77.9,57.5,74.1,61.3,72.7,62.0,72.3,59.5,73.4,55.7,74.3,55.3,74.8,59.9,72.9,1,0,0,0,0,0,0,0,0,0,0,0,0,0,0,0,0,0,0
10:39:05,10:41:12,51.2,77.9,57.3,74.1,61.2,72.7,62.0,72.3,59.5,73.2,55.5,74.3,55.1,74.8,59.9,72.7,1,0,0,0,0,0,0,0,0,0,0,0,0,0,0,0,0,0,0
10:39:22,10:41:12,51.4,77.9,57.2,74.1,61.2,72.7,62.0,72.3,59.5,73.2,55.5,74.5,55.1,74.8,59.9,72.7,1,0,0,0,0,0,0,0,0,0,0,0,0,0,0,0,0,0,0
10:39:42,10:41:12,51.3,77.9,57.1,74.1,61.2,72.7,61.9,72.3,59.4,73.2,55.4,74.5,55.2,74.8,59.8,72.9,1,0,0,0,0,0,0,0,0,0,0,0,0,0,0,0,0,0,0
10:39:57,10:41:12,51.3,77.9,57.1,74.3,61.1,72.7,61.9,72.3,59.4,73.2,55.4,74.5,55.1,74.8,59.9,72.9,1,0,0,0,0,0,0,0,0,0,0,0,0,0,0,0,0,0,0
10:40:09,10:41:12,51.3,77.9,57.1,74.3,61.1,72.7,61.9,72.3,59.4,73.4,55.5,74.5,55.2,74.8,59.8,72.9,1,0,0,0,0,0,0,0,0,0,0,0,0,0,0,0,0,0,0
10:40:21,10:41:12,51.3,77.9,57.0,74.3,61.1,72.7,61.9,72.3,59.4,73.4,55.6,74.5,55.1,74.8,59.8,72.9,1,0,0,0,0,0,0,0,0,0,0,0,0,0,0,0,0,0,0
10:40:36,10:41:12,51.3,77.9,57.0,74.3,61.1,72.7,61.9,72.3,59.4,73.4,55.7,74.5,55.0,74.8,59.8,72.9,1,0,0,0,0,0,0,0,0,0,0,0,0,0,0,0,0,0,0
10:40:58,10:41:12,51.3,77.7,56.9,74.3,61.0,72.7,61.8,72.3,59.4,73.4,55.7,74.5,54.9,74.8,59.7,72.9,1,0,0,0,0,0,0,0,0,0,0,0,0,0,0,0,0,0,0
10:41:16,10:41:12,51.2,77.7,56.9,74.3,61.0,72.7,61.8,72.3,59.3,73.4,55.7,74.5,54.6,75.0,59.7,72.9,1,0,0,0,0,0,0,0,0,0,0,0,0,0,0,0,0,0,0
10:41:16,10:44:12,51.2,77.7,56.9,74.3,61.0,72.7,61.8,72.3,59.3,73.4,55.7,74.5,54.6,75.0,59.7,72.9,1,0,0,0,0,0,1,0,0,0,0,0,0,0,0,0,0,0,0
10:41:36,10:44:12,51.2,77.7,56.9,74.3,61.0,72.7,61.8,72.3,59.3,73.4,55.4,74.7,54.6,74.8,59.7,72.9,1,0,0,0,0,0,1,0,0,0,0,0,0,0,0,0,0,0,0
10:42:00,10:44:12,51.5,77.7,56.8,74.3,61.0,72.7,61.8,72.3,59.3,73.4,55.5,74.7,54.6,75.0,59.7,72.9,1,0,0,0,0,0,1,0,0,0,0,0,0,0,0,0,0,0,0
10:42:15,10:44:12,51.4,77.7,56.9,74.3,60.9,72.9,61.7,72.5,59.2,73.4,55.8,74.5,54.4,75.0,59.7,72.9,1,0,0,0,0,0,1,0,0,0,0,0,0,0,0,0,0,0,0
10:42:45,10:44:12,51.4,77.7,56.7,74.3,60.9,72.9,61.7,72.5,59.2,73.4,55.0,74.5,54.3,75.0,59.7,72.9,1,0,0,0,0,0,1,0,0,0,0,0,0,0,0,0,0,0,0
10:43:02,10:44:12,51.3,77.7,56.5,74.3,60.8,72.9,61.6,72.3,59.1,73.6,54.9,74.7,54.3,75.0,59.7,72.9,1,0,0,0,0,0,1,0,0,0,0,0,0,0,0,0,0,0,0
10:43:35,10:44:12,51.3,77.7,56.4,74.3,60.8,72.9,61.6,72.3,59.0,73.6,54.9,74.7,54.4,75.0,59.6,72.9,1,0,0,0,0,0,1,0,0,0,0,0,0,0,0,0,0,0,0
10:44:00,10:44:12,51.1,77.7,56.4,74.3,60.7,72.9,61.6,72.3,59.0,73.6,54.9,74.7,54.1,75.0,59.6,72.9,1,0,0,0,0,0,1,0,0,0,0,0,0,0,0,0,0,0,0
10:44:17,10:44:12,51.1,77.5,56.3,74.3,60.7,72.9,61.5,72.5,59.0,73.6,54.8,74.7,53.9,75.0,59.5,72.9,1,0,0,0,0,0,1,0,0,0,0,0,0,0,0,0,0,0,0
10:44:17,10:44:22,51.1,77.5,56.3,74.3,60.7,72.9,61.5,72.5,59.0,73.6,54.8,74.7,53.9,75.0,59.5,72.9,1,0,0,0,0,0,0,0,0,0,0,0,0,0,0,0,0,0,0
10:44:34,10:44:22,51.1,77.5,56.2,74.3,60.6,72.9,61.5,72.5,58.9,73.6,54.7,74.7,53.9,75.0,59.5,72.9,1,0,0,0,0,0,0,0,0,0,0,0,0,0,0,0,0,0,0
10:44:34,10:46:02,51.1,77.5,56.2,74.3,60.6,72.9,61.5,72.5,58.9,73.6,54.7,74.7,53.9,75.0,59.5,72.9,1,0,0,0,0,0,0,0,0,0,0,0,0,0,0,0,0,0,0
10:45:02,10:46:02,51.1,77.5,56.1,74.3,60.6,72.9,61.4,72.5,58.9,73.8,54.7,74.7,53.9,75.0,59.5,72.9,1,0,0,0,0,0,0,0,0,0,0,0,0,0,0,0,0,0,0
10:45:24,10:46:02,50.9,77.5,56.1,74.3,60.6,72.9,61.4,72.5,58.8,73.8,54.9,74.7,54.0,75.0,59.5,72.9,1,0,0,0,0,0,0,0,0,0,0,0,0,0,0,0,0,0,0
10:45:56,10:46:02,50.9,77.5,56.2,74.3,60.6,72.9,61.3,72.5,58.8,73.8,54.9,74.7,54.1,75.0,59.4,72.9,1,0,0,0,0,0,0,0,0,0,0,0,0,0,0,0,0,0,0
10:46:14,10:46:02,50.9,77.5,56.3,74.3,60.5,72.9,61.3,72.5,58.8,73.6,55.8,74.8,54.1,75.0,59.4,73.0,1,0,0,0,0,0,0,0,0,0,0,0,0,0,0,0,0,0,0
10:46:14,10:47:42,50.9,77.5,56.3,74.3,60.5,72.9,61.3,72.5,58.8,73.6,55.8,74.8,54.1,75.0,59.4,73.0,1,0,0,0,0,0,0,0,0,1,0,0,0,0,0,0,0,0,0
10:46:36,10:47:42,51.0,77.5,56.3,74.3,60.4,72.9,61.3,72.5,58.8,73.6,55.3,74.8,54.1,75.0,59.3,73.0,1,0,0,0,0,0,0,0,0,1,0,0,0,0,0,0,0,0,0
10:46:58,10:47:42,51.0,77.5,56.0,74.3,60.3,72.9,61.2,72.5,58.8,73.8,55.0,74.8,53.7,75.2,59.3,73.0,1,0,0,0,0,0,0,0,0,1,0,0,0,0,0,0,0,0,0
10:47:28,10:47:42,51.0,77.5,56.0,74.3,60.3,72.9,61.2,72.5,58.8,73.8,55.0,74.7,53.9,75.0,59.3,73.0,1,0,0,0,0,0,0,0,0,1,0,0,0,0,0,0,0,0,0
10:47:48,10:47:42,51.0,77.5,55.9,74.5,60.3,72.9,61.1,72.5,58.7,73.8,54.6,74.8,53.6,75.0,59.3,73.0,1,0,0,0,0,0,0,0,0,1,0,0,0,0,0,0,0,0,0
10:47:48,10:47:52,51.0,77.5,55.9,74.5,60.3,72.9,61.1,72.5,58.7,73.8,54.6,74.8,53.6,75.0,59.3,73.0,1,0,0,0,0,0,0,0,0,0,0,0,0,0,0,0,0,0,0
10:48:08,10:47:52,50.8,77.5,55.8,74.3,60.3,72.9,61.1,72.5,58.6,73.8,54.6,74.8,53.5,75.2,59.3,73.0,1,0,0,0,0,0,0,0,0,0,0,0,0,0,0,0,0,0,0
10:48:08,10:48:33,50.8,77.5,55.8,74.3,60.3,72.9,61.1,72.5,58.6,73.8,54.6,74.8,53.5,75.2,59.3,73.0,1,0,0,0,0,0,1,0,0,0,0,0,0,0,0,0,0,0,0
10:48:30,10:48:33,50.9,77.5,55.8,74.5,60.3,72.9,61.0,72.5,58.6,73.8,54.6,74.8,53.6,75.2,59.3,73.0,1,0,0,0,0,0,1,0,0,0,0,0,0,0,0,0,0,0,0
10:48:47,10:48:33,50.9,77.5,55.8,74.5,60.2,72.9,61.0,72.5,58.6,73.8,54.7,74.8,53.7,75.2,59.3,73.0,1,0,0,0,0,0,1,0,0,0,0,0,0,0,0,0,0,0,0
10:48:47,10:48:43,50.9,77.5,55.8,74.5,60.2,72.9,61.0,72.5,58.6,73.8,54.7,74.8,53.7,75.2,59.3,73.0,1,0,0,0,0,0,1,1,0,0,0,0,0,0,0,0,0,0,0
10:48:47,10:48:53,50.9,77.5,55.8,74.5,60.2,72.9,61.0,72.5,58.6,73.8,54.7,74.8,53.7,75.2,59.3,73.0,1,0,0,0,0,0,0,1,0,0,0,0,0,0,0,0,0,0,0
10:49:00,10:48:53,51.0,77.5,55.9,74.5,60.2,73.0,60.9,72.5,58.5,73.8,54.7,74.8,53.6,75.2,59.3,73.0,1,0,0,0,0,0,0,1,0,0,0,0,0,0,0,0,0,0,0
10:49:00,10:49:13,51.0,77.5,55.9,74.5,60.2,73.0,60.9,72.5,58.5,73.8,54.7,74.8,53.6,75.2,59.3,73.0,1,0,0,0,0,0,0,0,0,0,0,0,0,0,0,0,0,0,0
10:49:25,10:49:13,50.6,77.5,55.9,74.5,60.2,72.9,60.9,72.5,58.4,73.8,54.7,74.8,53.6,75.2,59.2,73.0,1,0,0,0,0,0,0,0,0,0,0,0,0,0,0,0,0,0,0
10:49:25,10:49:43,50.6,77.5,55.9,74.5,60.2,72.9,60.9,72.5,58.4,73.8,54.7,74.8,53.6,75.2,59.2,73.0,1,0,0,0,1,0,0,0,0,0,0,0,0,0,0,0,0,0,0
10:49:39,10:49:43,50.8,77.5,55.8,74.5,60.1,72.9,60.8,72.5,58.4,73.8,54.6,74.8,53.4,75.2,59.2,73.0,1,0,0,0,1,0,0,0,0,0,0,0,0,0,0,0,0,0,0
10:49:52,10:49:43,50.8,77.4,55.8,74.5,60.1,73.0,60.7,72.5,58.3,73.8,,,53.5,75.2,59.2,73.0,1,0,0,0,1,0,0,0,0,0,0,0,0,0,0,0,0,0,0
10:49:52,10:51:13,50.8,77.4,55.8,74.5,60.1,73.0,60.7,72.5,58.3,73.8,,,53.5,75.2,59.2,73.0,1,0,0,0,0,0,0,0,0,0,0,0,0,0,0,0,0,0,0
10:50:16,10:51:13,50.9,77.4,55.6,74.5,60.0,73.0,60.8,72.5,58.3,73.8,54.6,74.8,53.3,75.2,59.1,73.0,1,0,0,0,0,0,0,0,0,0,0,0,0,0,0,0,0,0,0
10:50:41,10:51:13,50.5,77.4,55.6,74.5,60.0,73.0,60.7,72.5,58.3,73.8,54.5,74.8,53.2,75.2,59.1,73.0,1,0,0,0,0,0,0,0,0,0,0,0,0,0,0,0,0,0,0
10:51:14,10:51:13,50.5,77.4,55.6,74.5,59.9,73.0,60.6,72.5,58.3,73.8,54.4,74.8,53.0,75.2,,,1,0,0,0,0,0,0,0,0,0,0,0,0,0,0,0,0,0,0
10:51:14,10:52:13,50.5,77.4,55.6,74.5,59.9,73.0,60.6,72.5,58.3,73.8,54.4,74.8,53.0,75.2,,,1,0,0,0,0,0,0,0,0,0,0,0,0,0,0,0,0,0,0
10:51:33,10:52:13,50.7,77.4,55.5,74.5,59.9,73.0,60.6,72.5,58.3,73.8,54.3,74.8,52.9,75.2,58.9,73.0,1,0,0,0,0,0,0,0,0,0,0,0,0,0,0,0,0,0,0
10:51:58,10:52:13,50.7,77.4,55.4,74.5,59.8,73.0,60.6,72.5,58.3,73.8,55.1,74.8,52.8,75.2,58.9,73.0,1,0,0,0,0,0,0,0,0,0,0,0,0,0,0,0,0,0,0
10:52:16,10:52:13,50.7,77.4,55.4,74.5,59.8,73.0,60.5,72.5,58.3,73.9,54.5,75.0,52.8,75.2,58.8,73.0,1,0,0,0,0,0,0,0,0,0,0,0,0,0,0,0,0,0,0
10:52:16,10:53:13,50.7,77.4,55.4,74.5,59.8,73.0,60.5,72.5,58.3,73.9,54.5,75.0,52.8,75.2,58.8,73.0,1,0,0,0,0,0,0,1,0,0,0,0,0,0,0,0,0,0,0
10:52:33,10:53:13,50.4,77.4,55.4,74.5,59.8,72.3,60.4,72.5,58.2,73.8,54.3,74.8,52.6,75.2,58.8,73.0,1,0,0,0,0,0,0,1,0,0,0,0,0,0,0,0,0,0,0
10:52:55,10:53:13,50.4,77.4,55.3,74.5,59.8,73.0,60.4,72.5,58.1,73.8,54.2,75.0,52.7,75.2,58.8,73.0,1,0,0,0,0,0,0,1,0,0,0,0,0,0,0,0,0,0,0
10:53:25,10:53:13,50.3,77.4,55.3,74.5,58.6,73.0,60.3,72.5,58.1,73.8,54.1,75.0,52.9,75.4,58.7,73.0,1,0,0,0,0,0,0,1,0,0,0,0,0,0,0,0,0,0,0
10:53:25,10:53:23,50.3,77.4,55.3,74.5,58.6,73.0,60.3,72.5,58.1,73.8,54.1,75.0,52.9,75.4,58.7,73.0,1,0,0,0,0,0,0,0,0,0,0,0,0,0,0,0,0,0,0
10:53:25,10:54:03,50.3,77.4,55.3,74.5,58.6,73.0,60.3,72.5,58.1,73.8,54.1,75.0,52.9,75.4,58.7,73.0,1,0,0,0,0,0,1,0,0,0,0,0,0,0,0,0,0,0,0
10:53:47,10:54:03,50.5,77.4,55.3,74.5,58.3,73.0,60.3,72.5,58.1,73.9,54.2,75.0,52.8,75.2,58.7,73.2,1,0,0,0,0,0,1,0,0,0,0,0,0,0,0,0,0,0,0
10:54:05,10:54:03,50.4,,55.3,74.5,58.2,73.0,60.2,72.5,58.0,73.9,54.2,75.0,53.0,75.2,58.7,73.0,1,0,0,0,0,0,1,0,0,0,0,0,0,0,0,0,0,0,0
10:54:05,10:54:13,50.4,,55.3,74.5,58.2,73.0,60.2,72.5,58.0,73.9,54.2,75.0,53.0,75.2,58.7,73.0,1,0,0,0,0,0,0,0,0,0,0,0,0,0,0,0,0,0,0
10:54:27,10:54:13,50.6,77.4,55.2,74.5,58.2,73.0,60.1,72.5,58.0,73.9,54.3,75.0,53.0,75.4,,,1,0,0,0,0,0,0,0,0,0,0,0,0,0,0,0,0,0,0
10:54:27,10:54:43,50.6,77.4,55.2,74.5,58.2,73.0,60.1,72.5,58.0,73.9,54.3,75.0,53.0,75.4,,,1,0,0,0,0,0,0,0,0,0,0,0,0,0,0,0,0,0,0
10:54:47,10:54:43,50.3,77.4,55.3,74.5,,,60.1,72.5,58.0,73.9,54.8,75.0,52.9,75.4,58.6,73.2,1,0,0,0,0,0,0,0,0,0,0,0,0,0,0,0,0,0,0
10:54:47,10:55:13,50.3,77.4,55.3,74.5,,,60.1,72.5,58.0,73.9,54.8,75.0,52.9,75.4,58.6,73.2,1,0,0,0,0,0,0,0,0,0,0,0,0,0,1,0,0,0,0
10:55:19,10:55:13,50.4,77.4,55.3,74.5,57.9,73.0,59.9,72.5,58.0,73.9,54.0,75.0,53.1,75.4,58.5,73.2,1,0,0,0,0,0,0,0,0,0,0,0,0,0,1,0,0,0,0
10:55:19,10:56:53,50.4,77.4,55.3,74.5,57.9,73.0,59.9,72.5,58.0,73.9,54.0,75.0,53.1,75.4,58.5,73.2,1,0,0,0,0,0,1,0,0,0,0,0,0,0,1,0,0,0,0
10:56:07,10:56:53,50.2,77.4,55.3,74.7,57.7,73.0,59.9,72.5,58.0,73.9,53.8,75.0,53.1,75.4,58.5,73.2,1,0,0,0,0,0,1,0,0,0,0,0,0,0,1,0,0,0,0
10:56:22,10:56:53,50.4,77.2,55.2,74.5,57.8,73.0,59.8,72.5,58.0,73.9,53.9,75.0,53.0,75.4,58.4,73.0,1,0,0,0,0,0,1,0,0,0,0,0,0,0,1,0,0,0,0
10:56:52,10:56:53,50.3,77.2,55.2,74.7,57.9,73.0,59.8,72.5,57.9,73.9,53.8,75.0,52.3,75.4,58.4,73.2,1,0,0,0,0,0,1,0,0,0,0,0,0,0,1,0,0,0,0
10:57:19,10:56:53,50.9,76.6,55.0,74.5,57.9,73.0,59.8,72.5,57.7,73.9,53.8,75.0,52.2,75.4,58.3,73.2,1,0,0,0,0,0,1,0,0,0,0,0,0,0,1,0,0,0,0
10:57:19,10:57:03,50.9,76.6,55.0,74.5,57.9,73.0,59.8,72.5,57.7,73.9,53.8,75.0,52.2,75.4,58.3,73.2,1,0,0,0,0,0,0,0,0,0,0,0,0,0,1,0,0,0,0
10:57:19,10:58:03,50.9,76.6,55.0,74.5,57.9,73.0,59.8,72.5,57.7,73.9,53.8,75.0,52.2,75.4,58.3,73.2,1,0,0,0,0,0,0,0,0,1,0,0,0,0,1,0,0,0,0
10:57:52,10:58:03,50.8,76.6,55.0,74.5,57.9,73.0,59.7,72.5,57.6,73.9,53.8,75.0,51.4,75.2,58.2,73.2,1,0,0,0,0,0,0,0,0,1,0,0,0,0,1,0,0,0,0
10:58:27,10:58:03,51.0,76.3,55.0,74.5,57.9,73.0,59.6,72.5,57.6,73.9,53.5,74.8,51.3,75.2,58.3,73.0,1,0,0,0,0,0,0,0,0,1,0,0,0,0,1,0,0,0,0
10:58:27,10:58:13,51.0,76.3,55.0,74.5,57.9,73.0,59.6,72.5,57.6,73.9,53.5,74.8,51.3,75.2,58.3,73.0,1,0,0,0,0,0,0,0,0,0,0,0,0,0,1,0,0,0,0
10:58:27,10:58:23,51.0,76.3,55.0,74.5,57.9,73.0,59.6,72.5,57.6,73.9,53.5,74.8,51.3,75.2,58.3,73.0,1,0,0,0,0,0,0,0,0,0,0,0,0,0,1,0,0,0,0
10:58:27,10:58:33,51.0,76.3,55.0,74.5,57.9,73.0,59.6,72.5,57.6,73.9,53.5,74.8,51.3,75.2,58.3,73.0,0,0,0,0,0,0,0,0,0,0,0,0,0,0,1,0,0,0,0
10:58:54,10:58:33,51.4,76.1,55.0,74.5,57.8,73.0,59.3,72.5,57.6,73.9,53.5,74.8,51.3,75.0,58.2,73.0,0,0,0,0,0,0,0,0,0,0,0,0,0,0,1,0,0,0,0
10:58:54,10:58:33,51.4,76.1,55.0,74.5,57.8,73.0,59.3,72.5,57.6,73.9,53.5,74.8,51.3,75.0,58.2,73.0,0,0,0,0,0,0,0,0,0,0,0,0,0,0,1,0,0,0,0
10:58:54,10:58:33,51.4,76.1,55.0,74.5,57.8,73.0,59.3,72.5,57.6,73.9,53.5,74.8,51.3,75.0,58.2,73.0,0,0,0,0,0,0,0,0,0,0,0,0,0,0,1,0,0,0,0
10:58:54,10:58:33,51.4,76.1,55.0,74.5,57.8,73.0,59.3,72.5,57.6,73.9,53.5,74.8,51.3,75.0,58.2,73.0,0,0,0,0,0,0,0,0,0,0,0,0,0,0,0,0,0,0,0
10:58:54,10:58:41,51.4,76.1,55.0,74.5,57.8,73.0,59.3,72.5,57.6,73.9,53.5,74.8,51.3,75.0,58.2,73.0,0,0,0,0,0,0,1,0,0,0,0,0,0,0,0,0,0,0,0
10:58:54,10:58:43,51.4,76.1,55.0,74.5,57.8,73.0,59.3,72.5,57.6,73.9,53.5,74.8,51.3,75.0,58.2,73.0,0,0,0,0,0,0,0,0,0,0,0,0,0,0,0,0,0,0,0
10:58:54,10:58:51,51.4,76.1,55.0,74.5,57.8,73.0,59.3,72.5,57.6,73.9,53.5,74.8,51.3,75.0,58.2,73.0,0,0,0,0,0,0,0,1,0,0,0,0,0,0,0,0,0,0,0
10:58:54,10:58:55,51.4,76.1,55.0,74.5,57.8,73.0,59.3,72.5,57.6,73.9,53.5,74.8,51.3,75.0,58.2,73.0,0,0,0,0,0,0,0,0,0,0,0,0,0,0,0,0,0,0,0
10:59:11,10:58:55,51.6,75.9,54.8,74.3,57.7,73.0,58.6,72.5,57.6,73.9,53.5,74.8,51.3,75.0,58.1,73.0,0,0,0,0,0,0,0,0,0,0,0,0,0,0,0,0,0,0,0
10:59:11,10:59:03,51.6,75.9,54.8,74.3,57.7,73.0,58.6,72.5,57.6,73.9,53.5,74.8,51.3,75.0,58.1,73.0,0,0,0,0,1,0,0,0,0,0,0,0,0,0,0,0,0,0,0
10:59:11,10:59:07,51.6,75.9,54.8,74.3,57.7,73.0,58.6,72.5,57.6,73.9,53.5,74.8,51.3,75.0,58.1,73.0,0,0,0,0,0,0,0,0,0,0,0,0,0,0,0,0,0,0,0
10:59:11,10:59:47,51.6,75.9,54.8,74.3,57.7,73.0,58.6,72.5,57.6,73.9,53.5,74.8,51.3,75.0,58.1,73.0,0,0,0,0,0,0,0,0,0,0,0,0,0,0,0,0,0,0,0
10:59:28,10:59:47,51.5,75.6,54.7,74.3,57.6,72.9,58.5,72.5,57.4,73.8,53.4,74.7,51.3,75.0,58.0,73.0,0,0,0,0,0,0,0,0,0,0,0,0,0,0,0,0,0,0,0
10:59:46,10:59:47,51.5,75.6,54.7,74.3,57.6,73.0,58.2,72.5,57.2,73.8,53.4,74.7,51.2,74.8,57.9,73.0,0,0,0,0,0,0,0,0,0,0,0,0,0,0,0,0,0,0,0
11:00:00,10:59:47,51.6,75.4,54.7,74.3,57.6,73.0,57.8,72.5,56.9,73.8,53.3,74.7,51.2,74.8,57.9,73.0,0,0,0,0,0,0,0,0,0,0,0,0,0,0,0,0,0,0,0
11:00:00,11:00:27,51.6,75.4,54.7,74.3,57.6,73.0,57.8,72.5,56.9,73.8,53.3,74.7,51.2,74.8,57.9,73.0,0,0,0,0,0,1,0,0,0,0,0,0,0,0,0,0,0,0,0
11:00:25,11:00:27,51.6,75.2,54.6,74.3,57.4,73.0,57.7,72.5,56.9,73.8,53.2,74.7,51.2,74.8,57.7,73.0,0,0,0,0,0,1,0,0,0,0,0,0,0,0,0,0,0,0,0
11:00:38,11:00:27,51.6,75.0,54.5,74.3,57.3,73.0,57.4,72.5,56.5,73.8,53.6,74.7,51.2,74.8,,,0,0,0,0,0,1,0,0,0,0,0,0,0,0,0,0,0,0,0
11:00:38,11:00:31,51.6,75.0,54.5,74.3,57.3,73.0,57.4,72.5,56.5,73.8,53.6,74.7,51.2,74.8,,,0,0,0,0,0,0,0,0,0,0,0,0,0,0,0,0,0,0,0
11:00:38,11:00:43,51.6,75.0,54.5,74.3,57.3,73.0,57.4,72.5,56.5,73.8,53.6,74.7,51.2,74.8,,,0,0,0,0,0,0,0,0,0,0,0,0,0,0,0,0,0,0,0
11:00:55,11:00:43,51.6,74.7,54.3,74.3,57.2,72.9,57.2,72.5,56.5,73.8,53.2,74.5,49.8,74.7,57.4,73.0,0,0,0,0,0,0,0,0,0,0,0,0,0,0,0,0,0,0,0
11:00:55,11:00:55,51.6,74.7,54.3,74.3,57.2,72.9,57.2,72.5,56.5,73.8,53.2,74.5,49.8,74.7,57.4,73.0,0,0,0,0,1,0,0,0,0,0,0,0,0,0,0,0,0,0,0
11:01:17,11:00:59,51.8,74.5,54.3,74.1,57.1,72.9,56.9,72.5,56.2,73.8,52.9,74.5,49.7,74.5,57.3,73.0,0,0,0,0,0,0,0,0,0,0,0,0,0,0,0,0,0,0,0
11:01:17,11:01:11,51.8,74.5,54.3,74.1,57.1,72.9,56.9,72.5,56.2,73.8,52.9,74.5,49.7,74.5,57.3,73.0,0,0,0,0,1,0,0,0,0,0,0,0,0,0,0,0,0,0,0
11:01:17,11:01:16,51.8,74.5,54.3,74.1,57.1,72.9,56.9,72.5,56.2,73.8,52.9,74.5,49.7,74.5,57.3,73.0,0,0,0,0,0,0,0,0,0,0,0,0,0,0,0,0,0,0,0
11:01:17,11:01:36,51.8,74.5,54.3,74.1,57.1,72.9,56.9,72.5,56.2,73.8,52.9,74.5,49.7,74.5,57.3,73.0,0,0,0,0,0,0,0,0,0,0,0,0,0,0,0,0,0,0,0
11:01:37,11:01:36,51.8,74.5,54.0,74.1,57.0,72.9,56.7,72.5,55.9,73.8,52.9,74.5,49.9,74.3,57.2,73.0,0,0,0,0,0,0,0,0,0,0,0,0,0,0,0,0,0,0,0
11:01:37,11:01:56,51.8,74.5,54.0,74.1,57.0,72.9,56.7,72.5,55.9,73.8,52.9,74.5,49.9,74.3,57.2,73.0,0,0,0,0,0,1,0,0,0,0,0,0,0,0,0,0,0,0,0
11:01:59,11:01:56,51.6,74.5,54.0,74.1,56.3,72.9,56.4,72.5,55.6,73.6,52.7,74.3,50.0,74.3,57.0,73.0,0,0,0,0,0,1,0,0,0,0,0,0,0,0,0,0,0,0,0
11:01:59,11:02:01,51.6,74.5,54.0,74.1,56.3,72.9,56.4,72.5,55.6,73.6,52.7,74.3,50.0,74.3,57.0,73.0,0,0,0,0,0,0,0,0,0,0,0,0,0,0,0,0,0,0,0
11:02:24,11:02:01,51.8,74.3,53.9,73.9,56.3,72.9,56.1,72.3,55.6,73.6,52.8,74.3,50.5,73.9,56.8,73.0,0,0,0,0,0,0,0,0,0,0,0,0,0,0,0,0,0,0,0
11:02:24,11:02:21,51.8,74.3,53.9,73.9,56.3,72.9,56.1,72.3,55.6,73.6,52.8,74.3,50.5,73.9,56.8,73.0,0,0,0,0,0,0,0,0,0,0,0,0,0,0,0,0,0,0,0
11:02:24,11:02:41,51.8,74.3,53.9,73.9,56.3,72.9,56.1,72.3,55.6,73.6,52.8,74.3,50.5,73.9,56.8,73.0,0,0,0,0,1,0,0,0,0,0,0,0,0,0,0,0,0,0,0
11:02:44,11:02:41,51.8,74.1,53.7,73.9,56.3,72.9,56.0,72.5,55.1,73.6,52.7,74.1,50.4,73.9,56.7,73.0,0,0,0,0,1,0,0,0,0,0,0,0,0,0,0,0,0,0,0
11:02:44,11:02:46,51.8,74.1,53.7,73.9,56.3,72.9,56.0,72.5,55.1,73.6,52.7,74.1,50.4,73.9,56.7,73.0,0,0,0,0,0,0,0,0,0,0,0,0,0,0,0,0,0,0,0
11:03:04,11:02:46,51.8,73.9,53.4,73.9,56.2,72.9,55.9,72.3,55.1,73.6,52.7,74.1,51.2,73.8,56.6,73.0,0,0,0,0,0,0,0,0,0,0,0,0,0,0,0,0,0,0,0
11:03:04,11:02:56,51.8,73.9,53.4,73.9,56.2,72.9,55.9,72.3,55.1,73.6,52.7,74.1,51.2,73.8,56.6,73.0,0,0,0,0,0,0,0,1,0,0,0,0,0,0,0,0,0,0,0
11:03:04,11:03:01,51.8,73.9,53.4,73.9,56.2,72.9,55.9,72.3,55.1,73.6,52.7,74.1,51.2,73.8,56.6,73.0,0,0,0,0,0,0,0,0,0,0,0,0,0,0,0,0,0,0,0
11:03:04,11:03:21,51.8,73.9,53.4,73.9,56.2,72.9,55.9,72.3,55.1,73.6,52.7,74.1,51.2,73.8,56.6,73.0,0,0,0,0,0,0,0,0,0,0,0,0,1,0,0,0,0,0,0
11:03:19,11:03:21,51.6,73.8,53.2,73.9,,,55.6,72.3,54.9,73.6,52.6,74.1,51.2,73.8,56.5,72.9,0,0,0,0,0,0,0,0,0,0,0,0,1,0,0,0,0,0,0
11:03:36,11:03:21,51.4,73.8,53.1,73.8,55.8,72.7,,,55.1,73.6,,,51.3,73.8,56.3,72.9,0,0,0,0,0,0,0,0,0,0,0,0,1,0,0,0,0,0,0
11:03:36,11:03:55,51.4,73.8,53.1,73.8,55.8,72.7,,,55.1,73.6,,,51.3,73.8,56.3,72.9,0,0,0,0,0,0,0,0,0,0,0,0,1,0,0,0,0,0,0
11:04:01,11:03:55,51.7,73.6,52.7,73.8,55.7,72.7,55.3,72.3,55.1,73.6,52.4,73.9,51.3,73.8,56.2,72.9,0,0,0,0,0,0,0,0,0,0,0,0,1,0,0,0,0,0,0
11:04:01,11:04:29,51.7,73.6,52.7,73.8,55.7,72.7,55.3,72.3,55.1,73.6,52.4,73.9,51.3,73.8,56.2,72.9,0,0,0,0,0,0,1,0,0,0,0,0,1,0,0,0,0,0,0
11:04:20,11:04:29,51.9,73.4,52.7,73.8,55.4,72.7,55.2,72.3,55.3,73.4,52.9,73.9,51.2,73.8,56.0,72.9,0,0,0,0,0,0,1,0,0,0,0,0,1,0,0,0,0,0,0
11:04:38,11:04:29,51.8,73.4,52.6,73.6,55.4,72.7,55.2,72.3,55.3,73.4,52.7,73.9,51.2,73.8,55.8,72.9,0,0,0,0,0,0,1,0,0,0,0,0,1,0,0,0,0,0,0
11:04:38,11:04:34,51.8,73.4,52.6,73.6,55.4,72.7,55.2,72.3,55.3,73.4,52.7,73.9,51.2,73.8,55.8,72.9,0,0,0,0,0,0,0,0,0,0,0,0,1,0,0,0,0,0,0
11:04:38,11:04:39,51.8,73.4,52.6,73.6,55.4,72.7,55.2,72.3,55.3,73.4,52.7,73.9,51.2,73.8,55.8,72.9,0,0,0,0,0,0,0,0,0,0,0,0,1,0,0,0,0,0,0
11:04:50,11:04:39,51.9,73.4,52.4,73.6,55.3,72.7,55.1,72.3,55.3,73.4,52.5,73.8,51.0,73.8,55.7,72.9,0,0,0,0,0,0,0,0,0,0,0,0,1,0,0,0,0,0,0
11:04:50,11:04:44,51.9,73.4,52.4,73.6,55.3,72.7,55.1,72.3,55.3,73.4,52.5,73.8,51.0,73.8,55.7,72.9,0,0,0,0,0,0,0,0,0,0,0,0,1,0,0,0,0,0,0
11:04:50,11:04:49,51.9,73.4,52.4,73.6,55.3,72.7,55.1,72.3,55.3,73.4,52.5,73.8,51.0,73.8,55.7,72.9,0,0,0,0,0,0,0,0,0,1,0,0,1,0,0,0,0,0,0
11:04:50,11:04:54,51.9,73.4,52.4,73.6,55.3,72.7,55.1,72.3,55.3,73.4,52.5,73.8,51.0,73.8,55.7,72.9,0,0,0,0,0,0,0,0,0,0,0,0,1,0,0,0,0,0,0
11:05:07,11:04:54,51.8,73.2,52.3,73.6,55.0,72.7,55.0,72.3,55.2,73.2,52.5,73.8,51.0,73.8,55.5,72.9,0,0,0,0,0,0,0,0,0,0,0,0,1,0,0,0,0,0,0
11:05:07,11:05:24,51.8,73.2,52.3,73.6,55.0,72.7,55.0,72.3,55.2,73.2,52.5,73.8,51.0,73.8,55.5,72.9,0,0,0,0,0,0,0,0,0,0,0,0,0,0,0,0,0,0,0
11:05:30,11:05:24,51.7,73.2,52.3,73.6,55.0,72.7,54.7,72.1,55.2,73.4,52.6,73.8,51.0,73.6,55.5,72.9,0,0,0,0,0,0,0,0,0,0,0,0,0,0,0,0,0,0,0
11:05:30,11:05:54,51.7,73.2,52.3,73.6,55.0,72.7,54.7,72.1,55.2,73.4,52.6,73.8,51.0,73.6,55.5,72.9,0,0,0,0,0,0,0,0,0,0,0,0,0,0,0,0,0,0,0
11:05:49,11:05:54,51.9,73.0,52.2,73.4,54.8,72.5,54.6,72.3,55.2,73.2,52.4,73.6,50.8,73.6,55.3,72.9,0,0,0,0,0,0,0,0,0,0,0,0,0,0,0,0,0,0,0
11:06:14,11:05:54,52.0,72.9,52.3,73.4,54.7,72.5,54.6,72.3,55.1,73.2,52.4,73.6,50.8,73.6,55.3,72.9,0,0,0,0,0,0,0,0,0,0,0,0,0,0,0,0,0,0,0
11:06:14,11:06:24,52.0,72.9,52.3,73.4,54.7,72.5,54.6,72.3,55.1,73.2,52.4,73.6,50.8,73.6,55.3,72.9,0,0,0,0,0,0,1,0,0,0,0,0,0,0,0,0,0,0,0
11:06:39,11:06:24,51.7,72.7,52.0,73.4,54.6,72.5,54.5,72.1,55.2,73.2,52.4,73.4,50.6,73.4,55.1,72.7,0,0,0,0,0,0,1,0,0,0,0,0,0,0,0,0,0,0,0
11:06:39,11:06:29,51.7,72.7,52.0,73.4,54.6,72.5,54.5,72.1,55.2,73.2,52.4,73.4,50.6,73.4,55.1,72.7,0,0,0,0,0,0,0,0,0,0,0,0,0,0,0,0,0,0,0
11:06:39,11:06:44,51.7,72.7,52.0,73.4,54.6,72.5,54.5,72.1,55.2,73.2,52.4,73.4,50.6,73.4,55.1,72.7,0,0,0,0,0,0,0,1,0,0,0,0,0,0,0,0,0,0,0
11:07:14,11:06:44,52.0,72.7,51.8,73.2,54.5,72.5,54.3,72.1,55.1,73.0,52.4,73.6,50.5,73.4,55.1,72.7,0,0,0,0,0,0,0,1,0,0,0,0,0,0,0,0,0,0,0
11:07:14,11:06:49,52.0,72.7,51.8,73.2,54.5,72.5,54.3,72.1,55.1,73.0,52.4,73.6,50.5,73.4,55.1,72.7,0,0,0,0,0,0,0,0,0,0,0,0,0,0,0,0,0,0,0
11:07:14,11:07:19,52.0,72.7,51.8,73.2,54.5,72.5,54.3,72.1,55.1,73.0,52.4,73.6,50.5,73.4,55.1,72.7,0,0,0,0,0,0,0,0,1,0,0,0,0,0,0,0,0,0,0
11:07:41,11:07:19,51.8,72.5,51.8,73.2,54.3,72.5,54.1,72.1,55.0,73.0,52.3,73.4,50.5,73.2,55.0,72.7,0,0,0,0,0,0,0,0,1,0,0,0,0,0,0,0,0,0,0
11:07:41,11:07:24,51.8,72.5,51.8,73.2,54.3,72.5,54.1,72.1,55.0,73.0,52.3,73.4,50.5,73.2,55.0,72.7,0,0,0,0,0,0,0,0,0,0,0,0,0,0,0,0,0,0,0
11:07:41,11:07:55,51.8,72.5,51.8,73.2,54.3,72.5,54.1,72.1,55.0,73.0,52.3,73.4,50.5,73.2,55.0,72.7,0,0,0,0,0,0,0,0,0,0,0,0,0,0,0,0,0,0,0
11:07:59,11:07:55,51.8,72.5,51.6,73.2,54.0,72.3,53.5,72.0,54.6,73.0,52.3,73.2,50.5,73.2,55.0,72.7,0,0,0,0,0,0,0,0,0,0,0,0,0,0,0,0,0,0,0
11:07:59,11:08:25,51.8,72.5,51.6,73.2,54.0,72.3,53.5,72.0,54.6,73.0,52.3,73.2,50.5,73.2,55.0,72.7,0,0,0,0,0,1,0,0,0,0,0,0,0,0,0,0,0,0,0
11:08:29,11:08:25,52.1,72.5,51.7,73.0,52.8,72.5,53.3,72.0,54.6,73.0,52.2,73.2,50.3,73.0,54.8,72.7,0,0,0,0,0,1,0,0,0,0,0,0,0,0,0,0,0,0,0
11:08:29,11:08:30,52.1,72.5,51.7,73.0,52.8,72.5,53.3,72.0,54.6,73.0,52.2,73.2,50.3,73.0,54.8,72.7,0,0,0,0,0,0,0,0,0,0,0,0,0,0,0,0,0,0,0
11:09:09,11:08:30,52.1,72.5,51.5,73.0,52.6,72.3,53.3,72.0,,,52.2,73.2,50.4,73.0,54.6,72.7,0,0,0,0,0,0,0,0,0,0,0,0,0,0,0,0,0,0,0
11:09:09,11:09:00,52.1,72.5,51.5,73.0,52.6,72.3,53.3,72.0,,,52.2,73.2,50.4,73.0,54.6,72.7,0,0,0,0,0,0,1,0,0,0,0,0,0,0,0,0,0,0,0
11:09:09,11:09:05,52.1,72.5,51.5,73.0,52.6,72.3,53.3,72.0,,,52.2,73.2,50.4,73.0,54.6,72.7,0,0,0,0,0,0,0,0,0,0,0,0,0,0,0,0,0,0,0
11:09:09,11:09:35,52.1,72.5,51.5,73.0,52.6,72.3,53.3,72.0,,,52.2,73.2,50.4,73.0,54.6,72.7,0,0,0,0,0,0,0,0,0,0,0,0,0,0,0,0,0,0,0
11:09:26,11:09:35,52.3,72.3,51.5,72.9,52.4,72.3,53.2,72.0,54.6,72.9,52.2,73.2,50.3,73.0,54.6,72.5,0,0,0,0,0,0,0,0,0,0,0,0,0,0,0,0,0,0,0
11:09:38,11:09:35,52.2,72.3,51.4,72.9,52.3,72.1,53.1,71.8,54.2,73.0,,,50.3,73.0,54.5,72.5,0,0,0,0,0,0,0,0,0,0,0,0,0,0,0,0,0,0,0
11:09:38,11:10:05,52.2,72.3,51.4,72.9,52.3,72.1,53.1,71.8,54.2,73.0,,,50.3,73.0,54.5,72.5,0,0,0,0,0,0,0,0,0,0,0,0,0,0,1,0,0,1,0
11:09:53,11:10:05,52.0,72.3,51.3,72.9,52.3,72.1,53.0,72.0,54.0,72.9,52.2,73.2,50.3,73.0,54.5,72.5,0,0,0,0,0,0,0,0,0,0,0,0,0,0,1,0,0,1,0
11:10:20,11:10:05,52.1,72.3,51.2,72.9,52.2,72.3,52.9,71.8,54.0,72.9,52.1,73.0,50.2,72.9,54.4,72.5,0,0,0,0,0,0,0,0,0,0,0,0,0,0,1,0,0,1,0
11:10:20,11:12:05,52.1,72.3,51.2,72.9,52.2,72.3,52.9,71.8,54.0,72.9,52.1,73.0,50.2,72.9,54.4,72.5,0,0,0,0,0,0,0,0,0,0,0,0,0,0,1,0,0,1,0
11:10:38,11:12:05,52.2,72.1,51.4,72.7,52.1,72.1,52.9,71.8,54.0,72.9,52.1,73.0,50.3,72.9,54.3,72.5,0,0,0,0,0,0,0,0,0,0,0,0,0,0,1,0,0,1,0
11:11:03,11:12:05,52.1,72.0,51.4,72.7,52.2,72.0,52.8,71.8,54.0,72.9,52.1,73.0,50.2,72.9,54.2,72.5,0,0,0,0,0,0,0,0,0,0,0,0,0,0,1,0,0,1,0
11:11:38,11:12:05,,,51.4,72.7,,,52.8,71.8,54.0,72.9,52.1,72.9,50.3,72.9,54.0,72.3,0,0,0,0,0,0,0,0,0,0,0,0,0,0,1,0,0,1,0
11:11:55,11:12:05,51.8,72.0,51.5,72.5,52.1,72.0,52.8,71.6,53.7,72.7,52.2,72.9,50.3,72.7,54.0,72.3,0,0,0,0,0,0,0,0,0,0,0,0,0,0,1,0,0,1,0
11:12:12,11:12:05,51.9,71.8,51.6,72.5,52.1,72.0,52.9,71.8,53.8,72.7,52.2,72.9,50.3,72.7,53.8,72.3,0,0,0,0,0,0,0,0,0,0,0,0,0,0,1,0,0,1,0
11:12:12,11:14:05,51.9,71.8,51.6,72.5,52.1,72.0,52.9,71.8,53.8,72.7,52.2,72.9,50.3,72.7,53.8,72.3,0,0,0,0,0,0,1,0,0,0,0,0,0,0,1,0,0,1,0
11:12:29,11:14:05,,,51.6,72.5,52.0,72.0,52.7,71.8,53.7,72.7,52.1,72.7,50.2,72.7,53.8,72.3,0,0,0,0,0,0,1,0,0,0,0,0,0,0,1,0,0,1,0
11:12:54,11:14:05,52.0,71.6,51.6,72.5,52.0,72.0,52.8,71.6,,,52.2,72.7,50.2,72.7,53.8,72.3,0,0,0,0,0,0,1,0,0,0,0,0,0,0,1,0,0,1,0
11:13:17,11:14:05,52.0,71.8,51.6,72.5,52.1,72.0,52.8,71.6,53.7,72.7,52.2,72.7,50.3,72.5,53.7,72.3,0,0,0,0,0,0,1,0,0,0,0,0,0,0,1,0,0,1,0
11:13:31,11:14:05,,,51.7,72.5,52.1,72.0,52.8,71.6,53.6,72.7,52.2,72.7,50.4,72.5,53.7,72.1,0,0,0,0,0,0,1,0,0,0,0,0,0,0,1,0,0,1,0
11:13:51,11:14:05,51.9,71.6,51.7,72.3,52.1,72.0,52.8,71.6,53.6,72.5,52.3,72.5,50.4,72.5,53.5,72.1,0,0,0,0,0,0,1,0,0,0,0,0,0,0,1,0,0,1,0
11:14:11,11:14:05,52.0,71.6,51.7,72.3,52.0,71.8,52.8,71.6,53.4,72.5,52.3,72.5,50.4,72.5,53.4,72.1,0,0,0,0,0,0,1,0,0,0,0,0,0,0,1,0,0,1,0
11:14:11,11:14:10,52.0,71.6,51.7,72.3,52.0,71.8,52.8,71.6,53.4,72.5,52.3,72.5,50.4,72.5,53.4,72.1,0,0,0,0,0,0,0,0,0,0,0,0,0,0,1,0,0,1,0
11:14:11,11:14:40,52.0,71.6,51.7,72.3,52.0,71.8,52.8,71.6,53.4,72.5,52.3,72.5,50.4,72.5,53.4,72.1,0,0,0,0,0,1,0,0,0,0,0,0,0,0,1,0,0,1,0
11:14:31,11:14:40,52.0,71.6,51.9,72.3,52.1,71.8,52.9,71.6,,,52.2,72.5,50.3,72.5,53.3,72.1,0,0,0,0,0,1,0,0,0,0,0,0,0,0,1,0,0,1,0
11:14:58,11:14:40,52.0,71.6,51.9,72.3,52.1,71.8,52.8,71.6,53.5,72.5,52.2,72.3,50.4,72.3,53.5,72.1,0,0,0,0,0,1,0,0,0,0,0,0,0,0,1,0,0,1,0
11:14:58,11:14:45,52.0,71.6,51.9,72.3,52.1,71.8,52.8,71.6,53.5,72.5,52.2,72.3,50.4,72.3,53.5,72.1,0,0,0,0,0,0,0,0,0,0,0,0,0,0,1,0,0,1,0
11:14:58,11:16:15,52.0,71.6,51.9,72.3,52.1,71.8,52.8,71.6,53.5,72.5,52.2,72.3,50.4,72.3,53.5,72.1,0,0,0,0,0,0,0,0,0,0,0,0,0,0,1,0,0,1,0
11:15:18,11:16:15,52.1,71.6,51.9,72.1,52.1,71.8,53.0,71.6,53.6,72.5,52.3,72.3,50.4,72.3,53.4,72.1,0,0,0,0,0,0,0,0,0,0,0,0,0,0,1,0,0,1,0
11:15:53,11:16:15,52.1,71.6,51.9,72.1,52.1,71.8,52.5,71.6,53.6,72.3,52.4,72.3,50.5,72.3,53.5,72.0,0,0,0,0,0,0,0,0,0,0,0,0,0,0,1,0,0,1,0
11:16:10,11:16:15,52.2,71.6,52.1,72.1,52.4,71.8,52.3,71.4,53.7,72.3,52.4,72.3,50.5,72.3,,,0,0,0,0,0,0,0,0,0,0,0,0,0,0,1,0,0,1,0
11:16:27,11:16:15,52.0,71.6,52.1,72.1,52.5,71.8,52.4,71.6,53.7,72.3,,,50.5,72.1,53.5,72.1,0,0,0,0,0,0,0,0,0,0,0,0,0,0,1,0,0,1,0
11:16:27,11:17:45,52.0,71.6,52.1,72.1,52.5,71.8,52.4,71.6,53.7,72.3,,,50.5,72.1,53.5,72.1,0,0,0,0,0,0,0,0,0,0,0,0,0,0,0,0,0,1,0
11:16:47,11:17:45,51.9,71.6,52.1,72.1,52.4,71.8,,,53.6,72.3,52.3,72.3,50.5,72.1,53.5,72.0,0,0,0,0,0,0,0,0,0,0,0,0,0,0,0,0,0,1,0
11:17:05,11:17:45,52.1,71.6,52.1,72.1,52.3,71.8,52.4,71.4,53.7,72.3,52.3,72.3,50.6,72.1,53.5,72.0,0,0,0,0,0,0,0,0,0,0,0,0,0,0,0,0,0,1,0
11:17:34,11:17:45,52.1,71.6,52.1,72.0,52.4,71.8,52.4,71.6,53.7,72.3,52.4,72.3,50.5,72.1,53.5,72.0,0,0,0,0,0,0,0,0,0,0,0,0,0,0,0,0,0,1,0
11:17:52,11:17:45,51.8,71.6,52.2,72.0,,,52.4,71.4,53.7,72.1,52.4,72.3,50.5,72.1,53.5,72.0,0,0,0,0,0,0,0,0,0,0,0,0,0,0,0,0,0,1,0
11:17:52,11:17:55,51.8,71.6,52.2,72.0,,,52.4,71.4,53.7,72.1,52.4,72.3,50.5,72.1,53.5,72.0,0,0,0,0,0,0,0,0,0,0,0,0,0,0,0,0,0,0,0
11:18:12,11:17:55,51.9,71.6,52.1,72.0,52.3,71.8,52.5,71.4,53.6,72.1,52.4,72.1,50.5,72.0,53.5,72.0,0,0,0,0,0,0,0,0,0,0,0,0,0,0,0,0,0,0,0
11:18:12,11:18:05,51.9,71.6,52.1,72.0,52.3,71.8,52.5,71.4,53.6,72.1,52.4,72.1,50.5,72.0,53.5,72.0,0,0,0,0,0,0,1,0,0,0,0,0,0,0,0,0,0,0,0
11:18:12,11:18:10,51.9,71.6,52.1,72.0,52.3,71.8,52.5,71.4,53.6,72.1,52.4,72.1,50.5,72.0,53.5,72.0,0,0,0,0,0,0,0,0,0,0,0,0,0,0,0,0,0,0,0
11:18:12,11:18:40,51.9,71.6,52.1,72.0,52.3,71.8,52.5,71.4,53.6,72.1,52.4,72.1,50.5,72.0,53.5,72.0,0,0,0,0,0,0,0,0,0,0,0,0,0,0,0,0,0,0,0
11:18:31,11:18:40,51.8,71.6,52.1,71.8,52.3,71.8,,,53.7,72.1,52.5,72.1,50.5,72.1,53.5,72.0,0,0,0,0,0,0,0,0,0,0,0,0,0,0,0,0,0,0,0
11:18:46,11:18:40,51.5,71.4,52.1,72.0,52.4,71.6,52.4,71.4,53.6,72.1,52.5,72.3,50.6,72.1,53.5,72.0,0,0,0,0,0,0,0,0,0,0,0,0,0,0,0,0,0,0,0
11:18:46,11:19:10,51.5,71.4,52.1,72.0,52.4,71.6,52.4,71.4,53.6,72.1,52.5,72.3,50.6,72.1,53.5,72.0,0,0,0,0,0,1,0,0,0,0,0,0,0,0,0,0,0,0,0
11:19:06,11:19:10,51.3,71.6,52.1,72.0,52.4,71.6,52.4,71.4,53.7,72.1,52.5,72.1,50.6,72.0,53.5,72.0,0,0,0,0,0,1,0,0,0,0,0,0,0,0,0,0,0,0,0
11:19:31,11:19:10,51.8,71.6,52.2,71.8,52.3,71.6,52.4,71.2,53.7,72.1,52.6,72.1,50.6,72.0,53.5,72.0,0,0,0,0,0,1,0,0,0,0,0,0,0,0,0,0,0,0,0
11:19:31,11:19:15,51.8,71.6,52.2,71.8,52.3,71.6,52.4,71.2,53.7,72.1,52.6,72.1,50.6,72.0,53.5,72.0,0,0,0,0,0,0,0,0,0,0,0,0,0,0,0,0,0,0,0
11:19:31,11:20:35,51.8,71.6,52.2,71.8,52.3,71.6,52.4,71.2,53.7,72.1,52.6,72.1,50.6,72.0,53.5,72.0,0,0,0,0,0,0,0,0,0,0,0,0,0,0,0,0,0,0,0
11:19:46,11:20:35,51.7,71.6,52.2,71.8,52.3,71.6,52.4,71.4,53.8,72.1,52.5,72.0,50.7,72.0,53.5,69.1,0,0,0,0,0,0,0,0,0,0,0,0,0,0,0,0,0,0,0
11:20:08,11:20:35,51.6,71.6,52.1,71.8,52.4,71.6,52.3,71.4,53.8,72.0,52.5,72.1,50.6,72.0,53.3,72.0,0,0,0,0,0,0,0,0,0,0,0,0,0,0,0,0,0,0,0
11:20:23,11:20:35,51.4,71.6,52.2,71.8,52.3,71.6,52.4,71.2,53.8,72.1,52.6,72.0,50.6,72.0,53.5,72.0,0,0,0,0,0,0,0,0,0,0,0,0,0,0,0,0,0,0,0
11:20:40,11:20:35,,,52.0,71.8,52.3,71.6,52.4,71.2,53.9,72.0,52.5,72.1,50.7,72.0,53.6,71.8,0,0,0,0,0,0,0,0,0,0,0,0,0,0,0,0,0,0,0
11:20:40,11:21:55,,,52.0,71.8,52.3,71.6,52.4,71.2,53.9,72.0,52.5,72.1,50.7,72.0,53.6,71.8,0,0,0,0,0,1,0,1,0,0,0,0,0,0,0,0,0,0,0
11:21:07,11:21:55,51.5,71.4,52.0,71.8,52.3,71.6,,,53.9,72.1,52.6,72.0,50.8,72.0,53.6,72.0,0,0,0,0,0,1,0,1,0,0,0,0,0,0,0,0,0,0,0
11:21:37,11:21:55,51.5,71.4,52.1,71.8,52.4,71.6,52.5,71.4,53.9,72.0,52.6,72.0,50.7,72.0,53.6,72.0,0,0,0,0,0,1,0,1,0,0,0,0,0,0,0,0,0,0,0
11:22:07,11:21:55,51.7,71.6,52.1,71.6,52.5,71.6,52.6,71.2,54.0,72.0,52.6,72.0,50.7,72.0,53.6,71.8,0,0,0,0,0,1,0,1,0,0,0,0,0,0,0,0,0,0,0
11:22:07,11:22:00,51.7,71.6,52.1,71.6,52.5,71.6,52.6,71.2,54.0,72.0,52.6,72.0,50.7,72.0,53.6,71.8,0,0,0,0,0,0,0,0,0,0,0,0,0,0,0,0,0,0,0
11:22:07,11:22:30,51.7,71.6,52.1,71.6,52.5,71.6,52.6,71.2,54.0,72.0,52.6,72.0,50.7,72.0,53.6,71.8,0,0,0,0,1,0,0,0,0,0,0,0,0,0,0,0,0,0,0
11:22:24,11:22:30,51.2,71.6,52.0,71.6,52.6,71.6,52.5,71.2,53.9,72.0,52.6,71.8,50.8,72.0,53.6,72.0,0,0,0,0,1,0,0,0,0,0,0,0,0,0,0,0,0,0,0
11:22:44,11:22:30,51.2,71.6,52.0,71.6,52.5,71.4,52.5,71.2,53.9,72.0,52.6,72.0,50.8,72.0,53.5,71.8,0,0,0,0,1,0,0,0,0,0,0,0,0,0,0,0,0,0,0
11:22:44,11:22:35,51.2,71.6,52.0,71.6,52.5,71.4,52.5,71.2,53.9,72.0,52.6,72.0,50.8,72.0,53.5,71.8,0,0,0,0,1,0,0,0,0,0,0,0,0,0,0,0,0,0,0
11:22:44,11:22:40,51.2,71.6,52.0,71.6,52.5,71.4,52.5,71.2,53.9,72.0,52.6,72.0,50.8,72.0,53.5,71.8,0,0,0,0,1,0,0,0,1,0,0,0,0,0,0,0,0,0,0
11:22:44,11:22:45,51.2,71.6,52.0,71.6,52.5,71.4,52.5,71.2,53.9,72.0,52.6,72.0,50.8,72.0,53.5,71.8,0,0,0,0,0,0,0,0,1,0,0,0,0,0,0,0,0,0,0
11:23:07,11:22:45,,,52.2,71.6,52.5,71.6,52.5,71.2,53.9,72.0,52.6,72.0,50.9,71.8,53.5,71.8,0,0,0,0,0,0,0,0,1,0,0,0,0,0,0,0,0,0,0
11:23:07,11:22:50,,,52.2,71.6,52.5,71.6,52.5,71.2,53.9,72.0,52.6,72.0,50.9,71.8,53.5,71.8,0,0,0,0,0,0,0,0,0,0,0,0,0,0,0,0,0,0,0
11:23:07,11:23:20,,,52.2,71.6,52.5,71.6,52.5,71.2,53.9,72.0,52.6,72.0,50.9,71.8,53.5,71.8,0,0,0,0,0,0,0,0,0,0,0,0,0,0,0,0,0,0,0
11:23:26,11:23:20,51.4,71.6,52.1,71.6,52.5,71.4,52.5,71.2,53.8,72.0,52.6,72.0,50.9,72.0,53.5,71.8,0,0,0,0,0,0,0,0,0,0,0,0,0,0,0,0,0,0,0
11:23:26,11:23:50,51.4,71.6,52.1,71.6,52.5,71.4,52.5,71.2,53.8,72.0,52.6,72.0,50.9,72.0,53.5,71.8,0,0,0,0,0,0,0,0,0,0,0,1,0,0,0,0,0,0,0
11:23:46,11:23:50,,,52.1,71.6,,,52.5,71.2,53.8,72.0,52.6,71.8,50.9,72.0,53.4,71.8,0,0,0,0,0,0,0,0,0,0,0,1,0,0,0,0,0,0,0
11:24:03,11:23:50,51.4,71.6,52.3,71.6,52.5,71.4,52.5,71.2,53.8,72.0,52.6,71.8,51.0,72.0,53.4,71.8,0,0,0,0,0,0,0,0,0,0,0,1,0,0,0,0,0,0,0
11:24:03,11:23:55,51.4,71.6,52.3,71.6,52.5,71.4,52.5,71.2,53.8,72.0,52.6,71.8,51.0,72.0,53.4,71.8,0,0,0,0,0,0,0,0,1,0,0,1,0,0,0,0,0,0,0
11:24:03,11:24:00,51.4,71.6,52.3,71.6,52.5,71.4,52.5,71.2,53.8,72.0,52.6,71.8,51.0,72.0,53.4,71.8,0,0,0,0,0,0,0,0,0,0,0,1,0,0,0,0,0,0,0
11:24:03,11:25:00,51.4,71.6,52.3,71.6,52.5,71.4,52.5,71.2,53.8,72.0,52.6,71.8,51.0,72.0,53.4,71.8,0,0,0,0,0,0,0,0,1,0,0,1,0,0,0,0,0,0,0
11:24:21,11:25:00,51.2,71.6,52.3,71.6,52.5,71.4,52.6,71.2,53.8,72.0,52.6,71.8,51.0,71.8,53.4,71.8,0,0,0,0,0,0,0,0,1,0,0,1,0,0,0,0,0,0,0
11:24:48,11:25:00,51.4,71.6,52.2,71.6,52.5,71.4,52.6,71.2,53.8,72.0,52.6,71.8,51.1,72.0,53.4,71.8,0,0,0,0,0,0,0,0,1,0,0,1,0,0,0,0,0,0,0
11:24:48,11:25:05,51.4,71.6,52.2,71.6,52.5,71.4,52.6,71.2,53.8,72.0,52.6,71.8,51.1,72.0,53.4,71.8,0,0,0,0,0,0,0,0,0,0,0,1,0,0,0,0,0,0,0
11:24:48,11:25:35,51.4,71.6,52.2,71.6,52.5,71.4,52.6,71.2,53.8,72.0,52.6,71.8,51.1,72.0,53.4,71.8,0,0,0,0,0,0,0,0,0,0,0,1,0,0,0,0,0,0,0
11:24:48,11:26:05,51.4,71.6,52.2,71.6,52.5,71.4,52.6,71.2,53.8,72.0,52.6,71.8,51.1,72.0,53.4,71.8,0,0,0,0,0,0,0,0,0,0,0,0,0,0,0,0,0,0,0
11:24:48,11:26:35,51.4,71.6,52.2,71.6,52.5,71.4,52.6,71.2,53.8,72.0,52.6,71.8,51.1,72.0,53.4,71.8,0,0,0,0,0,0,0,0,1,0,0,0,0,0,0,0,0,0,0
11:24:48,11:26:40,51.4,71.6,52.2,71.6,52.5,71.4,52.6,71.2,53.8,72.0,52.6,71.8,51.1,72.0,53.4,71.8,0,0,0,0,0,0,0,0,0,0,0,0,0,0,0,0,0,0,0
11:24:48,11:26:45,51.4,71.6,52.2,71.6,52.5,71.4,52.6,71.2,53.8,72.0,52.6,71.8,51.1,72.0,53.4,71.8,0,0,0,0,0,0,0,0,0,0,0,0,0,0,0,0,0,0,0
