Time,0,1,2,3,4,5,6,7,8,9,10,11,12,13,14,15,lamp,heater,fan,ac,Bedroom 2 to Bathroom,Bedroom 1 to Living Room,Living Room to Kitchen,Living Room to Bathroom,Bedroom 1 to Bathroom,Living Room to Outside,Bedroom 1 to Outside,Bedroom 1 Left Window,Living Room Left Window,Bedroom 2 Right Window,Kitchen Right Window,Bedroom 2 Back Window,Living Room Front Window,Kitchen Front Window,Bedroom 1 Back Window
16:04:11,48.6,58.5,54.8,55.0,53.0,55.6,53.4,55.4,52.8,55.6,55.4,55.4,52.8,55.4,53.2,56.1,0,0,0,0,0,0,0,0,0,0,0,0,0,0,0,0,0,0,0
16:04:11,48.6,58.5,54.8,55.0,53.0,55.6,53.4,55.4,52.8,55.6,55.4,55.4,52.8,55.4,53.2,56.1,1,0,0,0,0,0,0,0,0,0,0,0,0,0,0,0,0,0,0
16:04:17,48.6,58.5,54.8,55.0,53.0,55.6,53.4,55.4,52.8,55.6,55.4,55.4,52.8,55.4,53.2,56.1,0,0,0,0,0,0,0,0,0,0,0,0,0,0,0,0,0,0,0
16:04:29,48.6,58.9,54.8,55.0,53.0,55.6,53.4,55.4,52.8,55.6,55.4,55.4,52.8,55.4,53.2,56.1,0,0,0,0,0,0,0,0,0,0,0,0,0,0,0,0,0,0,0
16:04:34,48.4,59.4,54.8,55.4,53.0,55.6,53.4,55.4,52.8,55.6,55.4,55.4,52.8,55.4,53.2,56.1,0,0,0,0,0,0,0,0,0,0,0,0,0,0,0,0,0,0,0
16:04:46,47.9,59.6,54.8,55.4,53.0,55.6,53.4,55.4,52.8,55.6,55.4,55.4,52.8,55.6,53.2,56.5,0,0,0,0,0,0,0,0,0,0,0,0,0,0,0,0,0,0,0
16:04:51,47.7,59.6,54.8,55.4,53.0,55.6,53.4,55.4,52.8,55.6,55.4,55.6,52.8,55.4,53.2,56.5,0,0,0,0,0,0,0,0,0,0,0,0,0,0,0,0,0,0,0
16:04:54,47.7,59.6,54.8,55.4,53.0,55.6,53.4,55.4,53.0,55.6,55.4,55.6,52.8,55.4,53.2,56.5,1,0,0,0,0,0,0,0,0,0,0,0,0,0,0,0,0,0,0
16:04:56,47.5,60.0,54.8,55.4,53.0,55.6,53.4,55.4,53.0,55.6,55.4,55.6,52.8,55.6,53.2,56.1,1,0,0,0,0,0,0,0,0,0,0,0,0,0,0,0,0,0,0
16:05:08,47.5,60.0,54.8,55.4,53.0,55.6,53.4,55.4,53.0,55.6,55.4,55.6,52.8,55.6,53.2,56.1,0,0,0,0,0,0,0,0,0,0,0,0,0,0,0,0,0,0,0
16:05:14,47.5,60.5,54.8,55.4,53.0,55.6,53.4,55.4,53.0,55.6,55.4,55.4,52.8,55.6,53.2,56.5,0,0,0,0,0,0,0,0,0,0,0,0,0,0,0,0,0,0,0
16:05:33,47.5,60.0,54.8,55.4,53.0,55.6,53.4,55.4,53.0,55.6,55.4,55.6,52.8,55.6,53.4,56.5,0,0,0,0,0,0,0,0,0,0,0,0,0,0,0,0,0,0,0
16:05:36,46.7,60.5,54.8,55.4,53.0,55.6,53.4,55.4,53.0,55.6,55.2,55.6,52.8,55.6,53.4,56.5,0,0,0,0,0,0,0,0,0,0,0,0,0,0,0,0,0,0,0
16:05:41,46.5,60.9,54.8,55.4,53.0,55.6,53.4,55.4,53.0,55.6,55.4,55.6,52.8,55.6,53.4,56.5,1,0,0,0,0,0,0,0,0,0,0,0,0,0,0,0,0,0,0
16:05:48,46.5,60.9,54.8,55.4,53.0,55.6,53.4,55.4,53.0,55.6,55.4,55.6,52.8,55.6,53.4,56.5,0,0,0,0,0,0,0,0,0,0,0,0,0,0,0,0,0,0,0
16:05:51,46.1,61.4,54.8,55.6,53.2,56.1,53.4,55.6,53.0,56.1,55.4,55.6,52.8,55.6,53.4,56.5,0,0,0,0,0,0,0,0,0,0,0,0,0,0,0,0,0,0,0
16:06:05,46.1,61.4,54.8,55.6,53.2,56.1,53.4,55.4,53.0,55.6,55.4,55.6,52.8,56.1,53.4,56.5,0,0,0,0,0,0,0,0,0,0,0,0,0,0,0,0,0,0,0
16:06:08,45.7,61.6,54.8,55.4,53.2,56.1,53.4,55.4,53.0,56.1,55.4,55.6,52.8,56.1,53.4,56.5,0,0,0,0,0,0,0,0,0,0,0,0,0,0,0,0,0,0,0
16:06:21,45.5,62.0,54.8,55.4,53.2,55.6,53.6,55.6,53.0,56.1,55.4,56.1,52.8,56.1,53.4,56.5,0,0,0,0,0,0,0,0,0,0,0,0,0,0,0,0,0,0,0
16:06:26,45.5,62.0,54.8,55.4,53.2,55.6,53.6,55.6,53.0,56.1,55.4,56.1,52.8,56.1,53.4,56.5,1,0,0,0,0,0,0,0,0,0,0,0,0,0,0,0,0,0,0
16:06:28,45.5,62.0,54.8,55.4,53.2,55.6,53.6,55.6,53.0,56.1,55.4,56.1,52.8,56.1,53.4,56.5,0,0,0,0,0,0,0,0,0,0,0,0,0,0,0,0,0,0,0
16:06:33,45.3,62.0,54.8,55.6,53.2,56.1,53.6,55.6,53.0,56.1,55.4,56.1,52.8,56.1,53.6,56.5,0,0,0,0,0,0,0,0,0,0,0,0,0,0,0,0,0,0,0
16:06:50,45.3,62.5,54.8,55.6,53.2,56.1,53.6,55.6,53.0,56.1,55.4,56.1,52.6,56.5,53.6,56.5,0,0,0,0,0,0,0,0,0,0,0,0,0,0,0,0,0,0,0
16:06:53,45.1,62.5,54.8,55.6,53.2,56.1,53.6,55.6,53.2,56.1,55.4,56.1,52.6,56.1,53.8,56.5,0,0,0,0,0,0,0,0,0,0,0,0,0,0,0,0,0,0,0
16:07:06,45.1,62.5,54.8,55.6,53.2,56.1,53.6,55.6,53.2,56.1,55.4,56.1,52.6,56.5,53.8,56.5,0,0,0,0,0,0,0,0,0,0,0,0,0,0,0,0,0,0,0
16:07:11,45.1,62.5,54.8,55.6,53.2,56.1,53.6,55.6,53.2,56.1,55.4,56.1,52.6,56.5,53.8,56.5,1,0,0,0,0,0,0,0,0,0,0,0,0,0,0,0,0,0,0
16:07:12,45.1,62.5,54.8,55.6,53.2,56.1,53.6,55.6,53.2,56.1,55.4,56.1,52.6,56.5,53.8,56.5,0,0,0,0,0,0,0,0,0,0,0,0,0,0,0,0,0,0,0
16:07:20,45.1,62.9,54.8,55.6,53.2,56.1,53.8,55.6,53.0,56.5,55.4,56.5,52.6,56.5,53.8,56.5,0,0,0,0,0,0,0,0,0,0,0,0,0,0,0,0,0,0,0
16:07:24,45.1,63.3,55.0,56.1,53.4,56.1,53.8,55.6,53.2,56.1,55.4,56.5,52.6,56.5,53.8,56.5,0,0,0,0,0,0,0,0,0,0,0,0,0,0,0,0,0,0,0
16:07:39,44.9,63.6,55.0,55.6,53.4,56.1,53.8,55.6,53.2,56.1,55.4,56.1,52.6,56.5,54.0,56.5,0,0,0,0,0,0,0,0,0,0,0,0,0,0,0,0,0,0,0
16:07:35,44.9,63.3,55.0,56.1,53.4,56.1,54.0,56.1,53.2,56.5,55.6,56.5,52.6,57.0,54.0,56.5,0,0,0,0,0,0,0,0,0,0,0,0,0,0,0,0,0,0,0
16:07:51,44.7,63.6,55.0,56.1,53.4,56.1,53.8,56.1,53.2,56.5,55.6,56.5,52.4,57.0,54.2,56.5,0,0,0,0,0,0,0,0,0,0,0,0,0,0,0,0,0,0,0
16:07:56,44.7,63.6,55.0,56.1,53.4,56.1,53.8,56.1,53.2,56.5,55.6,56.5,52.4,57.0,54.2,56.5,1,0,0,0,0,0,0,0,0,0,0,0,0,0,0,0,0,0,0
16:07:59,44.7,63.6,55.0,56.1,53.4,56.1,53.8,56.1,53.2,56.5,55.6,56.5,52.4,57.0,54.2,56.5,0,0,0,0,0,0,0,0,0,0,0,0,0,0,0,0,0,0,0
16:08:14,44.5,64.0,55.0,56.1,53.6,56.1,54.0,56.1,53.2,56.5,55.6,56.5,52.6,57.0,54.2,56.5,0,0,0,0,0,0,0,0,0,0,0,0,0,0,0,0,0,0,0
16:08:10,44.5,64.0,55.0,56.1,53.6,56.1,54.0,55.6,53.4,56.5,55.6,56.5,52.4,57.0,54.4,57.0,0,0,0,0,0,0,0,0,0,0,0,0,0,0,0,0,0,0,0
16:08:29,44.5,64.4,55.0,56.1,53.6,56.1,54.0,56.1,53.4,56.5,55.9,56.5,52.4,57.0,54.4,57.0,0,0,0,0,0,0,0,0,0,0,0,0,0,0,0,0,0,0,0
16:08:35,44.3,64.4,55.0,56.1,53.6,56.1,54.2,56.1,53.4,56.5,55.9,57.0,52.4,57.0,54.4,57.0,0,0,0,0,0,0,0,0,0,0,0,0,0,0,0,0,0,0,0
16:08:36,44.3,64.4,55.0,56.5,53.6,56.1,54.2,56.1,53.4,56.5,55.9,57.0,52.4,57.4,54.4,56.5,0,0,0,0,0,0,0,0,0,0,0,0,0,0,0,0,0,0,0
16:08:41,44.3,64.4,55.0,56.5,53.6,56.1,54.2,56.1,53.4,56.5,55.9,57.0,52.4,57.4,54.4,56.5,0,0,0,0,0,0,0,0,0,0,0,0,0,0,0,0,0,0,0
16:08:46,44.3,64.4,55.0,56.5,53.6,56.1,54.2,56.1,53.4,56.5,55.9,57.0,52.4,57.4,54.4,56.5,1,0,0,0,0,0,0,0,0,0,0,0,0,1,0,0,0,0,0
16:08:47,44.3,64.4,55.0,56.5,53.6,56.1,54.2,56.1,53.4,56.5,55.9,57.0,52.4,57.4,54.4,56.5,1,0,0,0,0,0,0,0,0,0,0,0,0,1,0,1,0,0,0
16:08:46,44.3,64.4,55.2,56.5,53.8,56.1,54.2,56.1,53.4,56.5,55.9,57.0,52.4,57.4,54.6,57.0,1,0,0,0,0,0,0,0,0,0,0,0,0,1,0,1,0,0,0
16:08:49,44.3,64.9,55.2,56.1,53.8,56.5,54.2,56.1,53.4,57.0,55.9,57.0,52.4,57.4,54.6,57.0,1,0,0,0,0,0,0,0,0,0,0,0,0,1,0,1,0,0,0
16:08:53,44.3,64.9,55.2,56.1,53.8,56.5,54.2,56.1,53.4,57.0,55.9,57.0,52.4,57.4,54.6,57.0,1,0,0,0,0,0,0,0,0,0,0,0,0,1,0,1,0,0,0
16:08:56,44.3,64.9,55.2,56.1,53.8,56.5,54.2,56.1,53.4,57.0,55.9,57.0,52.4,57.4,54.6,57.0,1,0,0,0,1,0,0,0,0,0,0,0,0,1,0,1,0,0,0
16:08:59,44.3,64.9,55.2,56.1,53.8,56.5,54.2,56.1,53.4,57.0,55.9,57.0,52.4,57.4,54.6,57.0,1,0,0,0,0,0,0,0,0,0,0,0,0,1,0,1,0,0,0
16:09:02,44.3,64.9,55.2,56.1,53.8,56.5,54.2,56.1,53.4,57.0,55.9,57.0,52.4,57.4,54.6,57.0,1,0,0,0,0,0,0,1,0,0,0,0,0,1,0,1,0,0,0
16:09:05,44.5,64.9,55.2,56.5,53.8,56.5,54.4,56.1,53.4,57.0,56.1,57.0,52.4,57.4,54.6,57.0,1,0,0,0,0,0,0,0,0,0,0,0,0,1,0,1,0,0,0
16:09:11,44.5,64.9,55.2,56.5,53.8,56.5,54.4,56.1,53.4,57.0,56.1,57.0,52.4,57.4,54.6,57.0,1,0,0,0,0,0,0,0,0,0,0,0,1,1,0,1,0,0,0
16:09:14,44.3,65.3,55.2,56.5,54.0,56.5,54.4,56.1,53.4,56.5,56.1,57.0,52.4,57.4,54.8,57.0,1,0,0,0,0,0,0,0,0,0,0,0,1,1,0,1,0,0,0
16:09:17,44.3,65.3,55.2,56.5,54.0,56.5,54.4,56.1,53.4,56.5,56.1,57.0,52.4,57.4,54.8,57.0,1,0,0,0,0,0,0,0,0,0,0,0,1,1,0,1,1,0,0
16:09:26,44.1,65.3,55.2,56.5,54.0,56.5,54.6,56.1,53.6,56.5,56.1,57.4,52.4,57.4,55.2,57.0,1,0,0,0,0,0,0,0,0,0,0,0,1,1,0,1,1,0,0
16:09:28,44.1,65.3,55.2,56.5,54.0,56.5,54.6,56.1,53.6,56.5,56.1,57.4,52.4,57.4,55.2,57.0,1,0,0,0,0,0,1,0,0,0,0,0,1,1,0,1,1,0,0
16:09:35,44.1,65.3,55.2,56.5,54.0,56.5,54.6,56.5,53.6,57.0,56.1,57.0,52.4,57.6,55.6,57.0,1,0,0,0,0,0,1,0,0,0,0,0,1,1,0,1,1,0,0
16:09:36,44.1,65.3,55.2,56.5,54.0,56.5,54.6,56.5,53.6,57.0,56.1,57.0,52.4,57.6,55.6,57.0,0,0,0,0,0,0,1,0,0,0,0,0,1,1,0,1,1,0,0
16:09:38,44.1,65.5,55.4,56.5,54.0,56.5,54.6,56.5,53.6,56.5,56.1,57.4,52.4,57.6,55.9,57.4,0,0,0,0,0,0,0,0,0,0,0,0,1,1,0,1,1,0,0
16:09:41,44.1,65.5,55.4,56.5,54.0,56.5,54.6,56.5,53.6,56.5,56.1,57.4,52.4,57.6,55.9,57.4,1,0,0,0,0,0,1,0,0,0,0,0,1,1,0,1,1,0,0
16:09:44,44.1,65.5,55.4,56.5,54.0,56.5,54.6,56.5,53.6,56.5,56.1,57.4,52.4,57.6,55.9,57.4,1,0,0,0,0,0,0,0,0,0,0,0,1,1,0,1,1,0,0
16:09:50,44.1,65.5,55.4,56.5,54.0,56.5,54.6,56.5,53.6,56.5,56.1,57.4,52.4,57.6,55.9,57.4,1,0,0,0,0,0,0,0,0,0,0,0,1,1,0,1,0,0,0
16:09:53,43.9,65.5,55.4,56.5,54.2,56.5,54.8,56.5,53.8,57.0,56.1,57.4,52.4,57.6,56.3,57.0,1,0,0,0,0,0,0,0,0,0,0,0,1,1,0,1,0,0,0
16:09:59,43.9,65.5,55.4,56.5,54.2,56.5,54.8,56.5,53.8,57.0,56.1,57.4,52.4,57.6,56.3,57.0,1,0,0,0,0,0,0,0,0,0,0,0,0,1,0,1,0,0,0
16:10:05,43.9,66.0,55.4,56.5,54.4,56.5,54.8,56.1,53.8,57.0,56.1,57.4,52.4,57.6,56.5,57.4,1,0,0,0,0,0,0,0,0,0,0,0,0,1,0,1,0,0,0
16:10:11,43.9,66.0,55.4,56.5,54.4,56.5,54.8,56.1,53.8,57.0,56.1,57.4,52.4,57.6,56.5,57.4,1,0,0,0,0,0,0,1,0,0,0,0,0,1,0,1,0,0,0
16:10:13,43.9,66.0,55.4,56.5,54.4,56.5,54.8,56.1,53.8,57.0,56.1,57.4,52.4,57.6,56.5,57.4,1,0,0,0,1,0,0,1,0,0,0,0,0,1,0,1,0,0,0
16:10:14,43.9,66.0,55.4,56.5,54.4,56.5,54.8,56.5,53.8,57.0,56.1,57.4,52.4,58.1,56.9,57.4,1,0,0,0,1,0,0,1,0,0,0,0,0,1,0,1,0,0,0
16:10:21,43.9,66.0,55.4,56.5,54.4,56.5,54.8,56.5,53.8,57.0,56.1,57.4,52.4,58.1,56.9,57.4,0,0,0,0,1,0,0,1,0,0,0,0,0,1,0,1,0,0,0
16:10:27,43.9,66.0,55.6,57.0,54.4,56.5,55.0,56.5,53.8,57.0,56.1,57.4,52.4,58.1,56.9,57.4,0,0,0,0,1,0,0,1,0,0,0,0,0,1,0,1,0,0,0
16:10:30,43.9,66.0,55.6,57.0,54.4,56.5,55.0,56.5,53.8,57.0,56.1,57.4,52.4,58.1,56.9,57.4,1,0,0,0,1,0,0,1,0,0,0,0,0,1,0,1,0,0,0
16:10:32,43.5,66.0,55.6,56.5,54.4,57.0,55.0,56.5,54.0,57.0,56.1,57.6,52.4,58.1,56.9,57.4,1,0,0,0,1,0,0,1,0,0,0,0,0,1,0,1,0,0,0
16:10:35,43.5,66.0,55.6,56.5,54.4,57.0,55.0,56.5,54.0,57.0,56.1,57.6,52.4,58.1,56.9,57.4,1,0,0,0,1,0,0,1,0,0,0,0,0,0,0,1,0,0,0
16:10:38,43.5,66.0,55.6,56.5,54.4,57.0,55.0,56.5,54.0,57.0,56.1,57.6,52.4,58.1,56.9,57.4,1,0,0,0,1,0,0,1,0,0,0,0,0,0,0,0,0,0,0
16:10:41,43.5,66.0,55.6,56.5,54.4,57.0,55.0,56.5,54.0,57.0,56.1,57.6,52.4,58.1,56.9,57.4,1,0,0,0,1,0,0,1,0,0,0,0,0,0,0,0,0,0,0
16:10:43,43.5,66.0,55.6,56.5,54.4,57.0,55.0,56.5,54.0,57.0,56.1,57.6,52.4,58.1,56.9,57.4,1,0,0,0,0,0,0,1,0,0,0,0,0,0,0,0,0,0,0
16:10:44,43.3,66.4,55.6,57.0,54.6,57.0,55.2,56.5,54.2,57.0,56.1,57.6,52.4,58.1,56.9,57.4,1,0,0,0,0,0,0,1,0,0,0,0,0,0,0,0,0,0,0
16:10:45,43.3,66.4,55.6,57.0,54.6,57.0,55.2,56.5,54.2,57.0,56.1,57.6,52.4,58.1,56.9,57.4,1,0,0,0,0,0,0,0,0,0,0,0,0,0,0,0,0,0,0
16:10:50,43.5,66.9,55.9,57.0,54.6,56.5,55.4,56.5,54.2,57.0,56.1,57.6,52.4,58.5,56.9,57.4,1,0,0,0,0,0,0,0,0,0,0,0,0,0,0,0,0,0,0
16:10:56,43.5,66.9,55.9,57.0,54.6,56.5,55.4,56.5,54.2,57.0,56.1,57.6,52.4,58.5,56.9,57.4,1,0,0,0,0,0,0,0,0,1,0,0,0,0,0,0,0,0,0
16:10:59,43.5,66.9,55.9,57.0,54.6,56.5,55.4,56.5,54.2,57.0,56.1,57.6,52.4,58.5,56.9,57.4,1,0,0,0,0,0,0,0,0,0,0,0,0,0,0,0,0,0,0
16:11:06,43.5,66.9,55.9,57.0,54.6,56.5,55.4,56.5,54.2,57.0,56.1,57.6,52.4,58.5,56.9,57.4,1,0,0,0,0,0,0,0,0,0,0,0,0,0,0,0,0,0,0
16:11:08,43.5,66.9,55.9,57.0,54.8,57.0,55.4,56.5,54.4,57.0,56.1,58.1,52.4,58.5,57.1,57.4,1,0,0,0,0,0,0,0,0,0,0,0,0,0,0,0,0,0,0
16:11:15,43.5,66.9,55.9,57.0,54.8,57.0,55.4,56.5,54.4,57.0,56.1,58.1,52.4,58.5,57.1,57.4,1,0,0,0,0,0,0,0,0,0,0,0,0,0,0,0,0,0,0
16:11:17,43.5,66.9,55.9,57.0,54.8,57.0,55.4,56.5,54.4,57.0,56.3,58.1,52.4,58.5,57.1,57.4,1,0,0,0,0,0,0,0,0,0,0,0,0,0,0,0,0,0,0
16:11:24,43.5,66.9,55.9,57.0,54.8,57.0,55.4,56.5,54.4,57.0,56.3,58.1,52.4,58.5,57.1,57.4,0,0,0,0,0,0,0,0,0,0,0,0,0,0,0,0,0,0,0
16:11:29,43.5,66.9,55.9,57.0,54.8,57.0,55.4,56.5,54.4,57.0,56.3,58.1,52.4,58.5,57.1,57.4,0,0,0,0,0,0,0,0,0,0,0,0,0,0,0,0,0,0,0
16:11:31,43.5,66.9,55.9,57.0,54.8,57.0,55.4,56.5,54.4,57.0,56.3,58.1,52.4,58.5,57.1,57.4,1,0,0,1,0,0,0,0,0,0,0,0,0,0,0,0,0,0,0
16:11:34,43.7,66.9,56.3,57.4,55.0,57.0,55.6,56.5,54.4,57.0,56.3,58.1,52.4,58.5,57.1,57.4,1,0,0,1,0,0,0,0,0,0,0,0,0,0,0,0,0,0,0
16:11:39,43.7,66.9,56.3,57.4,55.0,57.0,55.6,56.5,54.4,57.0,56.3,58.1,52.4,58.5,57.1,57.4,1,1,0,0,0,0,0,0,0,0,0,0,0,0,0,0,0,0,0
16:11:50,43.5,66.9,56.3,57.4,55.0,57.0,55.6,56.5,54.4,57.4,56.3,58.1,52.4,58.5,57.3,57.4,1,1,0,0,0,0,0,0,0,0,0,0,0,0,0,0,0,0,0
16:12:04,43.3,67.3,57.1,57.4,55.2,57.0,55.6,56.5,54.4,57.4,56.3,58.1,52.4,58.5,57.3,57.4,1,1,0,0,0,0,0,0,0,0,0,0,0,0,0,0,0,0,0
16:12:10,43.3,67.3,57.1,57.4,55.2,57.0,55.6,56.5,54.4,57.4,56.3,58.1,52.4,58.5,57.3,57.4,0,1,0,0,0,0,0,0,0,0,0,0,0,0,0,0,0,0,0
16:12:07,43.5,66.9,56.5,57.4,55.2,57.0,55.6,56.5,54.4,57.4,56.3,58.1,52.4,58.9,57.3,57.4,0,1,0,0,0,0,0,0,0,0,0,0,0,0,0,0,0,0,0
16:12:14,43.3,67.3,57.7,57.6,55.2,57.0,55.9,56.5,54.4,57.4,56.3,58.1,52.4,58.9,57.3,57.4,0,1,0,0,0,0,0,0,0,0,0,0,0,0,0,0,0,0,0
16:12:19,43.3,67.3,57.7,57.6,55.2,57.0,55.9,56.5,54.4,57.4,56.3,58.1,52.4,58.9,57.3,57.4,1,1,0,0,0,0,0,0,0,0,0,0,0,0,0,0,0,0,0
16:12:29,43.3,67.3,57.7,57.6,55.2,57.0,55.9,56.5,54.4,57.4,56.3,58.1,52.4,58.9,57.3,57.4,1,0,0,1,0,0,0,0,0,0,0,0,0,0,0,0,0,0,0
16:12:25,43.3,67.3,57.3,57.4,55.2,57.0,55.9,56.5,54.6,57.4,56.3,58.5,52.4,58.9,57.3,57.4,1,0,0,1,0,0,0,0,0,0,0,0,0,0,0,0,0,0,0
16:12:34,43.3,67.3,57.7,57.6,55.2,57.0,56.1,56.5,54.6,57.4,56.3,58.1,52.4,58.9,57.3,57.4,1,0,0,1,0,0,0,0,0,0,0,0,0,0,0,0,0,0,0
16:12:41,43.3,67.3,57.7,57.6,55.2,57.0,56.1,56.5,54.6,57.4,56.3,58.1,52.4,58.9,57.3,57.4,0,0,0,1,0,0,0,0,0,0,0,0,0,0,0,0,0,0,0
16:12:52,43.3,67.5,58.5,57.6,55.4,57.0,56.1,56.5,54.6,57.6,56.3,58.5,52.4,58.9,57.3,57.4,0,0,0,1,0,0,0,0,0,0,0,0,0,0,0,0,0,0,0
16:12:59,43.1,67.5,58.3,57.6,55.6,57.4,56.3,56.5,54.6,57.6,56.5,58.5,52.4,58.9,57.3,57.4,0,0,0,1,0,0,0,0,0,0,0,0,0,0,0,0,0,0,0
16:13:04,43.1,67.5,58.3,57.6,55.6,57.4,56.3,56.5,54.6,57.6,56.5,58.5,52.4,58.9,57.3,57.4,1,1,0,0,0,0,0,0,0,0,0,0,0,0,0,0,0,0,0
16:13:15,43.1,68.0,58.3,57.6,55.6,57.4,56.3,56.5,54.6,57.6,56.5,58.5,52.4,59.4,57.5,57.6,1,0,0,1,0,0,0,0,0,0,0,0,0,0,0,0,0,0,0
16:13:29,42.9,67.5,58.5,57.6,55.6,57.0,56.3,57.0,54.6,57.6,56.3,58.9,52.4,59.4,57.5,57.6,1,0,0,1,0,0,0,0,0,0,0,0,0,0,0,0,0,0,0
16:13:29,42.9,68.0,58.5,57.6,55.9,57.4,56.3,57.0,54.8,57.6,56.3,58.9,52.4,59.4,57.5,57.4,1,0,0,1,0,0,0,0,0,0,0,0,0,0,0,0,0,0,0
16:13:34,42.9,68.0,58.5,57.6,55.9,57.4,56.5,57.0,54.8,57.4,56.5,58.9,52.4,59.4,57.5,57.6,1,0,0,1,0,0,0,0,0,0,0,0,0,0,0,0,0,0,0
16:13:44,42.9,68.0,58.5,57.6,55.9,57.4,56.5,57.0,54.8,57.4,56.5,58.9,52.4,59.4,57.5,57.6,0,0,0,1,0,0,0,0,0,0,0,0,0,0,0,0,0,0,0
16:13:46,42.9,68.0,58.5,57.6,55.9,57.4,56.5,57.0,54.8,57.4,56.5,58.9,52.4,59.4,57.5,57.6,1,0,0,1,0,0,0,0,0,0,0,0,0,0,0,0,0,0,0
16:13:49,42.7,68.0,58.5,58.1,56.1,57.4,56.5,57.0,54.8,57.6,56.3,58.9,52.4,59.4,57.5,57.4,1,0,0,1,0,0,0,0,0,0,0,0,0,0,0,0,0,0,0
16:13:59,42.7,68.0,58.5,58.1,56.1,57.4,56.5,57.0,54.8,57.6,56.3,58.9,52.4,59.4,57.5,57.4,1,1,0,0,0,0,0,0,0,0,0,0,0,0,0,0,0,0,0
16:14:04,42.7,68.0,58.3,58.1,56.1,57.4,56.5,57.0,54.8,57.6,56.3,58.9,52.4,59.4,57.5,57.6,1,1,0,0,0,0,0,0,0,0,0,0,0,0,0,0,0,0,0
16:14:11,42.7,68.0,58.3,58.1,56.1,57.4,56.5,57.0,54.8,57.6,56.3,58.9,52.4,59.4,57.5,57.6,0,1,0,0,0,0,0,0,0,0,0,0,0,0,0,0,0,0,0
16:14:22,42.7,68.0,58.5,58.1,56.1,57.4,56.5,57.0,54.8,57.6,56.3,58.9,52.4,59.6,57.5,57.6,0,1,0,0,0,0,0,0,0,0,0,0,0,0,0,0,0,0,0
16:14:25,42.7,68.4,58.5,58.1,56.1,57.4,56.7,57.0,54.8,57.6,56.3,59.4,52.4,59.6,57.7,57.6,0,1,0,0,0,0,0,0,0,0,0,0,0,0,0,0,0,0,0
16:14:29,42.7,68.4,58.5,58.1,56.3,57.4,56.7,57.0,55.0,58.1,56.3,59.4,52.4,59.6,57.7,57.6,0,1,0,0,0,0,0,0,0,0,0,0,0,0,0,0,0,0,0
16:14:34,42.7,68.4,58.5,58.1,56.3,57.4,56.7,57.0,55.0,58.1,56.3,59.4,52.4,59.6,57.7,57.6,1,0,0,1,0,0,0,0,0,0,0,0,0,0,0,0,0,0,0
16:14:40,42.7,68.4,58.5,58.1,56.3,57.4,56.7,57.0,55.0,57.6,56.5,59.4,52.4,59.6,57.7,57.6,1,1,0,0,0,0,0,0,0,0,0,0,0,0,0,0,0,0,0
16:15:03,42.5,68.4,58.5,58.5,56.3,57.4,56.7,57.0,55.0,57.6,56.3,59.4,52.4,59.6,57.7,57.6,1,1,0,0,0,0,0,0,0,0,0,0,0,0,0,0,0,0,0
16:14:59,42.5,68.4,58.7,58.5,56.5,57.4,56.9,57.4,55.0,58.1,56.3,59.4,52.4,59.6,57.7,57.6,1,1,0,0,0,0,0,0,0,0,0,0,0,0,0,0,0,0,0
16:15:04,42.5,68.4,58.7,58.5,56.5,57.4,56.9,57.0,55.0,58.1,56.3,59.4,52.4,59.6,57.7,57.6,1,1,0,0,0,0,0,0,0,0,0,0,0,0,0,0,0,0,0
16:15:14,42.5,68.4,58.7,58.5,56.5,57.4,56.9,57.0,55.0,58.1,56.3,59.4,52.4,59.6,57.7,57.6,0,1,0,0,0,0,0,0,0,0,0,0,0,0,0,0,0,0,0
16:15:15,42.5,68.4,58.7,58.5,56.5,57.4,56.9,57.0,55.0,58.1,56.3,59.4,52.4,59.6,57.7,57.6,1,1,0,0,0,0,0,0,0,0,0,0,0,0,0,0,0,0,0
16:15:19,42.7,68.4,58.7,58.5,56.5,57.4,56.9,57.0,55.0,58.1,56.3,59.6,52.4,60.0,57.7,57.6,1,1,0,0,0,0,0,0,0,0,0,0,0,0,0,0,0,0,0
16:15:24,42.7,68.4,58.7,58.5,56.5,57.4,56.9,57.0,55.0,58.1,56.3,59.6,52.4,60.0,57.7,57.6,1,0,0,1,0,0,0,0,0,0,0,0,0,0,0,0,0,0,0
16:15:30,42.7,68.4,58.7,58.5,56.5,57.4,57.1,57.0,55.0,58.1,56.3,59.6,52.4,60.0,57.9,58.1,1,0,0,1,0,0,0,0,0,0,0,0,0,0,0,0,0,0,0
16:15:34,42.7,68.4,58.7,58.5,56.7,57.6,57.1,57.4,55.0,58.1,56.3,59.6,52.2,60.0,57.7,57.6,1,0,0,1,0,0,0,0,0,0,0,0,0,0,0,0,0,0,0
16:15:43,42.7,68.4,58.7,58.5,56.7,57.6,57.1,57.4,55.0,58.1,56.3,59.6,52.2,60.0,57.7,57.6,0,0,0,1,0,0,0,0,0,0,0,0,0,0,0,0,0,0,0
16:15:47,42.7,68.4,58.7,58.5,56.7,57.4,57.1,57.0,55.0,58.1,56.3,59.6,52.2,60.0,57.9,58.1,0,0,0,1,0,0,0,0,0,0,0,0,0,0,0,0,0,0,0
16:15:59,42.7,68.4,58.7,58.5,56.7,57.4,57.1,57.0,55.0,58.1,56.3,59.6,52.2,60.0,57.9,58.1,0,0,0,1,0,0,0,0,0,0,0,0,0,0,0,0,0,0,0
16:16:04,42.7,68.4,58.7,58.5,56.7,57.4,57.1,57.0,55.0,58.1,56.3,59.6,52.2,60.0,57.9,58.1,1,1,0,0,0,0,0,0,0,0,0,0,0,0,0,0,0,0,0
16:16:07,42.7,68.4,58.7,58.5,56.7,57.4,57.1,57.0,55.0,58.1,56.3,59.6,52.2,60.0,57.9,58.1,1,0,0,1,0,0,0,0,0,0,0,0,0,0,0,0,0,0,0
16:16:01,42.7,68.4,58.9,58.5,56.7,57.6,57.3,57.4,55.2,58.1,56.3,59.6,52.2,60.5,57.9,58.1,1,0,0,1,0,0,0,0,0,0,0,0,0,0,0,0,0,0,0
16:16:23,42.5,68.4,58.5,58.9,56.9,57.6,57.3,57.4,55.2,58.1,56.3,59.6,52.2,60.5,57.9,58.1,1,0,0,1,0,0,0,0,0,0,0,0,0,0,0,0,0,0,0
16:16:21,42.5,68.8,58.7,58.5,56.9,57.6,57.3,57.4,55.2,58.1,56.3,59.6,52.2,60.5,57.9,58.1,1,0,0,1,0,0,0,0,0,0,0,0,0,0,0,0,0,0,0
16:16:34,42.5,68.4,58.5,58.9,56.9,57.6,57.3,57.4,55.2,58.5,56.3,60.0,52.2,60.5,57.9,58.1,1,0,0,1,0,0,0,0,0,0,0,0,0,0,0,0,0,0,0
16:16:38,42.5,68.4,58.5,58.9,56.9,57.6,57.3,57.4,55.2,58.5,56.3,60.0,52.2,60.5,57.9,58.1,0,0,0,1,0,0,0,0,0,0,0,0,0,0,0,0,0,0,0
16:16:41,42.3,68.8,58.5,58.9,56.9,57.6,57.5,57.4,55.2,58.1,56.1,60.0,52.2,60.5,57.9,58.1,0,0,0,1,0,0,0,0,0,0,0,0,0,0,0,0,0,0,0
16:16:44,42.1,68.4,58.5,58.9,57.1,57.6,57.5,57.4,55.2,58.5,56.3,60.0,52.0,60.5,57.9,58.1,0,0,0,1,0,0,0,0,0,0,0,0,0,0,0,0,0,0,0
16:16:49,42.1,68.4,58.5,58.9,57.1,57.6,57.5,57.4,55.2,58.5,56.3,60.0,52.0,60.5,57.9,58.1,1,0,0,1,0,0,0,0,0,0,0,0,0,0,0,0,0,0,0
16:16:50,42.1,68.4,58.5,58.9,57.1,57.6,57.5,57.4,55.2,58.5,56.3,60.0,52.0,60.5,57.9,58.1,1,1,0,0,0,0,0,0,0,0,0,0,0,0,0,0,0,0,0
16:17:01,42.1,68.8,58.5,58.9,57.1,57.6,57.5,57.4,55.2,58.5,56.1,60.0,52.2,60.9,57.9,58.1,1,1,0,0,0,0,0,0,0,0,0,0,0,0,0,0,0,0,0
16:17:04,42.1,68.4,58.5,58.9,57.1,57.6,57.5,57.4,55.2,58.5,56.1,60.0,52.0,60.9,58.1,58.1,1,1,0,0,0,0,0,0,0,0,0,0,0,0,0,0,0,0,0
16:17:07,42.1,68.4,58.5,58.9,57.1,57.6,57.5,57.4,55.2,58.5,56.1,60.0,52.0,60.9,58.1,58.1,0,1,0,0,0,0,0,0,0,0,0,0,0,0,0,0,0,0,0
16:17:23,42.3,68.8,58.7,58.9,57.1,57.6,57.7,57.4,55.2,58.5,56.1,60.0,52.0,60.9,58.1,58.1,0,1,0,0,0,0,0,0,0,0,0,0,0,0,0,0,0,0,0
16:17:29,42.1,68.8,58.3,58.9,57.1,57.6,57.7,57.4,55.2,58.5,56.1,60.0,52.0,60.9,58.1,58.1,0,1,0,0,0,0,0,0,0,0,0,0,0,0,0,0,0,0,0
16:17:32,42.1,68.8,58.3,58.9,57.1,57.6,57.7,57.4,55.2,58.5,56.1,60.0,52.0,60.9,58.1,58.1,1,0,0,1,0,0,0,0,0,0,0,0,0,0,0,0,0,0,0
16:17:34,42.1,68.8,58.3,59.4,57.3,58.1,57.7,57.4,55.2,58.5,56.1,60.0,52.0,60.9,58.1,58.1,1,0,0,1,0,0,0,0,0,0,0,0,0,0,0,0,0,0,0
16:17:41,42.1,68.8,58.3,59.4,57.3,58.1,57.7,57.4,55.2,58.5,56.1,60.0,52.0,60.9,58.1,58.1,1,1,0,0,0,0,0,0,0,0,0,0,0,0,0,0,0,0,0
16:17:47,42.1,68.8,58.3,59.4,57.3,57.6,57.7,57.4,55.2,58.5,56.1,60.0,52.0,60.9,58.1,58.1,1,1,0,0,0,0,0,0,0,0,0,0,0,0,0,0,0,0,0
16:18:04,41.9,68.8,58.3,58.9,57.3,58.1,57.7,57.4,55.2,58.5,56.1,60.5,51.8,60.9,58.1,58.1,1,1,0,0,0,0,0,0,0,0,0,0,0,0,0,0,0,0,0
16:18:05,41.9,68.8,58.3,58.9,57.3,58.1,57.7,57.4,55.2,58.5,56.1,60.5,51.8,60.9,58.1,58.1,0,1,0,0,0,0,0,0,0,0,0,0,0,0,0,0,0,0,0
16:18:09,42.3,68.8,58.1,59.4,57.3,58.1,57.9,57.4,55.2,58.5,56.1,60.0,51.8,60.9,58.1,58.1,0,1,0,0,0,0,0,0,0,0,0,0,0,0,0,0,0,0,0
16:18:14,42.3,68.8,58.1,59.4,57.3,58.1,57.9,57.6,55.2,58.5,56.1,60.5,51.8,61.4,58.1,58.1,0,1,0,0,0,0,0,0,0,0,0,0,0,0,0,0,0,0,0
16:18:18,42.3,68.8,58.1,59.4,57.3,58.1,57.9,57.6,55.2,58.5,56.1,60.5,51.8,61.4,58.1,58.1,1,1,0,0,0,0,0,0,0,0,0,0,0,0,0,0,0,0,0
16:18:19,42.7,68.8,58.1,59.4,57.3,58.1,57.9,57.6,55.2,58.5,56.1,60.0,51.8,61.4,58.1,58.1,1,1,0,0,0,0,0,0,0,0,0,0,0,0,0,0,0,0,0
16:18:27,42.7,68.8,58.1,59.4,57.3,58.1,57.9,57.6,55.2,58.5,56.1,60.0,51.8,61.4,58.1,58.1,1,0,0,1,0,0,0,0,0,0,0,0,0,0,0,0,0,0,0
16:18:32,42.7,68.8,58.1,59.4,57.5,58.1,57.9,57.6,55.2,58.5,55.9,60.5,51.8,61.4,58.3,58.5,1,0,0,1,0,0,0,0,0,0,0,0,0,0,0,0,0,0,0
16:18:34,42.7,68.8,58.1,59.4,57.3,58.1,58.1,57.6,55.2,58.5,55.9,60.5,51.8,61.4,58.1,58.1,1,0,0,1,0,0,0,0,0,0,0,0,0,0,0,0,0,0,0
16:18:46,42.7,68.8,58.1,59.4,57.3,58.1,58.1,57.6,55.2,58.5,55.9,60.5,51.8,61.4,58.1,58.1,0,0,0,1,0,0,0,0,0,0,0,0,0,0,0,0,0,0,0
16:18:52,42.7,68.8,57.9,59.4,57.5,58.1,58.1,57.4,55.2,58.5,55.9,60.5,51.6,61.4,58.3,58.5,0,0,0,1,0,0,0,0,0,0,0,0,0,0,0,0,0,0,0
16:18:59,42.5,68.8,58.1,59.6,57.5,58.1,58.1,57.6,55.4,58.5,55.6,60.5,51.6,61.4,58.1,58.5,0,0,0,1,0,0,0,0,0,0,0,0,0,0,0,0,0,0,0
16:19:04,42.3,68.8,58.1,59.4,57.5,58.1,58.1,57.6,55.4,58.9,55.6,60.9,51.6,61.4,58.3,58.5,1,1,0,0,0,0,0,0,0,0,0,0,0,0,0,0,0,0,0
16:19:23,42.3,68.8,57.9,59.6,57.5,58.1,58.3,57.6,55.4,58.9,55.6,60.9,51.6,61.4,58.3,58.1,1,0,0,1,0,0,0,0,0,0,0,0,0,0,0,0,0,0,0
16:19:29,42.3,68.8,57.9,59.6,57.5,58.1,58.3,57.6,55.4,58.5,55.6,60.9,51.4,61.4,58.3,58.5,1,0,0,1,0,0,0,0,0,0,0,0,0,0,0,0,0,0,0
16:19:34,42.3,68.8,57.9,59.6,57.7,58.1,58.3,57.6,55.4,58.9,55.6,60.9,51.4,61.6,58.3,58.5,1,0,0,1,0,0,0,0,0,0,0,0,0,0,0,0,0,0,0
16:19:43,42.3,68.8,57.9,59.6,57.7,58.1,58.3,57.6,55.4,58.9,55.6,60.9,51.4,61.6,58.3,58.5,0,0,0,1,0,0,0,0,0,0,0,0,0,0,0,0,0,0,0
16:19:44,42.5,68.8,57.7,59.6,57.7,58.1,58.3,57.6,55.4,58.9,55.4,60.9,51.4,61.4,58.3,58.5,0,0,0,1,0,0,0,0,0,0,0,0,0,0,0,0,0,0,0
16:19:49,42.5,68.8,57.7,59.6,57.7,58.1,58.3,57.6,55.4,58.9,55.4,60.9,51.4,61.4,58.3,58.5,1,0,0,1,0,0,0,0,0,0,0,0,0,0,0,0,0,0,0
16:20:03,42.5,68.8,57.3,59.6,57.7,58.5,58.3,57.6,55.4,58.9,55.4,60.9,51.4,61.4,58.3,58.5,1,1,0,0,0,0,0,0,0,0,0,0,0,0,0,0,0,0,0
16:20:04,42.5,68.8,57.7,59.6,57.7,58.5,58.3,57.6,55.4,58.9,55.2,60.9,51.2,61.6,58.3,58.5,1,1,0,0,0,0,0,0,0,0,0,0,0,0,0,0,0,0,0
16:20:20,42.5,69.3,57.5,59.6,57.7,58.5,58.5,57.6,55.4,58.9,55.2,60.9,51.2,61.6,58.3,58.5,0,1,0,0,0,0,0,0,0,0,0,0,0,0,0,0,0,0,0
16:20:26,42.5,68.8,57.5,59.6,57.9,58.1,58.5,57.6,55.4,58.9,55.2,60.9,51.2,61.6,58.3,58.5,0,1,0,0,0,0,0,0,0,0,0,0,0,0,0,0,0,0,0
16:20:29,42.5,68.8,57.5,59.6,57.7,58.1,58.5,57.6,55.4,58.9,55.2,60.9,51.0,61.6,58.3,58.5,0,1,0,0,0,0,0,0,0,0,0,0,0,0,0,0,0,0,0
16:20:34,42.5,68.8,57.5,59.6,57.7,58.1,58.5,57.6,55.4,58.9,55.2,60.9,51.0,61.6,58.3,58.5,1,0,0,1,0,0,0,0,0,0,0,0,0,0,0,0,0,0,0
16:20:35,42.5,68.8,57.5,59.6,57.7,58.1,58.5,57.6,55.4,58.9,55.2,60.9,51.0,61.6,58.3,58.5,1,1,0,0,0,0,0,0,0,0,0,0,0,0,0,0,0,0,0
16:20:49,42.3,68.8,57.5,59.6,57.9,58.1,58.5,57.6,55.4,58.9,55.0,61.4,51.0,61.6,58.3,58.5,1,1,0,0,0,0,0,0,0,0,0,0,0,0,0,0,0,0,0
16:20:52,42.3,68.8,57.5,60.0,57.9,58.5,58.5,58.1,55.4,58.9,55.2,60.9,51.0,61.6,58.3,58.5,1,1,0,0,0,0,0,0,0,0,0,0,0,0,0,0,0,0,0
16:21:04,42.3,68.8,57.5,59.6,57.9,58.5,58.5,57.6,55.6,58.9,55.0,61.4,51.0,61.6,58.3,58.5,1,1,0,0,0,0,0,0,0,0,0,0,0,0,0,0,0,0,0
16:21:06,42.3,68.8,57.5,59.6,57.9,58.5,58.5,57.6,55.6,58.9,55.0,61.4,51.0,61.6,58.3,58.5,0,1,0,0,0,0,0,0,0,0,0,0,0,0,0,0,0,0,0
16:21:07,42.5,68.8,57.3,60.0,57.9,58.5,58.5,57.6,55.4,58.9,55.0,61.4,50.8,61.6,58.3,58.5,0,1,0,0,0,0,0,0,0,0,0,0,0,0,0,0,0,0,0
16:21:14,42.3,68.8,57.3,59.6,57.9,58.5,58.5,57.6,55.4,58.9,54.8,61.4,50.8,61.6,58.3,58.5,0,1,0,0,0,0,0,0,0,0,0,0,0,0,0,0,0,0,0
16:21:19,42.3,68.8,57.3,59.6,57.9,58.5,58.5,57.6,55.4,58.9,54.8,61.4,50.8,61.6,58.3,58.5,1,1,0,0,0,0,0,0,0,0,0,0,0,0,0,0,0,0,0
16:21:22,42.3,68.8,57.3,59.6,57.9,58.5,58.5,57.6,55.4,58.9,54.8,61.4,50.8,61.6,58.3,58.5,1,0,0,1,0,0,0,0,0,0,0,0,0,0,0,0,0,0,0
16:21:18,42.5,68.8,57.3,60.0,57.9,58.5,58.5,57.6,55.4,58.9,55.0,60.9,50.8,62.0,58.3,58.9,1,0,0,1,0,0,0,0,0,0,0,0,0,0,0,0,0,0,0
16:21:34,42.5,68.8,57.1,60.0,57.9,58.5,58.7,58.1,55.4,59.4,54.6,61.4,50.8,61.6,58.3,58.5,1,0,0,1,0,0,0,0,0,0,0,0,0,0,0,0,0,0,0
16:21:40,42.5,68.8,57.1,60.0,57.9,58.5,58.7,58.1,55.4,59.4,54.6,61.4,50.8,61.6,58.3,58.5,0,0,0,1,0,0,0,0,0,0,0,0,0,0,0,0,0,0,0
16:21:37,42.5,68.8,57.1,60.0,57.9,58.5,58.7,58.1,55.4,58.9,54.6,61.4,50.8,62.0,58.3,58.9,0,0,0,1,0,0,0,0,0,0,0,0,0,0,0,0,0,0,0
16:21:55,42.5,68.8,57.1,60.0,57.9,58.5,58.7,58.1,55.6,58.9,54.6,61.4,50.6,62.0,58.5,58.5,0,0,0,1,0,0,0,0,0,0,0,0,0,0,0,0,0,0,0
16:21:59,42.5,68.8,57.1,60.0,57.9,58.5,58.7,57.6,55.4,58.9,54.4,61.4,50.6,62.0,58.5,58.5,0,0,0,1,0,0,0,0,0,0,0,0,0,0,0,0,0,0,0
16:22:04,42.3,68.8,57.1,60.0,58.1,58.5,58.7,58.1,55.4,59.4,54.4,61.6,50.4,62.0,58.5,58.5,1,1,0,0,0,0,0,0,0,0,0,0,0,0,0,0,0,0,0
16:22:17,42.3,68.8,57.1,60.0,58.1,58.5,58.7,58.1,55.4,59.4,54.4,61.6,50.4,62.0,58.5,58.5,1,0,0,1,0,0,0,0,0,0,0,0,0,0,0,0,0,0,0
16:22:21,42.5,68.8,56.9,60.0,58.1,58.5,58.9,58.1,55.4,59.4,54.2,61.4,50.6,62.0,58.5,58.9,1,0,0,1,0,0,0,0,0,0,0,0,0,0,0,0,0,0,0
16:22:35,42.5,68.8,56.9,60.5,58.1,58.5,58.9,58.1,55.6,59.4,54.2,61.4,50.4,62.0,58.5,58.9,1,0,0,1,0,0,0,0,0,0,0,0,0,0,0,0,0,0,0
16:22:42,42.5,68.8,56.9,60.5,58.1,58.5,58.9,58.1,55.6,59.4,54.2,61.4,50.4,62.0,58.5,58.9,0,0,0,1,0,0,0,0,0,0,0,0,0,0,0,0,0,0,0
16:22:44,42.5,68.8,56.9,60.5,58.1,58.9,58.9,58.1,55.6,59.4,54.2,61.4,50.4,62.0,58.5,58.9,0,0,0,1,0,0,0,0,0,0,0,0,0,0,0,0,0,0,0
16:22:45,42.7,68.8,56.9,60.5,58.1,58.5,58.9,58.1,55.6,59.4,54.2,61.6,50.4,62.0,58.5,58.9,0,0,0,1,0,0,0,0,0,0,0,0,0,0,0,0,0,0,0
16:22:50,42.7,68.8,56.9,60.5,58.1,58.5,58.9,58.1,55.6,59.4,54.2,61.6,50.4,62.0,58.5,58.9,1,0,0,1,0,0,0,0,0,0,0,0,0,0,0,0,0,0,0
16:23:00,42.7,68.8,56.9,60.5,58.1,58.5,58.9,58.1,55.6,59.4,54.2,61.6,50.4,62.0,58.5,58.9,1,1,0,0,0,0,0,0,0,0,0,0,0,0,0,0,0,0,0
16:23:01,42.7,68.8,56.5,60.5,58.1,58.9,59.1,58.1,55.4,59.4,54.2,61.6,50.2,62.5,58.5,58.9,1,1,0,0,0,0,0,0,0,0,0,0,0,0,0,0,0,0,0
16:23:05,42.5,68.8,56.5,60.5,58.1,58.5,58.9,58.1,55.6,59.4,54.2,61.6,50.2,62.5,58.5,58.9,1,1,0,0,0,0,0,0,0,0,0,0,0,0,0,0,0,0,0
16:23:17,42.5,68.8,56.5,60.5,58.1,58.5,58.9,58.1,55.6,59.4,54.2,61.6,50.2,62.5,58.5,58.9,0,1,0,0,0,0,0,0,0,0,0,0,0,0,0,0,0,0,0
16:23:28,42.7,68.8,56.3,60.5,58.3,58.9,59.1,58.1,55.6,59.4,54.0,61.6,50.2,62.5,58.5,58.9,0,1,0,0,0,0,0,0,0,0,0,0,0,0,0,0,0,0,0
16:23:30,42.7,68.8,56.5,60.5,58.1,58.5,59.1,58.1,55.6,59.4,54.0,61.6,50.2,62.5,58.5,58.9,0,1,0,0,0,0,0,0,0,0,0,0,0,0,0,0,0,0,0
16:23:35,42.7,68.8,56.5,60.5,58.1,58.5,59.1,58.1,55.6,59.4,54.0,61.6,50.2,62.5,58.5,58.9,1,0,0,1,0,0,0,0,0,0,0,0,0,0,0,0,0,0,0
16:23:42,42.7,68.8,56.5,60.5,58.1,58.5,59.1,58.1,55.6,59.4,54.0,61.6,50.2,62.5,58.5,58.9,1,1,0,0,0,0,0,0,0,0,0,0,0,0,0,0,0,0,0
16:23:58,42.5,68.8,56.5,60.5,58.3,58.5,59.1,58.1,55.6,59.4,53.6,61.6,50.2,62.5,58.5,58.9,1,1,0,0,0,0,0,0,0,0,0,0,0,0,0,0,0,0,0
16:24:02,42.5,68.4,56.3,60.5,58.3,58.9,59.1,58.1,55.6,59.4,53.6,61.6,50.0,62.5,58.5,59.4,1,1,0,0,0,0,0,0,0,0,0,0,0,0,0,0,0,0,0
16:24:05,42.5,68.8,56.3,60.5,58.3,58.5,59.1,58.1,55.6,59.6,53.6,61.6,50.0,62.5,58.7,58.9,1,1,0,0,0,0,0,0,0,0,0,0,0,0,0,0,0,0,0
16:24:15,42.5,68.8,56.3,60.5,58.3,58.5,59.1,58.1,55.6,59.6,53.6,61.6,50.0,62.5,58.7,58.9,0,1,0,0,0,0,0,0,0,0,0,0,0,0,0,0,0,0,0
16:24:20,42.5,68.8,56.3,60.5,58.3,58.5,59.1,58.1,55.6,59.6,53.6,61.6,50.0,62.5,58.7,58.9,1,1,0,0,0,0,0,0,0,0,0,0,0,0,0,0,0,0,0
16:24:31,42.5,68.4,55.6,60.5,58.3,58.7,59.3,58.1,55.4,59.4,53.8,61.6,50.0,62.5,58.5,58.9,1,0,0,1,0,0,0,0,0,0,0,0,0,0,0,0,0,0,0
16:24:35,42.5,68.4,55.6,60.5,58.3,58.9,59.3,58.1,55.6,59.6,54.2,61.6,49.8,62.5,58.5,58.9,1,0,0,1,0,0,0,0,0,0,0,0,0,0,0,0,0,0,0
16:24:54,42.5,68.4,55.6,60.5,58.3,58.9,59.3,58.1,55.4,59.6,54.2,61.6,49.6,62.5,58.5,58.9,0,0,0,1,0,0,0,0,0,0,0,0,0,0,0,0,0,0,0
16:24:58,42.5,68.4,55.6,60.5,58.3,58.9,59.3,58.5,55.4,59.6,53.6,61.6,49.6,62.5,58.3,58.9,0,0,0,1,0,0,0,0,0,0,0,0,0,0,0,0,0,0,0
16:25:00,42.7,68.4,55.4,60.5,58.3,58.9,59.3,58.5,55.4,59.6,53.6,62.0,49.4,62.5,58.5,58.9,0,0,0,1,0,0,0,0,0,0,0,0,0,0,0,0,0,0,0
16:25:05,42.7,68.4,55.4,60.5,58.3,58.9,59.3,58.5,55.4,59.6,53.6,62.0,49.4,62.5,58.5,58.9,1,1,0,0,0,0,0,0,0,0,0,0,0,0,0,0,0,0,0
16:25:11,42.7,68.4,55.4,60.5,58.3,58.9,59.3,58.5,55.4,59.6,53.6,62.0,49.4,62.5,58.5,58.9,1,0,0,1,0,0,0,0,0,0,0,0,0,0,0,0,0,0,0
16:25:25,42.5,68.4,55.4,60.9,58.3,58.9,59.3,58.1,55.4,59.6,53.4,62.0,49.4,62.9,58.5,58.9,1,0,0,1,0,0,0,0,0,0,0,0,0,0,0,0,0,0,0
16:25:31,42.5,68.8,55.4,60.9,58.3,58.9,59.3,58.1,55.4,59.6,53.4,62.0,49.4,62.9,58.5,59.4,1,0,0,1,0,0,0,0,0,0,0,0,0,0,0,0,0,0,0
16:25:35,42.3,68.4,55.4,60.9,58.5,58.9,59.3,58.5,55.4,59.6,53.4,62.0,49.2,62.9,58.5,58.9,1,0,0,1,0,0,0,0,0,0,0,0,0,0,0,0,0,0,0
16:25:44,42.3,68.4,55.4,60.9,58.5,58.9,59.3,58.5,55.4,59.6,53.4,62.0,49.2,62.9,58.5,58.9,0,0,0,1,0,0,0,0,0,0,0,0,0,0,0,0,0,0,0
16:25:45,42.3,68.4,55.4,60.9,58.3,58.9,59.3,58.1,55.4,59.6,53.2,62.0,49.2,62.9,58.5,59.4,0,0,0,1,0,0,0,0,0,0,0,0,0,0,0,0,0,0,0
16:25:50,42.3,68.4,55.4,60.5,58.3,58.9,59.3,58.5,55.4,59.6,53.2,62.0,49.2,62.9,58.5,59.4,1,0,0,1,0,0,0,0,0,0,0,0,0,0,0,0,0,0,0
16:26:05,42.3,68.4,55.4,60.5,58.3,58.9,59.3,58.5,55.4,59.6,53.2,62.0,49.2,62.9,58.5,59.4,1,1,0,0,0,0,0,0,0,0,0,0,0,0,0,0,0,0,0
16:26:07,42.3,68.4,55.4,60.5,58.3,58.9,59.3,58.5,55.4,59.6,53.2,62.0,49.2,62.9,58.5,59.4,0,1,0,0,0,0,0,0,0,0,0,0,0,0,0,0,0,0,0
16:26:15,42.5,68.4,55.2,60.9,58.5,58.9,59.3,58.5,55.4,59.6,53.0,62.0,49.2,62.9,58.3,59.4,0,1,0,0,0,0,0,0,0,0,0,0,0,0,0,0,0,0,0
16:26:21,42.3,68.4,55.0,60.5,58.5,58.9,59.3,58.5,55.4,59.6,53.0,62.0,49.2,62.9,58.5,59.4,0,1,0,0,0,0,0,0,0,0,0,0,0,0,0,0,0,0,0
16:26:27,42.1,68.4,55.2,60.9,58.5,58.9,59.3,58.5,55.4,59.6,53.0,62.0,49.0,62.9,58.5,59.4,0,1,0,0,0,0,0,0,0,0,0,0,0,0,0,0,0,0,0
16:26:30,41.9,68.4,55.2,60.9,58.5,58.9,59.3,58.5,55.4,59.6,53.0,62.0,49.2,62.9,58.5,59.4,0,1,0,0,0,0,0,0,0,0,0,0,0,0,0,0,0,0,0
16:26:35,41.9,68.4,55.2,60.9,58.5,58.9,59.3,58.5,55.4,59.6,53.0,62.0,49.2,62.9,58.5,59.4,1,0,0,1,0,0,0,0,0,0,0,0,0,0,0,0,0,0,0
16:26:36,41.9,68.4,55.2,60.9,58.5,58.9,59.3,58.5,55.4,59.6,53.0,62.0,49.2,62.9,58.5,59.4,1,1,0,0,0,0,0,0,0,0,0,0,0,0,0,0,0,0,0
16:26:45,41.9,68.4,55.2,60.9,58.5,58.9,59.3,58.5,55.4,59.6,53.0,62.0,49.0,62.9,58.3,59.4,1,1,0,0,0,0,0,0,0,0,0,0,0,0,0,0,0,0,0
16:26:53,42.3,68.4,55.2,60.9,58.5,58.9,59.3,58.5,55.4,59.6,52.8,62.0,49.0,62.9,58.5,59.4,1,1,0,0,0,0,0,0,0,0,0,0,0,0,0,0,0,0,0
16:27:02,42.5,68.4,55.0,60.9,58.5,58.9,59.3,58.5,55.4,59.6,52.8,62.0,49.0,62.9,58.5,59.4,1,1,0,0,0,0,0,0,0,0,0,0,0,0,0,0,0,0,0
16:27:05,42.7,68.4,55.0,60.9,58.3,58.9,59.3,58.5,55.4,59.6,52.8,62.0,48.8,63.3,58.5,59.4,1,1,0,0,0,0,0,0,0,0,0,0,0,0,0,0,0,0,0
16:27:15,42.7,68.4,55.0,60.9,58.3,58.9,59.3,58.5,55.4,59.6,52.8,62.0,48.8,63.3,58.5,59.4,0,1,0,0,0,0,0,0,0,0,0,0,0,0,0,0,0,0,0
16:27:20,42.7,68.4,55.0,60.9,58.3,58.9,59.3,58.5,55.4,59.6,52.8,62.0,48.8,63.3,58.5,59.4,1,1,0,0,0,0,0,0,0,0,0,0,0,0,0,0,0,0,0
16:27:27,42.7,68.4,55.0,60.9,58.3,58.9,59.3,58.5,55.4,59.6,52.8,62.0,48.8,63.3,58.5,59.4,1,0,0,1,0,0,0,0,0,0,0,0,0,0,0,0,0,0,0
16:27:16,42.7,68.4,55.0,60.9,58.3,58.9,59.5,58.5,55.4,59.6,52.6,62.0,48.6,63.3,58.5,59.4,1,0,0,1,0,0,0,0,0,0,0,0,0,0,0,0,0,0,0
16:27:35,42.7,68.4,55.0,60.9,58.3,58.9,59.3,58.5,55.6,59.6,52.8,62.0,48.8,63.3,58.5,59.4,1,0,0,1,0,0,0,0,0,0,0,0,0,0,0,0,0,0,0
16:27:44,42.7,68.4,55.0,60.9,58.3,58.9,59.3,58.5,55.6,59.6,52.8,62.0,48.8,63.3,58.5,59.4,0,0,0,1,0,0,0,0,0,0,0,0,0,0,0,0,0,0,0
16:27:46,42.7,68.4,55.2,60.9,58.5,58.9,59.5,58.5,55.4,59.6,52.8,62.0,48.6,63.3,58.5,59.4,0,0,0,1,0,0,0,0,0,0,0,0,0,0,0,0,0,0,0
16:27:56,42.7,68.4,55.0,60.9,58.5,59.4,59.5,58.5,55.4,59.6,52.8,62.0,48.8,63.3,58.5,59.4,0,0,0,1,0,0,0,0,0,0,0,0,0,0,0,0,0,0,0
16:28:00,42.7,68.4,54.8,60.9,58.5,58.9,59.5,58.5,55.4,60.0,52.8,62.0,48.8,63.3,58.5,59.4,0,0,0,1,0,0,0,0,0,0,0,0,0,0,0,0,0,0,0
16:28:05,42.7,68.4,54.8,60.9,58.5,58.9,59.5,58.5,55.4,60.0,52.8,62.0,48.8,63.3,58.5,59.4,1,1,0,0,0,0,0,0,0,0,0,0,0,0,0,0,0,0,0
16:28:13,42.9,68.4,54.6,60.9,58.3,59.4,59.3,58.5,55.4,60.0,52.6,62.0,48.6,63.3,58.5,59.4,1,0,0,1,0,0,0,0,0,0,0,0,0,0,0,0,0,0,0
16:28:23,42.9,68.4,54.6,60.9,58.5,58.9,59.5,58.5,55.4,60.0,52.6,62.0,48.6,63.3,58.5,59.4,1,0,0,1,0,0,0,0,0,0,0,0,0,0,0,0,0,0,0
16:28:33,42.9,68.4,54.6,60.9,58.5,58.9,59.5,58.5,55.4,60.0,52.4,62.5,48.8,63.3,58.5,59.4,1,0,0,1,0,0,0,0,0,0,0,0,0,0,0,0,0,0,0
16:28:35,42.9,68.4,54.6,60.9,58.5,58.9,59.5,58.1,55.4,60.0,52.2,62.0,48.6,63.3,58.5,59.4,1,0,0,1,0,0,0,0,0,0,0,0,0,0,0,0,0,0,0
16:28:45,42.9,68.4,54.6,60.9,58.5,58.9,59.5,58.1,55.4,60.0,52.2,62.0,48.6,63.3,58.5,59.4,0,0,0,1,0,0,0,0,0,0,0,0,0,0,0,0,0,0,0
16:28:48,42.9,68.4,54.6,60.9,58.5,58.9,59.5,58.1,55.4,60.0,52.2,62.0,48.6,63.3,58.5,59.4,1,0,0,1,0,0,0,0,0,0,0,0,0,0,0,0,0,0,0
16:28:50,42.9,68.4,54.6,60.9,58.5,58.9,59.5,58.5,55.4,60.0,52.2,62.5,48.4,63.3,58.5,59.4,1,0,0,1,0,0,0,0,0,0,0,0,0,0,0,0,0,0,0
16:28:51,42.9,68.4,54.6,60.9,58.5,58.9,59.5,58.5,55.4,60.0,52.2,62.5,48.4,63.3,58.5,59.4,1,1,0,0,0,0,0,0,0,0,0,0,0,0,0,0,0,0,0
16:29:05,42.9,68.4,54.2,61.4,58.5,59.4,59.5,58.5,55.4,60.0,52.2,62.5,48.4,63.3,58.5,59.4,1,1,0,0,0,0,0,0,0,0,0,0,0,0,0,0,0,0,0
16:29:18,42.9,68.4,54.2,61.4,58.5,59.4,59.5,58.5,55.4,60.0,52.2,62.5,48.4,63.3,58.5,59.4,0,1,0,0,0,0,0,0,0,0,0,0,0,0,0,0,0,0,0
16:29:28,42.9,68.4,54.2,60.9,58.5,59.4,59.5,58.5,55.4,60.0,52.2,62.5,48.1,63.3,58.5,59.4,0,1,0,0,0,0,0,0,0,0,0,0,0,0,0,0,0,0,0
16:29:30,42.9,68.4,54.2,60.9,58.5,59.4,59.5,58.5,55.4,60.0,52.0,62.5,48.1,63.3,58.3,59.4,0,1,0,0,0,0,0,0,0,0,0,0,0,0,0,0,0,0,0
16:29:35,42.9,68.4,54.2,60.9,58.5,59.4,59.5,58.5,55.4,60.0,52.0,62.5,48.1,63.3,58.3,59.4,1,0,0,1,0,0,0,0,0,0,0,0,0,0,0,0,0,0,0
16:29:37,42.9,68.4,54.2,60.9,58.5,59.4,59.5,58.5,55.4,60.0,52.0,62.5,48.1,63.3,58.3,59.4,1,1,0,0,0,0,0,0,0,0,0,0,0,0,0,0,0,0,0
16:29:53,42.9,68.4,53.8,61.4,58.5,58.9,59.5,58.5,55.4,60.0,52.0,62.5,48.1,63.3,58.3,59.4,1,1,0,0,0,0,0,0,0,0,0,0,0,0,0,0,0,0,0
16:30:00,42.9,68.4,54.0,61.4,58.5,59.4,59.5,58.5,55.2,60.0,52.0,62.5,47.9,63.3,58.5,59.4,1,1,0,0,0,0,0,0,0,0,0,0,0,0,0,0,0,0,0
16:30:05,42.9,68.4,53.8,61.4,58.5,59.4,59.5,58.5,55.2,60.0,52.0,62.5,47.9,63.3,58.5,59.4,1,1,0,0,0,0,0,0,0,0,0,0,0,0,0,0,0,0,0
16:30:10,42.9,68.4,53.8,61.4,58.5,59.4,59.5,58.5,55.2,60.0,52.0,62.5,47.9,63.3,58.5,59.4,0,1,0,0,0,0,0,0,0,0,0,0,0,0,0,0,0,0,0
16:30:15,42.7,68.4,53.8,61.4,58.5,59.4,59.5,58.5,55.2,60.0,51.8,62.5,47.9,63.3,58.5,59.4,0,1,0,0,0,0,0,0,0,0,0,0,0,0,0,0,0,0,0
16:30:17,42.7,68.4,53.8,61.4,58.5,59.4,59.5,58.5,55.2,60.0,51.8,62.5,47.9,63.3,58.5,59.4,1,1,0,0,0,0,0,0,0,0,0,0,0,0,0,0,0,0,0
16:30:20,42.9,68.4,53.8,61.4,58.5,59.4,59.5,58.5,55.2,60.0,51.8,62.5,47.9,63.3,58.3,59.4,1,1,0,0,0,0,0,0,0,0,0,0,0,0,0,0,0,0,0
16:30:30,42.9,68.4,53.8,61.4,58.5,59.4,59.5,58.5,55.2,60.0,51.8,62.5,47.9,63.3,58.3,59.4,1,0,0,1,0,0,0,0,0,0,0,0,0,0,0,0,0,0,0
16:30:34,42.9,68.4,53.8,61.4,58.5,59.4,59.5,58.5,55.2,60.0,51.8,62.5,47.7,63.3,58.3,59.4,1,0,0,1,0,0,0,0,0,0,0,0,0,0,0,0,0,0,0
16:30:35,43.1,68.4,53.8,61.4,58.5,59.4,59.5,58.5,55.2,60.0,51.8,62.5,47.7,63.6,58.5,59.4,1,0,0,1,0,0,0,0,0,0,0,0,0,0,0,0,0,0,0
16:30:42,43.1,68.4,53.8,61.4,58.5,59.4,59.5,58.5,55.2,60.0,51.8,62.5,47.7,63.6,58.5,59.4,0,0,0,1,0,0,0,0,0,0,0,0,0,0,0,0,0,0,0
16:30:57,42.9,68.4,54.0,61.4,58.3,59.4,59.3,58.5,55.2,60.0,51.8,62.5,47.7,63.6,58.5,59.4,0,0,0,1,0,0,0,0,0,0,0,0,0,0,0,0,0,0,0
16:31:00,42.9,68.4,53.4,61.4,58.5,59.4,59.5,58.5,55.0,60.0,51.6,62.5,47.5,63.6,58.5,59.4,0,0,0,1,0,0,0,0,0,0,0,0,0,0,0,0,0,0,0
16:31:05,42.9,68.4,53.4,61.4,58.5,59.4,59.5,58.5,55.0,60.0,51.6,62.5,47.5,63.6,58.5,59.4,1,1,0,0,0,0,0,0,0,0,0,0,0,0,0,0,0,0,0
16:31:10,42.9,68.4,53.4,61.4,58.5,59.4,59.5,58.5,55.0,60.0,51.6,62.5,47.5,63.6,58.5,59.4,1,0,0,1,0,0,0,0,0,0,0,0,0,0,0,0,0,0,0
16:31:11,42.9,68.4,53.6,61.4,58.3,59.4,59.3,58.5,55.0,60.0,51.6,62.5,47.5,63.6,58.5,59.4,1,0,0,1,0,0,0,0,0,0,0,0,0,0,0,0,0,0,0
16:31:32,42.9,68.0,53.4,61.4,58.3,59.4,59.3,58.5,55.0,60.0,51.6,62.5,47.5,63.6,58.5,59.4,1,0,0,1,0,0,0,0,0,0,0,0,0,0,0,0,0,0,0
16:31:35,42.7,68.4,53.4,61.4,58.3,59.4,59.3,58.5,55.0,60.5,51.4,62.9,47.5,63.6,58.3,59.4,1,0,0,1,0,0,0,0,0,0,0,0,0,0,0,0,0,0,0
16:31:45,42.7,68.4,53.4,61.4,58.3,59.4,59.3,58.5,55.0,60.5,51.4,62.9,47.5,63.6,58.3,59.4,0,0,0,1,0,0,0,0,0,0,0,0,0,0,0,0,0,0,0
16:31:46,42.7,68.4,53.6,61.4,58.3,59.4,59.3,58.5,55.0,60.5,51.4,62.9,47.5,63.6,58.3,59.4,1,0,0,1,0,0,0,0,0,0,0,0,0,0,0,0,0,0,0
16:31:49,42.9,68.0,53.6,61.4,58.3,59.4,59.3,58.5,55.0,60.0,51.6,62.9,47.3,63.6,58.3,59.4,1,0,0,1,0,0,0,0,0,0,0,0,0,0,0,0,0,0,0
16:31:50,42.9,68.0,53.4,61.6,58.3,59.4,59.3,58.5,55.0,60.5,51.6,62.9,47.3,63.6,58.3,59.4,1,0,0,1,0,0,0,0,0,0,0,0,0,0,0,0,0,0,0
16:32:04,42.9,68.0,53.4,61.6,58.3,59.4,59.3,58.5,55.0,60.5,51.6,62.9,47.3,63.6,58.3,59.4,1,1,0,0,0,0,0,0,0,0,0,0,0,0,0,0,0,0,0
16:32:05,42.9,68.4,53.4,61.4,58.3,59.4,59.3,58.5,55.0,60.0,51.6,62.9,47.3,63.6,58.3,59.4,1,1,0,0,0,0,0,0,0,0,0,0,0,0,0,0,0,0,0
16:32:19,42.9,68.4,53.4,61.4,58.3,59.4,59.3,58.5,55.0,60.0,51.6,62.9,47.3,63.6,58.3,59.4,0,1,0,0,0,0,0,0,0,0,0,0,0,0,0,0,0,0,0
16:32:23,42.5,68.0,53.2,61.4,58.3,59.4,59.3,58.5,55.0,60.5,51.6,62.9,47.3,63.6,58.3,59.6,0,1,0,0,0,0,0,0,0,0,0,0,0,0,0,0,0,0,0
16:32:30,42.3,68.0,53.2,61.4,58.3,59.4,59.3,58.9,55.0,60.5,51.6,62.9,47.3,63.6,58.3,59.4,0,1,0,0,0,0,0,0,0,0,0,0,0,0,0,0,0,0,0
16:32:34,42.3,68.0,53.2,61.4,58.3,59.4,59.3,58.9,55.0,60.5,51.6,62.9,47.3,63.6,58.3,59.4,1,0,0,1,0,0,0,0,0,0,0,0,0,0,0,0,0,0,0
16:32:35,42.3,68.0,53.4,61.6,58.3,59.4,59.3,58.5,55.0,60.5,51.6,62.9,47.5,63.6,58.3,59.4,1,0,0,1,0,0,0,0,0,0,0,0,0,0,0,0,0,0,0
16:32:41,42.3,68.0,53.4,61.6,58.3,59.4,59.3,58.5,55.0,60.5,51.6,62.9,47.5,63.6,58.3,59.4,1,1,0,0,0,0,0,0,0,0,0,0,0,0,0,0,0,0,0
16:32:49,42.5,68.0,53.4,61.6,58.3,59.4,59.3,58.5,54.8,60.5,51.6,62.9,47.3,63.6,58.3,59.4,1,1,0,0,0,0,0,0,0,0,0,0,0,0,0,0,0,0,0
16:33:03,42.5,68.4,53.4,61.6,58.3,59.4,59.3,58.5,54.8,60.5,51.6,62.9,47.3,63.6,58.3,59.4,1,1,0,0,0,0,0,0,0,0,0,0,0,0,0,0,0,0,0
16:33:05,42.7,68.0,53.0,61.6,58.3,59.4,59.3,58.5,54.8,60.5,51.6,62.9,47.1,63.6,58.3,59.4,1,1,0,0,0,0,0,0,0,0,0,0,0,0,0,0,0,0,0
16:33:06,42.7,68.0,53.0,61.6,58.3,59.4,59.3,58.5,54.8,60.5,51.6,62.9,47.1,63.6,58.3,59.4,0,1,0,0,0,0,0,0,0,0,0,0,0,0,0,0,0,0,0
16:33:15,42.7,68.0,53.0,61.6,58.3,59.4,59.3,58.5,54.8,60.5,51.6,62.9,47.3,63.6,58.1,59.4,0,1,0,0,0,0,0,0,0,0,0,0,0,0,0,0,0,0,0
16:33:20,42.7,68.0,53.0,61.6,58.3,59.4,59.3,58.5,54.8,60.5,51.6,62.9,47.3,63.6,58.1,59.4,1,1,0,0,0,0,0,0,0,0,0,0,0,0,0,0,0,0,0
16:33:25,42.7,68.0,53.0,61.6,58.3,59.4,59.3,58.5,54.8,60.5,51.6,62.9,47.3,63.6,58.1,59.4,1,1,0,0,0,0,0,0,0,0,0,0,0,0,0,0,0,0,0
16:33:35,42.7,68.0,53.2,61.6,58.3,59.4,59.3,58.5,54.8,60.5,51.6,62.9,47.3,63.6,58.1,59.4,1,1,0,0,0,0,0,0,0,0,0,0,0,0,0,0,0,0,0
16:33:38,42.7,68.0,53.2,61.6,58.3,59.4,59.3,58.5,54.8,60.5,51.6,62.9,47.3,63.6,58.1,59.4,1,1,0,0,0,0,0,0,0,0,0,0,0,0,0,0,0,0,0
16:33:43,42.7,68.0,53.2,61.6,58.3,59.6,59.3,58.5,54.8,60.5,51.4,62.9,47.1,63.6,58.1,59.4,1,1,0,0,0,0,0,0,0,0,0,0,0,0,0,0,0,0,0
16:33:50,42.5,68.0,53.2,61.6,58.3,59.6,59.3,58.5,54.8,60.5,51.4,62.9,47.3,63.6,58.1,59.4,1,1,0,0,0,0,0,0,0,0,0,0,0,0,0,0,0,0,0
16:34:05,42.5,68.0,53.2,61.6,58.3,59.6,59.3,58.5,54.8,60.5,51.4,62.9,47.3,63.6,58.1,59.4,0,0,0,0,0,0,0,0,0,0,0,0,0,0,0,0,0,0,0
16:34:06,42.5,68.0,53.2,61.6,58.3,59.6,59.3,58.5,54.8,60.5,51.4,62.9,47.3,63.6,58.1,59.4,0,0,0,0,0,0,0,0,0,1,0,0,0,0,0,0,0,0,0
16:34:08,42.5,68.0,53.6,61.6,58.1,59.4,59.1,58.5,54.8,60.5,51.4,62.9,46.9,63.6,58.1,59.4,0,0,0,0,0,0,0,0,0,1,0,0,0,0,0,0,0,0,0
16:34:21,42.5,68.0,53.6,61.6,58.1,59.4,59.1,58.5,54.8,60.5,50.4,62.9,46.9,63.6,58.1,59.4,0,0,0,0,0,0,0,0,0,1,0,0,0,0,0,0,0,0,0
16:34:25,42.5,68.0,53.8,61.6,58.3,59.4,59.1,58.9,55.0,60.5,50.6,62.9,46.9,63.6,58.1,59.4,0,0,0,0,0,0,0,0,0,1,0,0,0,0,0,0,0,0,0
16:34:40,42.5,68.0,53.8,61.6,58.3,59.4,59.1,58.9,55.0,60.5,50.6,62.9,46.9,63.6,58.1,59.4,0,0,0,0,0,0,0,0,0,0,0,0,0,0,0,0,0,0,0
16:34:48,42.5,68.0,53.8,61.6,58.3,59.4,59.1,58.9,55.0,60.5,50.6,62.9,46.9,63.6,58.1,59.4,0,0,0,0,0,0,0,1,0,0,0,0,0,0,0,0,0,0,0
16:34:53,43.3,67.3,53.8,61.4,58.3,59.4,58.9,58.5,55.0,60.5,51.2,62.9,46.9,63.6,58.1,59.6,0,0,0,0,0,0,0,1,0,0,0,0,0,0,0,0,0,0,0
16:35:18,43.7,66.9,53.8,61.6,58.3,59.6,58.9,58.5,54.8,60.5,51.2,62.9,46.9,64.0,58.1,59.6,0,0,0,0,0,0,0,1,0,0,0,0,0,0,0,0,0,0,0
16:35:20,43.7,66.4,54.0,61.6,58.1,59.4,58.9,58.9,54.8,60.5,52.0,62.9,46.3,63.6,58.1,59.4,0,0,0,0,0,0,0,1,0,0,0,0,0,0,0,0,0,0,0
16:35:25,44.1,66.0,54.2,61.6,58.1,59.4,58.9,58.5,54.8,60.5,52.0,62.9,46.3,63.6,57.9,59.6,0,0,0,0,0,0,0,0,0,0,0,0,0,0,0,0,0,0,0
16:35:42,44.1,66.0,54.2,61.6,58.1,59.4,58.9,58.5,54.8,60.5,52.0,62.9,46.3,63.6,57.9,59.6,0,0,0,0,1,0,0,0,0,0,0,0,0,0,0,0,0,0,0
16:35:53,44.1,66.0,54.0,61.4,58.1,59.6,58.9,58.9,54.8,60.5,51.8,62.9,46.7,63.6,57.9,59.4,0,0,0,0,1,0,0,0,0,0,0,0,0,0,0,0,0,0,0
16:36:05,44.3,66.0,54.0,61.6,58.1,59.4,58.9,58.9,54.8,60.5,51.8,62.9,46.7,63.6,58.1,59.6,0,0,0,0,1,0,0,0,0,0,0,0,0,0,0,0,0,0,0
16:36:08,44.5,65.5,54.2,61.6,58.1,59.6,58.7,58.5,54.8,60.5,51.6,62.9,46.5,63.6,57.9,59.6,0,0,0,0,0,0,0,0,0,0,0,0,0,0,0,0,0,0,0
16:36:17,44.5,65.5,54.2,61.4,58.1,59.4,58.7,58.9,54.8,60.5,51.6,62.9,46.3,63.6,57.9,59.4,0,0,0,0,0,0,0,0,0,0,0,0,0,0,0,0,0,0,0
16:36:22,44.5,65.5,54.0,61.4,58.1,59.4,58.5,58.9,54.8,60.5,51.4,62.9,46.3,63.6,57.9,59.6,0,0,0,0,0,0,0,0,0,0,0,0,0,0,0,0,0,0,0
16:36:34,44.9,64.9,54.0,61.4,58.1,59.6,58.7,58.9,54.8,60.5,51.2,62.5,46.3,63.6,57.9,59.6,0,0,0,0,0,0,0,0,0,0,0,0,0,0,0,0,0,0,0
16:36:45,45.1,64.9,54.0,61.4,58.1,59.4,58.3,58.5,54.6,60.5,51.0,62.5,46.3,63.6,57.9,59.4,0,0,0,0,0,0,0,0,0,0,0,0,0,0,0,0,0,0,0
16:37:05,45.5,64.4,54.0,61.4,58.1,59.4,58.3,58.9,54.6,60.5,51.0,62.5,46.1,63.3,57.5,59.4,0,0,0,0,0,0,0,0,0,0,0,0,0,0,0,0,0,0,0
16:37:09,45.5,64.4,54.0,61.4,58.1,59.4,58.3,58.9,54.6,60.5,51.0,62.5,46.1,63.3,57.5,59.4,0,0,0,0,0,0,0,0,0,0,0,0,0,0,0,0,0,0,0
16:37:12,45.5,64.4,53.8,61.4,58.1,59.4,57.9,58.5,54.6,60.5,51.0,62.5,46.1,63.3,57.5,59.6,0,0,0,0,0,0,0,0,0,0,0,0,0,0,0,0,0,0,0
16:37:29,45.9,64.4,53.6,61.4,57.9,59.4,57.7,58.5,54.2,60.5,50.8,62.5,46.1,63.3,57.5,59.6,0,0,0,0,0,0,0,0,0,0,0,0,0,0,0,0,0,0,0
16:37:37,45.9,64.4,53.6,61.4,57.9,59.4,57.3,58.9,54.2,60.5,51.0,62.5,45.9,63.3,57.3,59.4,0,0,0,0,0,0,0,0,0,0,0,0,0,0,0,0,0,0,0
16:37:45,45.9,64.4,53.4,61.4,57.9,59.4,57.3,58.5,54.0,60.5,50.8,62.5,45.9,63.3,57.3,59.6,0,0,0,0,0,0,0,0,0,0,0,0,0,0,0,0,0,0,0
16:37:46,45.9,64.4,53.4,61.4,57.9,59.4,57.3,58.5,54.0,60.5,50.8,62.5,45.9,63.3,57.3,59.6,0,0,0,0,0,0,0,1,0,0,0,0,0,0,0,0,0,0,0
16:37:57,45.9,63.6,53.4,61.4,57.9,59.4,57.3,58.5,54.0,60.5,50.8,62.0,45.9,63.3,57.3,59.6,0,0,0,0,0,0,0,1,0,0,0,0,0,0,0,0,0,0,0
16:38:06,45.9,63.6,53.2,60.9,57.7,59.4,57.1,58.9,53.6,60.5,50.8,62.0,45.7,63.3,57.3,59.4,0,0,0,0,0,0,0,1,0,0,0,0,0,0,0,0,0,0,0
16:38:25,45.7,63.3,53.0,60.9,57.5,59.6,56.9,58.5,53.4,60.5,51.0,62.0,45.7,63.3,57.1,59.4,0,0,0,0,0,0,0,1,0,0,0,0,0,0,0,0,0,0,0
16:38:26,45.7,63.3,53.0,60.9,57.5,59.6,56.9,58.5,53.4,60.5,51.0,62.0,45.7,63.3,57.1,59.4,0,0,0,0,0,0,0,0,0,0,0,0,0,0,0,0,0,0,0
16:38:17,45.9,63.6,53.2,61.4,57.5,59.4,56.9,58.5,53.6,60.0,50.8,62.0,45.7,63.3,56.9,59.6,0,0,0,0,0,0,0,0,0,0,0,0,0,0,0,0,0,0,0
16:38:30,45.9,62.9,52.6,60.9,57.3,59.4,56.5,58.5,53.6,60.0,51.2,62.0,45.5,62.9,56.9,59.4,0,0,0,0,0,0,0,0,0,0,0,0,0,0,0,0,0,0,0
16:38:38,45.9,62.9,52.6,60.9,57.3,59.4,56.5,58.5,53.4,60.0,51.2,62.0,45.5,62.9,56.9,59.4,0,0,0,0,0,0,1,0,0,0,0,0,0,0,0,0,0,0,0
16:38:41,45.9,62.9,52.6,60.9,57.3,59.4,56.7,58.9,53.4,60.0,51.6,62.0,45.5,62.9,56.7,59.4,0,0,0,0,0,0,1,0,0,0,0,0,0,0,0,0,0,0,0
16:38:55,45.9,62.9,52.6,60.9,57.3,59.4,56.3,58.5,53.0,60.5,51.2,62.0,45.5,62.9,56.7,59.6,0,0,0,0,0,0,1,0,0,0,0,0,0,0,0,0,0,0,0
16:39:00,45.9,62.5,52.4,60.9,57.1,59.4,56.3,58.5,52.8,60.5,51.2,62.0,45.3,62.9,56.5,59.6,0,0,0,0,0,0,1,0,0,0,0,0,0,0,0,0,0,0,0
16:39:01,45.9,62.5,52.4,60.9,57.1,59.4,56.3,58.5,52.8,60.5,51.2,62.0,45.3,62.9,56.5,59.6,0,0,0,0,0,0,0,0,0,0,0,0,0,0,0,0,0,0,0
16:39:05,46.1,62.5,52.2,60.9,56.9,59.4,56.3,58.5,52.4,60.0,51.6,62.0,45.3,62.9,56.5,59.6,0,0,0,0,0,0,0,0,0,0,0,0,0,0,0,0,0,0,0
16:39:10,46.1,62.5,52.2,60.9,56.9,59.4,56.3,58.5,52.4,60.0,51.6,62.0,45.3,62.9,56.5,59.6,0,0,0,0,0,0,0,0,0,0,0,0,0,0,0,0,0,0,0
16:39:21,46.3,62.5,52.0,60.9,56.9,59.4,56.1,58.5,52.4,60.5,51.2,62.0,45.5,62.5,56.3,59.4,0,0,0,0,0,0,0,0,0,0,0,0,0,0,0,0,0,0,0
16:39:41,46.3,62.5,51.6,60.5,56.5,59.4,55.9,58.5,52.2,60.0,51.0,62.0,45.3,62.9,56.3,59.6,0,0,0,0,0,0,0,0,0,0,0,0,0,0,0,0,0,0,0
16:39:32,46.3,62.0,51.6,60.9,56.7,59.4,56.1,58.5,52.2,60.0,51.0,62.0,45.3,62.5,55.9,59.6,0,0,0,0,0,0,0,0,0,0,0,0,0,0,0,0,0,0,0
16:39:53,46.5,62.0,51.6,60.9,56.5,59.4,55.6,58.5,52.2,60.0,51.0,62.0,45.3,62.5,55.9,59.4,0,0,0,0,0,0,0,0,0,0,0,0,0,0,0,0,0,0,0
16:40:02,46.1,61.6,51.2,60.5,56.1,59.4,55.6,58.5,52.0,60.0,50.8,61.6,45.3,62.5,55.6,59.6,0,0,0,0,0,0,0,0,0,0,0,0,0,0,0,0,0,0,0
16:40:10,46.1,61.6,51.0,60.5,56.1,59.4,55.4,58.5,51.8,60.0,50.8,61.6,45.1,62.5,55.6,59.6,0,0,0,0,0,0,0,0,0,0,0,0,0,0,0,0,0,0,0
16:40:25,46.3,61.6,50.8,60.5,56.1,59.4,55.4,58.5,51.8,60.0,50.8,61.6,45.1,62.0,55.4,59.4,0,0,0,0,0,0,0,0,0,0,0,0,0,0,0,0,0,0,0
16:40:33,46.3,61.6,50.8,60.5,55.9,59.4,55.2,58.5,51.8,60.0,50.8,61.6,45.1,62.5,55.4,59.4,0,0,0,0,0,0,0,0,0,0,0,0,0,0,0,0,0,0,0
16:40:42,46.5,61.4,50.8,60.5,55.9,59.4,55.2,58.5,51.8,60.0,51.0,61.6,45.1,62.0,55.4,59.4,0,0,0,0,0,0,0,0,0,0,0,0,0,0,0,0,0,0,0
16:40:45,46.7,61.4,50.6,60.5,55.6,59.4,55.0,58.5,51.6,60.0,50.8,61.6,45.1,62.0,55.2,59.4,0,0,0,0,0,0,0,0,0,0,0,0,0,0,0,0,0,0,0
16:40:57,46.5,60.9,50.6,60.5,55.4,59.4,54.8,58.5,51.6,60.0,50.8,61.6,45.1,62.0,55.0,59.4,0,0,0,0,0,0,0,0,0,0,0,0,0,0,0,0,0,0,0
16:41:02,46.3,60.9,50.4,60.5,55.4,59.4,54.8,58.5,51.4,60.0,50.8,61.6,45.1,62.0,55.0,59.4,0,0,0,0,0,0,0,0,0,0,0,0,0,0,0,0,0,0,0
16:41:22,46.5,60.9,50.4,60.5,55.0,59.4,54.8,58.5,51.2,60.0,51.0,61.4,45.3,62.0,54.8,59.4,0,0,0,0,0,0,0,0,0,0,0,0,0,0,0,0,0,0,0
16:41:27,46.3,60.5,50.2,60.5,54.8,58.9,54.4,58.5,51.2,60.0,51.0,61.4,45.3,62.0,54.4,59.4,0,0,0,0,0,0,0,0,0,0,0,0,0,0,0,0,0,0,0
16:41:49,46.3,60.5,50.2,60.5,54.8,59.4,54.4,58.5,51.2,59.6,51.0,61.4,45.3,61.6,54.4,59.4,0,0,0,0,0,0,0,0,0,0,0,0,0,0,0,0,0,0,0
16:42:02,46.3,60.0,50.2,60.0,54.6,58.9,54.2,58.5,51.2,60.0,51.0,61.4,45.3,61.6,54.4,59.4,0,0,0,0,0,0,0,0,0,0,0,0,0,0,0,0,0,0,0
16:42:04,46.3,60.0,50.2,60.0,54.4,58.9,54.0,58.5,51.0,59.6,50.8,60.9,45.1,61.6,54.0,59.4,0,0,0,0,0,0,0,0,0,0,0,0,0,0,0,0,0,0,0
16:42:06,46.3,60.0,50.2,60.0,54.4,58.9,54.0,58.5,51.0,60.0,50.8,60.9,45.1,61.6,53.8,59.4,0,0,0,0,0,0,0,0,0,0,0,0,0,0,0,0,0,0,0
16:42:19,46.3,60.0,50.2,60.0,54.4,58.9,54.0,58.5,51.0,60.0,50.8,60.9,45.1,61.6,53.8,59.4,0,0,0,0,0,0,1,0,0,0,0,0,0,0,0,0,0,0,0
16:42:39,46.3,60.0,49.6,60.0,54.0,58.9,53.2,58.5,51.0,60.0,50.8,60.9,44.9,61.6,53.8,59.4,0,0,0,0,0,0,1,0,0,0,0,0,0,0,0,0,0,0,0
16:42:44,46.7,59.6,49.6,60.0,53.8,58.9,53.2,58.5,51.0,59.6,50.8,60.9,44.7,61.6,53.4,59.4,0,0,0,0,0,0,1,0,0,0,0,0,0,0,0,0,0,0,0
16:42:59,46.5,59.6,49.6,60.0,53.6,58.9,53.2,58.5,51.0,59.6,50.6,60.9,44.7,61.6,53.4,59.4,0,0,0,0,0,0,1,0,0,0,0,0,0,0,0,0,0,0,0
16:43:06,46.7,59.4,49.4,60.0,53.6,58.9,53.2,58.1,51.0,59.6,50.6,60.9,44.5,61.4,53.2,59.4,0,0,0,0,0,0,1,0,0,0,0,0,0,0,0,0,0,0,0
16:43:13,46.9,59.6,49.6,59.6,53.4,58.9,53.0,58.1,51.2,59.6,50.6,60.5,44.5,61.4,53.2,59.4,0,0,0,0,0,0,1,0,0,0,0,0,0,0,0,0,0,0,0
16:43:26,46.7,59.4,49.4,59.6,53.2,58.9,52.8,58.1,51.2,59.6,50.6,60.9,44.7,61.4,53.0,59.4,0,0,0,0,0,0,1,0,0,0,0,0,0,0,0,0,0,0,0
16:43:36,46.7,59.4,49.4,59.6,53.0,58.9,52.2,58.5,51.2,59.6,50.6,60.9,44.7,61.4,53.0,59.4,0,0,0,0,0,0,1,0,0,0,0,0,0,0,0,0,0,0,0
16:43:46,47.1,59.4,49.4,59.6,52.6,58.9,52.2,58.1,51.4,59.6,50.6,60.5,44.7,61.4,52.8,59.4,0,0,0,0,0,0,1,0,0,0,0,0,0,0,0,0,0,0,0
16:43:50,47.1,58.9,49.4,59.6,52.6,58.9,52.0,58.1,51.4,59.6,50.6,60.5,44.5,61.4,52.8,59.4,0,0,0,0,0,0,1,0,0,0,0,0,0,0,0,0,0,0,0
16:44:10,47.1,58.9,49.0,59.6,52.2,58.9,52.0,58.1,51.4,59.6,50.6,60.5,44.5,61.4,52.8,59.4,0,0,0,0,0,0,1,0,0,0,0,0,0,0,0,0,0,0,0
16:44:03,47.1,58.9,49.2,59.6,52.2,58.9,51.8,58.1,51.4,59.6,50.4,60.5,44.3,60.9,52.8,58.9,0,0,0,0,0,0,1,0,0,0,0,0,0,0,0,0,0,0,0
16:44:36,46.9,58.5,48.6,59.6,52.0,58.9,51.8,58.1,51.4,59.6,50.4,60.0,44.3,60.5,52.8,58.9,0,0,0,0,0,0,1,0,0,0,0,0,0,0,0,0,0,0,0
16:44:35,47.1,58.9,48.6,59.6,52.0,58.9,51.6,58.1,51.4,59.4,50.4,60.5,44.3,60.9,52.8,58.9,0,0,0,0,0,0,1,0,0,0,0,0,0,0,0,0,0,0,0
16:44:58,46.9,58.5,48.6,59.6,51.8,58.9,51.6,58.1,51.2,59.6,50.4,60.5,44.3,60.9,52.8,58.9,0,0,0,0,0,0,1,0,0,0,0,0,0,0,0,0,0,0,0
16:45:02,46.7,58.5,48.4,59.4,51.8,58.9,51.6,58.1,51.2,59.6,50.6,60.0,44.3,60.9,52.8,58.9,0,0,0,0,0,0,1,0,0,0,0,0,0,0,0,0,0,0,0
16:45:06,46.9,58.5,48.4,59.4,51.8,58.9,51.6,58.1,51.2,59.6,50.6,60.0,44.3,60.5,52.8,59.4,0,0,0,0,0,0,1,0,0,0,0,0,0,0,0,0,0,0,0
16:45:11,46.9,58.5,48.4,59.4,51.8,58.9,51.6,58.1,51.2,59.6,50.6,60.0,44.3,60.5,52.8,59.4,0,0,0,0,0,0,0,0,0,0,0,0,0,0,0,0,0,0,0
16:45:15,46.9,58.5,48.4,59.4,51.8,58.9,51.6,58.1,51.2,59.6,50.6,60.0,44.3,60.5,52.8,59.4,0,0,0,0,0,0,1,0,0,0,0,0,0,0,0,0,0,0,0
16:45:27,46.9,58.5,48.4,59.4,51.8,58.5,51.6,58.1,51.2,59.4,50.6,60.0,44.3,60.9,52.8,58.9,0,0,0,0,0,0,1,0,0,0,0,0,0,0,0,0,0,0,0
16:45:30,46.9,58.5,48.4,59.4,51.8,58.9,51.0,58.1,51.0,59.4,50.2,60.0,44.3,60.5,52.8,58.9,0,0,0,0,0,0,1,0,0,0,0,0,0,0,0,0,0,0,0
16:45:47,47.1,58.1,48.1,58.9,51.4,58.5,51.0,58.1,50.8,59.4,50.0,60.0,44.1,60.5,52.8,58.9,0,0,0,0,0,0,1,0,0,0,0,0,0,0,0,0,0,0,0
16:45:58,46.9,58.1,48.1,59.4,51.6,58.9,51.0,58.1,50.8,59.4,50.0,60.0,44.3,60.5,52.8,58.9,0,0,0,0,0,0,1,0,0,0,0,0,0,0,0,0,0,0,0
16:46:20,46.7,58.1,47.9,58.9,51.4,58.5,50.8,58.1,50.4,59.4,50.0,60.0,44.1,60.5,52.8,58.9,0,0,0,0,0,0,1,0,0,0,0,0,0,0,0,0,0,0,0
16:46:22,46.7,58.1,47.7,58.9,51.0,58.5,50.6,58.1,50.4,59.4,50.0,60.0,44.3,60.0,52.8,58.9,0,0,0,0,0,0,1,0,0,0,0,0,0,0,0,0,0,0,0
16:46:42,47.1,57.6,47.5,58.9,50.8,58.5,50.8,57.6,50.2,59.4,50.0,60.0,44.3,60.0,52.8,58.9,0,0,0,0,0,0,1,0,0,0,0,0,0,0,0,0,0,0,0
16:46:47,46.9,57.6,47.5,58.9,51.0,58.5,50.8,57.6,49.8,59.4,50.0,59.6,44.3,60.0,52.8,58.9,0,0,0,0,0,0,1,0,0,0,0,0,0,0,0,0,0,0,0
16:47:11,46.9,57.6,47.5,58.9,50.8,58.5,50.8,57.6,49.6,58.9,50.0,59.6,44.3,60.0,52.8,58.9,0,0,0,0,0,0,1,0,0,0,0,0,0,0,0,0,0,0,0
16:47:14,46.9,57.6,47.5,58.9,50.8,58.5,50.6,57.6,49.6,58.9,50.0,59.6,44.3,60.0,52.8,58.9,0,0,0,0,0,0,0,0,0,0,0,0,0,0,0,0,0,0,0
16:47:16,47.3,57.6,47.5,58.5,50.8,58.1,50.6,57.6,49.6,59.4,50.0,59.6,44.3,60.0,52.8,58.5,0,0,0,0,0,0,0,0,0,0,0,0,0,0,0,0,0,0,0
16:47:17,47.3,57.6,47.5,58.5,50.8,58.1,50.6,57.6,49.6,59.4,50.0,59.6,44.3,60.0,52.8,58.5,0,0,0,0,0,0,0,0,0,0,0,0,0,0,0,0,0,0,0
16:47:34,47.3,57.6,47.5,58.9,50.4,58.5,50.4,58.1,49.2,59.4,50.0,59.6,44.3,59.6,52.8,58.9,0,0,0,0,0,0,0,0,0,0,0,0,0,0,0,0,0,0,0
16:47:37,47.3,57.4,47.5,58.5,50.4,58.5,50.0,57.6,49.0,58.9,49.8,59.6,44.3,60.0,52.8,58.9,0,0,0,0,0,0,0,0,0,0,0,0,0,0,0,0,0,0,0
16:47:59,47.3,57.6,47.3,58.5,50.4,58.5,49.8,57.6,49.0,58.9,49.8,59.4,44.3,59.6,52.8,58.5,0,0,0,0,0,0,0,0,0,0,0,0,0,0,0,0,0,0,0
16:48:07,46.9,57.4,47.3,58.5,50.2,58.1,49.8,57.6,49.0,59.4,50.0,59.6,44.1,59.6,52.8,58.9,0,0,0,0,0,0,0,0,0,0,0,0,0,0,0,0,0,0,0
16:48:16,47.3,57.4,47.1,58.5,50.0,58.1,49.8,57.6,49.0,58.9,50.0,59.6,44.1,59.6,52.6,58.5,0,0,0,0,0,0,0,0,0,0,0,0,0,0,0,0,0,0,0
16:48:34,47.1,57.4,47.3,58.5,49.8,58.1,49.8,57.6,49.0,58.9,50.0,59.4,44.1,59.6,52.6,58.5,0,0,0,0,0,0,0,0,0,0,0,0,0,0,0,0,0,0,0
16:48:39,46.5,57.4,47.3,58.5,49.8,58.5,49.6,57.6,49.0,58.9,50.0,59.4,44.1,59.6,52.4,58.5,0,0,0,0,0,0,0,0,0,0,0,0,0,0,0,0,0,0,0
16:48:49,46.9,57.4,47.3,58.5,49.8,58.1,49.6,57.6,48.8,58.9,50.0,59.4,44.1,59.4,52.4,58.5,0,0,0,0,0,0,0,0,0,0,0,0,0,0,0,0,0,0,0
16:49:06,46.9,57.4,47.1,58.5,49.4,58.1,49.4,57.6,48.8,58.9,50.0,59.4,44.1,59.4,52.4,58.5,0,0,0,0,0,0,0,0,0,0,0,0,0,0,0,0,0,0,0
16:49:26,46.7,57.0,46.9,58.5,49.2,58.1,49.4,57.4,49.2,58.9,50.0,59.4,44.1,59.4,52.4,58.5,0,0,0,0,0,0,0,0,0,0,0,0,0,0,0,0,0,0,0
16:49:19,46.7,57.0,47.1,58.5,49.4,58.1,49.4,57.4,49.2,58.9,50.0,59.4,44.3,59.4,52.4,58.5,0,0,0,0,0,0,0,0,0,0,0,0,0,0,0,0,0,0,0
16:49:46,47.1,57.0,47.1,58.5,49.0,58.1,49.4,57.4,49.0,58.9,50.0,58.9,44.1,59.4,52.4,58.5,0,0,0,0,0,0,0,0,0,0,0,0,0,0,0,0,0,0,0
16:49:46,46.9,57.0,47.1,58.5,49.0,58.1,49.0,57.4,49.0,58.9,50.0,58.9,44.3,59.4,52.2,58.5,0,0,0,0,0,0,0,0,0,0,0,0,0,0,0,0,0,0,0
16:50:09,46.7,57.0,47.1,58.5,49.2,58.1,49.0,57.4,49.0,58.5,50.0,58.9,44.1,59.4,52.2,58.5,0,0,0,0,0,0,0,0,0,0,0,0,0,0,0,0,0,0,0
16:50:13,46.9,57.0,47.1,58.1,49.0,58.1,49.2,57.4,48.8,58.5,50.0,58.9,44.3,59.4,52.0,58.5,0,0,0,0,0,0,0,0,0,0,0,0,0,0,0,0,0,0,0
16:50:29,46.7,56.5,47.1,58.1,49.0,58.1,49.4,57.4,49.0,58.5,49.8,58.9,44.1,59.4,52.0,58.1,0,0,0,0,0,0,0,0,0,0,0,0,0,0,0,0,0,0,0
16:50:41,46.9,56.5,46.9,58.1,49.0,58.1,49.4,57.4,49.0,58.5,49.8,58.9,44.1,59.4,52.0,58.5,0,0,0,0,0,0,0,0,0,0,0,0,0,0,0,0,0,0,0
16:50:51,46.9,56.5,46.9,58.1,49.0,58.1,49.2,57.4,49.0,58.5,49.8,58.9,44.1,59.4,52.0,58.5,0,0,0,0,0,0,0,0,0,0,0,0,0,0,0,0,0,0,0
16:50:53,46.9,56.5,46.9,58.1,49.0,58.1,49.2,57.4,49.0,58.9,49.8,58.9,44.1,58.9,51.8,58.5,0,0,0,0,0,0,0,0,0,0,0,0,0,0,0,0,0,0,0
16:51:03,46.7,56.5,46.9,58.1,49.0,58.1,49.2,57.4,49.0,58.5,49.8,58.5,44.1,58.9,51.8,58.1,0,0,0,0,0,0,0,0,0,0,0,0,0,0,0,0,0,0,0
16:51:10,46.7,56.5,47.1,58.1,49.0,58.1,49.2,57.4,49.2,58.5,49.8,58.9,44.1,58.9,51.8,58.1,0,0,0,0,0,0,0,0,0,0,0,0,0,0,0,0,0,0,0
16:51:30,47.1,56.5,47.3,58.1,49.0,58.1,49.2,57.4,49.2,58.5,49.8,58.5,44.3,59.4,51.8,58.5,0,0,0,0,0,0,0,0,0,0,0,0,0,0,0,0,0,0,0
16:51:23,47.1,56.5,47.3,58.1,48.8,58.1,49.2,57.4,49.2,58.5,50.0,58.5,44.3,58.9,51.8,58.1,0,0,0,0,0,0,0,0,0,0,0,0,0,0,0,0,0,0,0
16:51:45,47.1,56.5,47.3,58.1,48.8,58.1,49.2,57.4,49.0,58.5,49.8,58.5,44.1,58.9,51.8,58.1,0,0,0,0,0,0,0,0,0,0,0,0,0,0,0,0,0,0,0
16:51:46,46.9,56.5,47.1,57.6,48.6,57.6,48.8,57.4,48.6,58.5,50.0,58.5,44.3,58.9,51.8,58.1,0,0,0,0,0,0,0,0,0,0,0,0,0,0,0,0,0,0,0
16:52:02,46.9,56.5,47.1,57.6,48.6,57.6,48.8,57.4,48.6,58.5,50.0,58.5,44.3,58.9,51.8,58.1,0,0,0,0,0,0,0,1,0,0,0,0,0,0,0,0,0,0,0
16:51:45,46.9,56.5,47.1,57.6,48.6,57.6,48.8,57.4,48.6,58.5,49.8,58.5,44.3,58.9,51.6,58.1,0,0,0,0,0,0,0,1,0,0,0,0,0,0,0,0,0,0,0
16:52:19,47.1,56.5,47.1,57.6,48.6,57.6,49.0,57.4,48.6,58.5,50.0,58.5,44.1,58.5,51.8,58.1,0,0,0,0,0,0,0,1,0,0,0,0,0,0,0,0,0,0,0
16:52:20,46.5,56.1,47.1,57.6,48.6,57.6,49.0,57.4,48.4,58.5,50.0,58.5,44.1,58.9,51.6,58.1,0,0,0,0,0,0,0,1,0,0,0,0,0,0,0,0,0,0,0
16:52:42,46.5,56.5,47.1,57.6,48.8,57.6,49.0,57.4,48.4,58.5,50.0,58.5,44.3,58.5,51.6,58.1,0,0,0,0,0,0,0,1,0,0,0,0,0,0,0,0,0,0,0
16:52:48,47.3,56.1,47.1,57.6,48.6,58.1,48.6,57.4,48.4,58.1,50.0,58.1,44.1,58.5,51.4,58.1,0,0,0,0,0,0,0,1,0,0,0,0,0,0,0,0,0,0,0
16:53:09,47.3,56.1,47.1,57.6,48.6,57.6,48.8,57.0,48.4,58.1,50.0,58.1,44.1,58.5,51.2,57.6,0,0,0,0,0,0,0,1,0,0,0,0,0,0,0,0,0,0,0
16:53:20,47.1,56.1,47.1,57.4,48.6,57.6,48.6,57.0,48.6,58.1,50.0,58.1,44.1,58.5,51.2,57.6,0,0,0,0,0,0,0,1,0,0,0,0,0,0,0,0,0,0,0
16:53:24,46.9,56.1,47.1,57.4,48.4,57.6,48.8,57.0,48.6,58.1,50.0,58.1,44.1,58.5,51.0,58.1,0,0,0,0,0,0,0,1,0,0,0,0,0,0,0,0,0,0,0
16:53:42,47.1,56.1,47.1,57.4,48.4,57.6,48.6,57.0,48.4,58.1,50.0,58.1,44.1,58.5,51.2,58.1,0,0,0,0,0,0,0,1,0,0,0,0,0,0,0,0,0,0,0
16:53:46,47.3,56.1,47.1,57.4,48.4,57.6,48.4,57.0,48.4,58.1,50.2,58.1,44.1,58.5,51.2,57.6,0,0,0,0,0,0,0,1,0,0,0,0,0,0,0,0,0,0,0
16:54:06,47.1,56.1,47.3,57.4,48.4,57.6,47.7,57.0,48.4,58.1,50.0,58.1,44.1,58.5,51.2,57.6,0,0,0,0,0,0,0,1,0,0,0,0,0,0,0,0,0,0,0
16:54:05,47.3,56.1,47.1,57.4,48.6,57.6,47.9,57.0,48.1,58.1,50.2,58.1,44.3,58.5,51.0,57.6,0,0,0,0,0,0,0,1,0,0,0,0,0,0,0,0,0,0,0
16:54:21,47.1,55.6,47.3,57.4,48.6,57.6,47.9,57.0,48.1,58.1,50.0,58.1,44.3,58.5,51.0,57.6,0,0,0,0,0,0,0,1,0,0,0,0,0,0,0,0,0,0,0
16:54:25,47.3,56.1,47.3,57.4,48.4,57.4,47.5,57.0,48.4,58.1,50.2,58.1,44.3,58.5,51.0,57.6,0,0,0,0,0,0,0,1,0,0,0,0,0,0,0,0,0,0,0
16:54:40,47.1,56.1,47.3,57.0,48.4,57.4,47.3,57.0,48.1,58.1,50.2,58.1,44.3,58.1,51.0,57.6,0,0,0,0,0,0,0,1,0,0,0,0,0,0,0,0,0,0,0
16:54:57,47.5,55.6,47.3,57.4,47.9,57.6,47.5,57.0,48.1,58.1,50.0,58.1,44.3,58.1,50.6,57.6,0,0,0,0,0,0,0,1,0,0,0,0,0,0,0,0,0,0,0
16:55:03,47.5,55.6,47.1,57.4,47.9,57.4,47.9,57.0,48.4,58.1,50.0,58.1,44.3,58.1,50.6,57.6,0,0,0,0,0,0,0,1,0,0,0,0,0,0,0,0,0,0,0
16:55:19,47.3,55.6,47.3,57.0,48.4,57.4,47.9,57.0,48.1,57.6,50.0,58.1,44.3,58.1,50.4,57.6,0,0,0,0,0,0,0,1,0,0,0,0,0,0,0,0,0,0,0
16:55:20,47.3,55.6,47.5,57.4,48.4,57.4,47.5,57.0,48.1,58.1,50.0,58.1,44.3,58.1,50.4,57.6,0,0,0,0,0,0,0,1,0,0,0,0,0,0,0,0,0,0,0
16:55:47,47.5,55.6,47.3,57.4,48.6,57.4,47.5,57.0,48.1,58.1,50.0,57.6,44.3,58.1,50.4,57.6,0,0,0,0,0,0,0,1,0,0,0,0,0,0,0,0,0,0,0
16:55:50,47.5,55.6,47.5,57.0,48.6,57.4,47.9,57.0,48.4,58.1,50.0,58.1,44.3,58.1,50.0,57.6,0,0,0,0,0,0,0,1,0,0,0,0,0,0,0,0,0,0,0
16:56:04,47.5,55.6,47.3,57.0,48.6,57.4,47.9,57.0,48.4,58.1,49.8,58.1,44.3,58.1,50.0,57.6,0,0,0,0,0,0,0,1,0,0,0,0,0,0,0,0,0,0,0
16:56:15,47.7,55.6,47.3,57.0,48.6,57.4,47.9,57.0,48.1,58.1,50.0,58.1,44.3,58.1,50.2,57.6,0,0,0,0,0,0,0,1,0,0,0,0,0,0,0,0,0,0,0
16:56:16,47.7,55.6,47.7,57.0,48.6,57.4,48.4,57.0,48.1,57.6,50.0,57.6,44.3,57.6,50.2,57.6,0,0,0,0,0,0,0,1,0,0,0,0,0,0,0,0,0,0,0
16:56:21,47.7,55.6,47.7,57.0,48.6,57.4,48.4,57.0,48.1,57.6,50.0,57.6,44.3,57.6,50.2,57.6,0,0,0,0,0,0,0,0,0,0,0,0,0,0,0,0,0,0,0
16:56:24,47.7,55.6,47.7,57.0,48.6,57.4,48.4,57.0,48.1,57.6,50.0,57.6,44.3,57.6,50.2,57.6,0,0,0,0,1,0,0,0,0,0,0,0,0,0,0,0,0,0,0
16:56:40,47.3,55.6,47.7,57.0,48.6,57.4,48.4,57.0,48.4,57.6,50.0,57.6,44.3,57.6,50.4,57.6,0,0,0,0,1,0,0,0,0,0,0,0,0,0,0,0,0,0,0
16:56:44,47.3,55.6,47.7,57.0,48.4,57.4,48.1,56.5,48.4,57.6,50.0,57.6,44.3,57.6,50.4,57.6,0,0,0,0,1,0,0,0,0,0,0,0,0,0,0,0,0,0,0
16:56:59,47.3,55.6,47.9,57.0,48.4,57.4,48.1,57.0,48.4,57.6,49.8,57.6,44.3,57.6,50.4,57.4,0,0,0,0,1,0,0,0,0,0,0,0,0,0,0,0,0,0,0
16:57:01,47.3,55.4,47.9,57.0,48.4,57.4,48.1,56.5,48.4,57.6,49.8,57.6,44.3,57.6,50.4,57.6,0,0,0,0,1,0,0,0,0,0,0,0,0,0,0,0,0,0,0
16:57:17,47.5,55.6,47.9,57.0,48.1,57.4,48.1,57.0,48.4,57.6,49.8,57.6,44.3,57.6,50.2,57.6,0,0,0,0,1,0,0,0,0,0,0,0,0,0,0,0,0,0,0
16:57:21,47.1,55.6,48.1,57.0,48.1,57.4,48.4,56.5,48.4,57.6,50.0,57.6,44.5,57.4,50.2,57.6,0,0,0,0,1,0,0,0,0,0,0,0,0,0,0,0,0,0,0
16:57:26,47.1,55.6,48.1,57.0,48.4,57.4,48.1,56.5,48.4,57.6,50.2,57.6,44.5,57.6,50.2,57.4,0,0,0,0,0,0,0,0,0,0,0,0,0,0,0,0,0,0,0
16:57:32,47.1,55.6,48.1,57.0,48.4,57.4,48.1,56.5,48.4,57.6,50.2,57.6,44.5,57.6,50.2,57.4,0,0,0,0,1,0,0,0,0,0,0,0,0,0,0,0,0,0,0
16:57:38,47.1,55.4,48.4,57.0,48.4,57.4,47.9,56.5,48.4,57.6,50.2,57.6,44.5,57.6,50.2,57.4,0,0,0,0,1,0,0,0,0,0,0,0,0,0,0,0,0,0,0
16:57:54,47.7,55.4,48.6,57.0,48.4,57.4,47.9,56.5,48.4,57.6,50.2,57.6,44.5,57.6,50.0,57.4,0,0,0,0,1,0,0,0,0,0,0,0,0,0,0,0,0,0,0
16:57:58,47.9,55.6,48.8,56.5,48.6,57.4,47.5,56.5,48.1,57.6,50.2,57.6,44.5,57.4,49.8,57.6,0,0,0,0,1,0,0,0,0,0,0,0,0,0,0,0,0,0,0
16:58:09,47.7,55.6,49.0,56.5,48.6,57.0,47.7,56.5,48.1,57.6,50.0,57.6,44.7,57.6,49.8,57.4,0,0,0,0,1,0,0,0,0,0,0,0,0,0,0,0,0,0,0
16:58:15,47.7,55.4,49.0,57.0,48.6,57.4,47.7,56.5,48.4,57.6,50.2,57.4,44.5,57.6,49.8,57.4,0,0,0,0,1,0,0,0,0,0,0,0,0,0,0,0,0,0,0
16:58:32,46.9,55.6,48.8,57.0,47.7,57.0,47.7,56.5,48.4,57.6,50.0,57.6,44.5,57.4,50.0,57.4,0,0,0,0,1,0,0,0,0,0,0,0,0,0,0,0,0,0,0
16:58:31,46.9,55.4,49.0,57.0,47.9,57.0,47.9,56.5,48.6,57.6,50.0,57.4,44.7,57.4,50.0,57.4,0,0,0,0,1,0,0,0,0,0,0,0,0,0,0,0,0,0,0
16:58:55,46.9,55.6,49.0,56.5,47.9,57.4,47.9,56.5,48.6,57.6,50.0,57.4,44.7,57.4,50.0,57.4,0,0,0,0,1,0,0,0,0,0,0,0,0,0,0,0,0,0,0
16:58:58,46.9,55.6,49.0,56.5,48.1,57.0,47.9,56.5,48.6,57.4,50.0,57.4,44.7,57.4,50.0,57.4,0,0,0,0,1,0,0,0,0,0,0,0,0,0,0,0,0,0,0
16:59:18,46.5,55.6,49.2,56.5,47.9,57.0,48.1,56.5,48.6,57.6,50.2,57.4,44.7,57.4,50.0,57.4,0,0,0,0,1,0,0,0,0,0,0,0,0,0,0,0,0,0,0
16:59:17,46.7,55.6,49.0,56.5,48.1,57.4,48.1,56.5,48.6,57.4,50.2,57.4,44.7,57.4,50.0,57.4,0,0,0,0,1,0,0,0,0,0,0,0,0,0,0,0,0,0,0
16:59:33,46.7,55.6,49.2,56.5,48.1,57.0,48.1,56.5,48.6,57.6,50.2,57.4,44.7,57.4,50.0,57.4,0,0,0,0,1,0,0,0,0,0,0,0,0,0,0,0,0,0,0
16:59:34,46.7,55.6,49.2,56.5,48.1,57.0,47.7,56.5,48.6,57.4,50.0,57.4,44.7,57.4,50.0,57.4,0,0,0,0,1,0,0,0,0,0,0,0,0,0,0,0,0,0,0
16:59:50,46.9,55.6,49.4,56.5,48.1,57.0,47.9,56.5,48.6,57.4,50.2,57.4,44.7,57.4,50.0,57.4,0,0,0,0,1,0,0,0,0,0,0,0,0,0,0,0,0,0,0
16:59:54,47.1,55.6,49.2,56.5,48.1,57.0,47.9,56.5,48.6,57.4,50.2,57.4,44.9,57.4,49.8,57.4,0,0,0,0,1,0,0,0,0,0,0,0,0,0,0,0,0,0,0
17:00:19,46.9,55.6,49.4,56.5,48.4,57.0,47.9,56.5,48.6,57.4,50.2,57.4,44.9,57.4,49.8,57.4,0,0,0,0,1,0,0,0,0,0,0,0,0,0,0,0,0,0,0
17:00:18,47.1,55.6,49.4,56.5,48.1,57.0,47.9,56.5,48.8,57.4,50.2,57.4,44.9,57.4,49.8,57.4,0,0,0,0,1,0,0,0,0,0,0,0,0,0,0,0,0,0,0
17:00:36,46.7,55.6,49.4,56.5,48.1,57.0,47.9,56.5,48.8,57.4,50.2,57.4,44.9,57.4,49.8,57.4,0,0,0,0,1,0,0,0,0,0,0,0,0,0,0,0,0,0,0
17:00:37,46.3,55.6,49.4,56.5,47.9,57.0,47.9,56.5,48.4,57.4,50.2,57.4,44.9,57.4,49.6,57.4,0,0,0,0,1,0,0,0,0,0,0,0,0,0,0,0,0,0,0
17:00:56,46.3,55.6,49.4,56.5,47.9,57.0,47.9,56.5,48.6,57.4,50.2,57.4,44.9,57.4,49.6,57.4,0,0,0,0,1,0,0,0,0,0,0,0,0,0,0,0,0,0,0
17:01:10,46.3,55.6,49.4,56.5,47.7,57.0,47.9,56.5,48.4,57.4,50.2,57.0,44.9,57.4,49.6,57.4,0,0,0,0,1,0,0,0,0,0,0,0,0,0,0,0,0,0,0
17:01:13,46.9,55.6,49.4,56.5,47.7,57.0,48.1,56.5,48.4,57.4,50.4,57.4,44.9,57.4,49.6,57.4,0,0,0,0,1,0,0,0,0,0,0,0,0,0,0,0,0,0,0
17:01:38,46.5,55.6,49.4,56.5,47.5,57.0,48.1,56.5,48.1,57.4,50.4,57.0,44.9,57.4,49.6,57.4,0,0,0,0,1,0,0,0,0,0,0,0,0,0,0,0,0,0,0
17:01:37,46.7,55.6,49.6,56.5,47.5,57.0,48.1,56.5,48.1,57.4,50.2,57.4,44.9,57.4,49.6,57.4,0,0,0,0,1,0,0,0,0,0,0,0,0,0,0,0,0,0,0
17:01:56,46.9,55.6,49.6,56.5,47.9,57.0,48.1,56.5,48.6,57.4,50.2,57.0,44.9,57.4,49.6,57.4,0,0,0,0,1,0,0,0,0,0,0,0,0,0,0,0,0,0,0
17:02:01,46.9,55.6,49.6,56.5,47.9,57.0,48.1,56.5,48.6,57.4,50.2,57.0,44.9,57.4,49.6,57.4,0,0,0,0,1,0,0,1,0,0,0,0,0,0,0,0,0,0,0
17:02:11,46.9,55.6,49.6,56.5,47.9,57.0,48.1,56.5,48.6,57.4,50.2,57.0,44.9,57.4,49.6,57.4,0,0,0,0,1,0,1,1,0,0,0,0,0,0,0,0,0,0,0
17:02:12,46.9,55.6,49.6,56.5,47.9,57.0,48.1,56.5,48.6,57.4,50.2,57.0,44.9,57.4,49.6,57.4,0,0,0,0,1,0,0,1,0,0,0,0,0,0,0,0,0,0,0
17:02:11,46.9,55.6,49.6,56.5,47.7,57.0,48.1,56.5,48.6,57.4,50.4,57.0,45.1,57.4,50.0,57.4,0,0,0,0,1,0,0,1,0,0,0,0,0,0,0,0,0,0,0
17:02:46,46.1,55.6,49.6,56.5,47.5,57.0,48.1,56.5,48.6,57.4,50.4,57.0,45.1,57.4,49.8,57.4,0,0,0,0,1,0,0,1,0,0,0,0,0,0,0,0,0,0,0
17:02:37,46.9,55.6,49.6,56.5,47.7,57.0,48.1,56.1,48.4,57.4,50.4,57.0,45.1,57.4,49.8,57.4,0,0,0,0,1,0,0,1,0,0,0,0,0,0,0,0,0,0,0
17:03:01,45.9,55.6,49.6,56.5,47.5,57.0,48.1,56.5,47.9,57.0,50.4,57.0,45.1,57.4,49.8,57.4,0,0,0,0,1,0,0,1,0,0,0,0,0,0,0,0,0,0,0
17:03:05,45.9,55.6,49.6,56.5,47.5,57.0,48.1,56.5,47.9,57.0,50.4,57.0,45.1,57.4,49.8,57.4,0,0,0,0,1,0,0,0,0,0,0,0,0,0,0,0,0,0,0
17:03:11,45.9,55.6,49.6,56.5,47.5,57.0,47.9,56.1,47.9,57.4,50.2,57.0,45.1,57.0,50.0,57.4,0,0,0,0,1,0,0,0,0,0,0,0,0,0,0,0,0,0,0
17:03:12,45.9,55.6,49.6,56.5,47.5,57.0,47.9,56.1,47.9,57.4,50.2,57.0,45.1,57.0,50.0,57.4,0,0,0,0,0,0,0,0,0,0,0,0,0,0,0,0,0,0,0
17:03:16,46.3,55.6,49.2,56.5,47.5,57.0,48.1,56.5,47.9,57.4,50.4,57.0,45.1,57.0,50.0,57.4,0,0,0,0,0,0,0,0,0,0,0,0,0,0,0,0,0,0,0
